dcosId,z_sch,z_reg,hourly_scheduled_price,hourly_regular_price,start_time,charging_revenue,TOU_cost,energy_delivered,power_profile
3854,22.5,30,77.1,198.0,2023-01-02 10:21:06,1464.9,1122.2,16.3,"[ 3.61  2.69  2.69  2.69  2.69  2.69  2.69  2.69  2.69  2.69  2.69  2.69
  2.69  2.69  2.69  5.95  5.95  5.95  5.95 -0.   -0.   -0.   -0.   -0.
 -0.   -0.   -0.   -0.   -0.   -0.   -0.   -0.   -0.   -0.   -0.   -0.
 -0.   -0.   -0.   -0.   -0.   -0.   -0.   -0.   -0.   -0.   -0.   -0.
 -0.   -0.   -0.   -0.   -0.   -0.   -0.   -0.   -0.   -0.   -0.   -0.
 -0.   -0.   -0.   -0.   -0.   -0.   -0.   -0.   -0.   -0.   -0.   -0.
 -0.   -0.   -0.   -0.   -0.   -0.   -0.   -0.   -0.   -0.   -0.   -0.
 -0.   -0.   -0.   -0.   -0.   -0.   -0.   -0.   -0.   -0.   -0.   -0.  ]"
3855,15.0,30,48.83,198.0,2023-01-02 10:31:41,683.6,750.4,11.4,"[ 3.26  3.26  3.26  3.26  3.26  3.26  3.26  3.26  3.26  3.26  3.26  3.26
  3.26  3.26 -0.   -0.   -0.   -0.   -0.   -0.   -0.   -0.   -0.   -0.
 -0.   -0.   -0.   -0.   -0.   -0.   -0.   -0.   -0.   -0.   -0.   -0.
 -0.   -0.   -0.   -0.   -0.   -0.   -0.   -0.   -0.   -0.   -0.   -0.
 -0.   -0.   -0.   -0.   -0.   -0.   -0.   -0.   -0.   -0.   -0.   -0.
 -0.   -0.   -0.   -0.   -0.   -0.   -0.   -0.   -0.   -0.   -0.   -0.
 -0.   -0.   -0.   -0.   -0.   -0.   -0.   -0.   -0.   -0.   -0.   -0.
 -0.   -0.   -0.   -0.   -0.   -0.   -0.   -0.   -0.   -0.   -0.   -0.  ]"
3856,17.5,30,59.75,198.0,2023-01-02 10:39:57,1075.5,1041.0,15.4,"[3.41 3.41 3.41 3.41 3.41 3.41 3.41 3.41 3.41 3.41 3.41 3.41 3.41 3.41
 3.41 3.41 3.41 3.41 0.   0.   0.   0.   0.   0.   0.   0.   0.   0.
 0.   0.   0.   0.   0.   0.   0.   0.   0.   0.   0.   0.   0.   0.
 0.   0.   0.   0.   0.   0.   0.   0.   0.   0.   0.   0.   0.   0.
 0.   0.   0.   0.   0.   0.   0.   0.   0.   0.   0.   0.   0.   0.
 0.   0.   0.   0.   0.   0.   0.   0.   0.   0.   0.   0.   0.   0.
 0.   0.   0.   0.   0.   0.   0.   0.   0.   0.   0.   0.  ]"
3858,27.5,30,35.17,198.0,2023-01-03 06:20:28,281.3,190.3,2.6,"[ 1.28  1.28  1.28  1.28  1.28  1.28  1.28  1.28 -0.   -0.   -0.   -0.
 -0.   -0.   -0.   -0.   -0.   -0.   -0.   -0.   -0.   -0.   -0.   -0.
 -0.   -0.   -0.   -0.   -0.   -0.   -0.   -0.   -0.   -0.   -0.   -0.
 -0.   -0.   -0.   -0.   -0.   -0.   -0.   -0.   -0.   -0.   -0.   -0.
 -0.   -0.   -0.   -0.   -0.   -0.   -0.   -0.   -0.   -0.   -0.   -0.
 -0.   -0.   -0.   -0.   -0.   -0.   -0.   -0.   -0.   -0.   -0.   -0.
 -0.   -0.   -0.   -0.   -0.   -0.   -0.   -0.   -0.   -0.   -0.   -0.
 -0.   -0.   -0.   -0.   -0.   -0.   -0.   -0.   -0.   -0.   -0.   -0.  ]"
3859,27.5,30,93.22,198.0,2023-01-03 08:56:37,2703.5,1761.2,24.6,"[5.16 5.16 5.16 5.16 5.16 3.01 3.01 3.01 3.01 3.01 3.01 3.01 3.01 2.73
 2.73 2.73 2.73 2.73 2.73 2.73 2.73 2.73 2.73 2.73 2.73 2.73 4.29 4.29
 4.29 0.   0.   0.   0.   0.   0.   0.   0.   0.   0.   0.   0.   0.
 0.   0.   0.   0.   0.   0.   0.   0.   0.   0.   0.   0.   0.   0.
 0.   0.   0.   0.   0.   0.   0.   0.   0.   0.   0.   0.   0.   0.
 0.   0.   0.   0.   0.   0.   0.   0.   0.   0.   0.   0.   0.   0.
 0.   0.   0.   0.   0.   0.   0.   0.   0.   0.   0.   0.  ]"
3860,27.5,30,87.38,198.0,2023-01-03 10:14:40,1834.9,1117.9,16.7,"[ 4.77  4.77  4.77  4.77  4.77  4.77  4.77  4.77  2.2   2.2   2.2   2.2
  2.2   2.2   2.2   2.2   2.2   2.2   2.2   2.2   2.2  -0.   -0.    0.
 -0.   -0.   -0.   -0.   -0.   -0.   -0.   -0.   -0.   -0.   -0.   -0.
 -0.   -0.   -0.   -0.   -0.   -0.   -0.   -0.   -0.   -0.   -0.   -0.
 -0.   -0.   -0.   -0.   -0.   -0.   -0.   -0.   -0.   -0.   -0.   -0.
 -0.   -0.   -0.   -0.   -0.   -0.   -0.   -0.   -0.   -0.   -0.   -0.
 -0.   -0.   -0.   -0.   -0.   -0.   -0.   -0.   -0.   -0.   -0.   -0.
 -0.   -0.   -0.   -0.   -0.   -0.   -0.   -0.   -0.   -0.   -0.   -0.  ]"
3861,17.5,30,56.55,198.0,2023-01-03 12:06:44,1300.5,1667.3,18.6,"[ 4.43  4.43  4.43  4.43  4.43  4.43  4.43  4.43  4.43  4.43  4.43  4.43
  4.43 -0.   -0.    0.    2.39  2.39  2.39  2.39  2.39  2.39  2.39  0.
  0.    0.    0.    0.    0.    0.    0.    0.    0.    0.    0.    0.
  0.    0.    0.    0.    0.    0.    0.    0.    0.    0.    0.    0.
  0.    0.    0.    0.    0.    0.    0.    0.    0.    0.    0.    0.
  0.    0.    0.    0.    0.    0.    0.    0.    0.    0.    0.    0.
  0.    0.    0.    0.    0.    0.    0.    0.    0.    0.    0.    0.
  0.    0.    0.    0.    0.    0.    0.    0.    0.    0.    0.    0.  ]"
3862,15.0,30,46.39,198.0,2023-01-03 15:24:24,510.3,1141.4,8.5,"[5.07 5.07 0.89 2.56 2.56 2.56 2.56 2.56 2.56 2.56 5.03 0.   0.   0.
 0.   0.   0.   0.   0.   0.   0.   0.   0.   0.   0.   0.   0.   0.
 0.   0.   0.   0.   0.   0.   0.   0.   0.   0.   0.   0.   0.   0.
 0.   0.   0.   0.   0.   0.   0.   0.   0.   0.   0.   0.   0.   0.
 0.   0.   0.   0.   0.   0.   0.   0.   0.   0.   0.   0.   0.   0.
 0.   0.   0.   0.   0.   0.   0.   0.   0.   0.   0.   0.   0.   0.
 0.   0.   0.   0.   0.   0.   0.   0.   0.   0.   0.   0.  ]"
3863,27.5,30,47.09,198.0,2023-01-04 06:22:36,282.5,191.1,2.6,"[ 1.71  1.71  1.71  1.71  1.71  1.71 -0.   -0.   -0.   -0.   -0.   -0.
 -0.   -0.   -0.   -0.   -0.   -0.   -0.   -0.   -0.   -0.   -0.   -0.
 -0.   -0.   -0.   -0.   -0.   -0.   -0.   -0.   -0.   -0.   -0.   -0.
 -0.   -0.   -0.   -0.   -0.   -0.   -0.   -0.   -0.   -0.   -0.   -0.
 -0.   -0.   -0.   -0.   -0.   -0.   -0.   -0.   -0.   -0.   -0.   -0.
 -0.   -0.   -0.   -0.   -0.   -0.   -0.   -0.   -0.   -0.   -0.   -0.
 -0.   -0.   -0.   -0.   -0.   -0.   -0.   -0.   -0.   -0.   -0.   -0.
 -0.   -0.   -0.   -0.   -0.   -0.   -0.   -0.   -0.   -0.   -0.   -0.  ]"
3864,27.5,30,181.5,198.0,2023-01-04 07:48:17,6534.0,4678.1,59.4,"[ 6.6  6.6  6.6  6.6  6.6  6.6  6.6  6.6  6.6  6.6  6.6  6.6  6.6  6.6
  6.6  6.6  6.6  6.6  6.6  6.6  6.6  6.6  6.6  6.6  6.6  6.6  6.6  6.6
  6.6  6.6  6.6  6.6  6.6  6.6  6.6  6.6 -0.  -0.  -0.  -0.  -0.  -0.
 -0.  -0.  -0.  -0.  -0.  -0.  -0.  -0.  -0.  -0.  -0.  -0.  -0.  -0.
 -0.  -0.  -0.  -0.  -0.  -0.  -0.  -0.  -0.  -0.  -0.  -0.  -0.  -0.
 -0.  -0.  -0.  -0.  -0.  -0.  -0.  -0.  -0.  -0.  -0.  -0.  -0.  -0.
 -0.  -0.  -0.  -0.  -0.  -0.  -0.  -0.  -0.  -0.  -0.  -0. ]"
3865,10.0,30,16.73,198.0,2023-01-04 08:26:36,267.7,436.4,6.7,"[-0.   -0.    1.91  1.91  1.91  1.91  1.91  1.91  1.91  1.91  1.91  1.91
  1.91  1.91  1.91  1.91 -0.   -0.   -0.   -0.   -0.   -0.   -0.   -0.
 -0.   -0.   -0.   -0.   -0.   -0.   -0.   -0.   -0.   -0.    0.    0.
  0.    0.    0.    0.    0.    0.    0.    0.    0.    0.    0.    0.
  0.    0.    0.    0.    0.    0.    0.    0.    0.    0.    0.    0.
  0.    0.    0.    0.    0.    0.    0.    0.    0.    0.    0.    0.
  0.    0.    0.    0.    0.    0.    0.    0.    0.    0.    0.    0.
  0.    0.    0.    0.    0.    0.    0.    0.    0.    0.    0.    0.  ]"
3866,10.0,30,29.81,198.0,2023-01-04 08:59:28,476.9,777.3,11.9,"[ 2.74  2.74  2.74  2.74  2.74  2.74  2.74  2.74  2.74  2.74  2.74  2.74
  2.74  2.74  4.65  4.65 -0.   -0.   -0.   -0.   -0.   -0.   -0.   -0.
 -0.   -0.   -0.   -0.   -0.   -0.   -0.   -0.   -0.   -0.   -0.   -0.
 -0.   -0.   -0.   -0.   -0.   -0.   -0.   -0.   -0.   -0.   -0.   -0.
 -0.   -0.   -0.   -0.   -0.   -0.   -0.   -0.   -0.   -0.   -0.   -0.
 -0.   -0.   -0.   -0.   -0.   -0.   -0.   -0.   -0.   -0.   -0.   -0.
 -0.   -0.   -0.   -0.   -0.   -0.   -0.   -0.   -0.   -0.   -0.   -0.
 -0.   -0.   -0.   -0.   -0.   -0.   -0.   -0.   -0.   -0.   -0.   -0.  ]"
3868,15.0,30,48.97,198.0,2023-01-04 12:32:15,783.5,918.0,13.1,"[ 4.65  4.65  4.65  4.65  4.65  3.62  3.62  3.62  3.62  3.62  3.62  3.62
  3.62 -0.   -0.   -0.    0.   -0.   -0.   -0.   -0.   -0.   -0.   -0.
 -0.   -0.   -0.   -0.   -0.   -0.   -0.   -0.   -0.   -0.   -0.   -0.
 -0.   -0.   -0.   -0.   -0.   -0.   -0.   -0.   -0.   -0.   -0.   -0.
 -0.   -0.   -0.   -0.   -0.   -0.   -0.   -0.   -0.   -0.   -0.   -0.
 -0.   -0.   -0.   -0.   -0.   -0.   -0.   -0.   -0.   -0.   -0.   -0.
 -0.   -0.   -0.   -0.   -0.   -0.   -0.   -0.   -0.   -0.   -0.   -0.
 -0.   -0.   -0.   -0.   -0.   -0.   -0.   -0.   -0.   -0.   -0.   -0.  ]"
3869,27.5,30,138.29,198.0,2023-01-05 06:19:10,968.0,654.7,8.8,"[5.03 5.03 5.03 5.03 5.03 5.03 5.03 0.   0.   0.   0.   0.   0.   0.
 0.   0.   0.   0.   0.   0.   0.   0.   0.   0.   0.   0.   0.   0.
 0.   0.   0.   0.   0.   0.   0.   0.   0.   0.   0.   0.   0.   0.
 0.   0.   0.   0.   0.   0.   0.   0.   0.   0.   0.   0.   0.   0.
 0.   0.   0.   0.   0.   0.   0.   0.   0.   0.   0.   0.   0.   0.
 0.   0.   0.   0.   0.   0.   0.   0.   0.   0.   0.   0.   0.   0.
 0.   0.   0.   0.   0.   0.   0.   0.   0.   0.   0.   0.  ]"
3870,27.5,30,45.12,198.0,2023-01-05 07:39:15,1579.2,942.6,14.4,"[-0.   -0.   -0.   -0.   -0.    2.87  2.71  2.71  2.71  2.71  2.71  2.71
  2.71  2.71  2.71  2.71  2.71  2.71  2.71  2.71  2.76  2.76  2.76  2.76
  2.76 -0.   -0.   -0.   -0.   -0.    0.96  0.96  0.96 -0.   -0.    0.
  0.    0.    0.    0.    0.    0.    0.    0.    0.    0.    0.    0.
  0.    0.    0.    0.    0.    0.    0.    0.    0.    0.    0.    0.
  0.    0.    0.    0.    0.    0.    0.    0.    0.    0.    0.    0.
  0.    0.    0.    0.    0.    0.    0.    0.    0.    0.    0.    0.
  0.    0.    0.    0.    0.    0.    0.    0.    0.    0.    0.    0.  ]"
3871,27.5,30,90.3,198.0,2023-01-05 09:03:50,1264.2,749.3,11.5,"[ 3.28  3.28  3.28  3.28  3.28  3.28  3.28  3.28  3.28  3.28  3.28  3.28
  3.28  3.28  0.    0.    0.    0.    0.   -0.   -0.   -0.   -0.   -0.
 -0.   -0.   -0.   -0.   -0.    0.    0.    0.    0.    0.    0.    0.
  0.    0.    0.    0.    0.    0.    0.    0.    0.    0.    0.    0.
  0.    0.    0.    0.    0.    0.    0.    0.    0.    0.    0.    0.
  0.    0.    0.    0.    0.    0.    0.    0.    0.    0.    0.    0.
  0.    0.    0.    0.    0.    0.    0.    0.    0.    0.    0.    0.
  0.    0.    0.    0.    0.    0.    0.    0.    0.    0.    0.    0.  ]"
3872,27.5,30,92.58,198.0,2023-01-05 15:06:51,1018.4,1055.8,9.3,"[6.6  6.6  6.6  1.88 1.88 2.25 2.25 2.25 2.25 2.25 2.25 0.   0.   0.
 0.   0.   0.   0.   0.   0.   0.   0.   0.   0.   0.   0.   0.   0.
 0.   0.   0.   0.   0.   0.   0.   0.   0.   0.   0.   0.   0.   0.
 0.   0.   0.   0.   0.   0.   0.   0.   0.   0.   0.   0.   0.   0.
 0.   0.   0.   0.   0.   0.   0.   0.   0.   0.   0.   0.   0.   0.
 0.   0.   0.   0.   0.   0.   0.   0.   0.   0.   0.   0.   0.   0.
 0.   0.   0.   0.   0.   0.   0.   0.   0.   0.   0.   0.  ]"
3873,27.5,30,110.06,198.0,2023-01-06 07:39:24,3851.9,2719.7,35.0,"[3.86 3.86 3.86 2.25 2.25 2.25 3.32 3.43 3.43 3.27 3.27 3.27 3.43 3.43
 3.43 3.43 3.43 4.13 4.13 4.13 4.13 4.13 4.13 4.16 4.16 4.17 4.17 4.17
 4.87 4.87 4.87 4.87 6.28 6.6  6.6  0.   0.   0.   0.   0.   0.   0.
 0.   0.   0.   0.   0.   0.   0.   0.   0.   0.   0.   0.   0.   0.
 0.   0.   0.   0.   0.   0.   0.   0.   0.   0.   0.   0.   0.   0.
 0.   0.   0.   0.   0.   0.   0.   0.   0.   0.   0.   0.   0.   0.
 0.   0.   0.   0.   0.   0.   0.   0.   0.   0.   0.   0.  ]"
3874,27.5,30,80.85,198.0,2023-01-06 07:40:46,1374.5,832.3,12.5,"[-0.   -0.   -0.    3.82  3.82  3.82  3.47  3.51  3.51  3.5   3.5   3.5
  3.5   3.5   3.5   3.5   3.5  -0.   -0.   -0.   -0.   -0.   -0.   -0.
 -0.   -0.   -0.   -0.   -0.   -0.   -0.   -0.   -0.    0.    0.   -0.
 -0.   -0.   -0.   -0.   -0.   -0.   -0.   -0.   -0.   -0.   -0.   -0.
 -0.   -0.   -0.   -0.   -0.   -0.   -0.   -0.   -0.   -0.   -0.   -0.
 -0.   -0.   -0.   -0.   -0.   -0.   -0.   -0.   -0.   -0.   -0.   -0.
 -0.   -0.   -0.   -0.   -0.   -0.   -0.   -0.   -0.   -0.   -0.   -0.
 -0.   -0.   -0.   -0.   -0.   -0.   -0.   -0.   -0.   -0.   -0.   -0.  ]"
3875,20.0,30,39.81,198.0,2023-01-06 08:21:48,1273.9,1399.6,15.9,"[-0.   -0.    3.27  0.86  1.08  1.08  0.87  0.87  0.87  1.09  1.09  1.09
  1.09  1.09  1.79  1.79  1.79  1.79  1.79  1.79  1.88  1.88  1.82  1.82
  1.82  2.53  2.53  2.53  2.53  6.11  6.6   6.6   0.    0.    0.    0.
  0.    0.    0.    0.    0.    0.    0.    0.    0.    0.    0.    0.
  0.    0.    0.    0.    0.    0.    0.    0.    0.    0.    0.    0.
  0.    0.    0.    0.    0.    0.    0.    0.    0.    0.    0.    0.
  0.    0.    0.    0.    0.    0.    0.    0.    0.    0.    0.    0.
  0.    0.    0.    0.    0.    0.    0.    0.    0.    0.    0.    0.  ]"
3876,15.0,30,49.63,198.0,2023-01-06 09:05:02,1290.3,1465.0,21.5,"[ 3.6   2.59  2.59  2.6   2.6   2.6   2.81  2.81  2.81  2.81  2.81  3.51
  3.51  3.51  3.51  3.51  3.51  3.5   3.5   3.51  3.51  3.51  4.21  4.21
  4.21  4.21 -0.   -0.   -0.   -0.   -0.   -0.   -0.   -0.   -0.   -0.
 -0.   -0.   -0.   -0.   -0.   -0.   -0.   -0.   -0.   -0.   -0.   -0.
 -0.   -0.   -0.   -0.   -0.   -0.   -0.   -0.   -0.   -0.   -0.   -0.
 -0.   -0.   -0.   -0.   -0.   -0.   -0.   -0.   -0.   -0.   -0.   -0.
 -0.   -0.   -0.   -0.   -0.   -0.   -0.   -0.   -0.   -0.   -0.   -0.
 -0.   -0.   -0.   -0.   -0.   -0.   -0.   -0.   -0.   -0.   -0.   -0.  ]"
3877,20.0,30,66.6,198.0,2023-01-06 09:17:37,1398.5,1164.0,17.5,"[3.5  3.5  2.81 2.81 2.81 2.98 2.98 2.98 2.98 2.98 3.68 3.68 3.68 3.68
 3.68 3.68 3.5  3.5  3.51 3.51 3.51 0.   0.   0.   0.   0.   0.   0.
 0.   0.   0.   0.   0.   0.   0.   0.   0.   0.   0.   0.   0.   0.
 0.   0.   0.   0.   0.   0.   0.   0.   0.   0.   0.   0.   0.   0.
 0.   0.   0.   0.   0.   0.   0.   0.   0.   0.   0.   0.   0.   0.
 0.   0.   0.   0.   0.   0.   0.   0.   0.   0.   0.   0.   0.   0.
 0.   0.   0.   0.   0.   0.   0.   0.   0.   0.   0.   0.  ]"
3878,20.0,30,69.69,198.0,2023-01-06 09:52:23,1602.9,1370.2,20.0,"[ 3.63  3.63  3.63  2.74  2.74  2.74  2.74  2.74  3.44  3.44  3.44  3.44
  3.44  3.44  3.55  3.55  3.56  3.56  3.56  4.27  4.27  4.27  4.27 -0.
  0.    0.   -0.   -0.   -0.   -0.   -0.   -0.   -0.   -0.   -0.   -0.
 -0.   -0.   -0.   -0.   -0.   -0.   -0.   -0.   -0.   -0.   -0.   -0.
 -0.   -0.   -0.   -0.   -0.   -0.   -0.   -0.   -0.   -0.   -0.   -0.
 -0.   -0.   -0.   -0.   -0.   -0.   -0.   -0.   -0.   -0.   -0.   -0.
 -0.   -0.   -0.   -0.   -0.   -0.   -0.   -0.   -0.   -0.   -0.   -0.
 -0.   -0.   -0.   -0.   -0.   -0.   -0.   -0.   -0.   -0.   -0.   -0.  ]"
3879,15.0,30,39.3,198.0,2023-01-06 10:39:35,825.2,949.0,13.8,"[ 2.58  2.58  2.58  2.58  2.58  2.58  2.58  2.58  2.58  2.58  2.58  1.95
  1.95  1.96  1.96  1.96  2.66  2.66  2.66  2.66  6.14 -0.   -0.    0.
  0.    0.    0.    0.    0.    0.    0.    0.    0.    0.    0.    0.
  0.    0.    0.    0.    0.    0.    0.    0.    0.    0.    0.    0.
  0.    0.    0.    0.    0.    0.    0.    0.    0.    0.    0.    0.
  0.    0.    0.    0.    0.    0.    0.    0.    0.    0.    0.    0.
  0.    0.    0.    0.    0.    0.    0.    0.    0.    0.    0.    0.
  0.    0.    0.    0.    0.    0.    0.    0.    0.    0.    0.    0.  ]"
3880,10.0,30,23.74,198.0,2023-01-06 13:29:11,308.7,985.1,7.7,"[1.13 1.13 1.13 1.13 1.13 1.13 1.13 1.13 1.13 1.13 6.47 6.47 6.6  0.
 0.   0.   0.   0.   0.   0.   0.   0.   0.   0.   0.   0.   0.   0.
 0.   0.   0.   0.   0.   0.   0.   0.   0.   0.   0.   0.   0.   0.
 0.   0.   0.   0.   0.   0.   0.   0.   0.   0.   0.   0.   0.   0.
 0.   0.   0.   0.   0.   0.   0.   0.   0.   0.   0.   0.   0.   0.
 0.   0.   0.   0.   0.   0.   0.   0.   0.   0.   0.   0.   0.   0.
 0.   0.   0.   0.   0.   0.   0.   0.   0.   0.   0.   0.  ]"
3881,27.5,30,103.71,198.0,2023-01-06 18:50:49,1348.3,1253.3,12.3,"[2.  2.  2.  2.  2.  2.  2.  2.  6.6 6.6 6.6 6.6 6.6 0.  0.  0.  0.  0.
 0.  0.  0.  0.  0.  0.  0.  0.  0.  0.  0.  0.  0.  0.  0.  0.  0.  0.
 0.  0.  0.  0.  0.  0.  0.  0.  0.  0.  0.  0.  0.  0.  0.  0.  0.  0.
 0.  0.  0.  0.  0.  0.  0.  0.  0.  0.  0.  0.  0.  0.  0.  0.  0.  0.
 0.  0.  0.  0.  0.  0.  0.  0.  0.  0.  0.  0.  0.  0.  0.  0.  0.  0.
 0.  0.  0.  0.  0.  0. ]"
3882,27.5,30,181.5,198.0,2023-01-07 07:59:07,3267.0,1997.2,29.7,"[ 6.6  6.6  6.6  6.6  6.6  6.6  6.6  6.6  6.6  6.6  6.6  6.6  6.6  6.6
  6.6  6.6  6.6  6.6 -0.  -0.  -0.  -0.  -0.  -0.  -0.  -0.  -0.  -0.
 -0.  -0.  -0.  -0.  -0.  -0.  -0.  -0.  -0.  -0.  -0.  -0.  -0.  -0.
 -0.  -0.  -0.  -0.  -0.  -0.  -0.  -0.  -0.  -0.  -0.  -0.  -0.  -0.
 -0.  -0.  -0.  -0.  -0.  -0.  -0.  -0.  -0.  -0.  -0.  -0.  -0.  -0.
 -0.  -0.  -0.  -0.  -0.  -0.  -0.  -0.  -0.  -0.  -0.  -0.  -0.  -0.
 -0.  -0.  -0.  -0.  -0.  -0.  -0.  -0.  -0.  -0.  -0.  -0. ]"
3884,27.5,30,116.68,198.0,2023-01-07 17:04:27,1400.2,2031.5,12.7,"[4.24 4.24 4.24 4.24 4.24 4.24 4.24 4.24 4.24 4.24 4.24 4.24 0.   0.
 0.   0.   0.   0.   0.   0.   0.   0.   0.   0.   0.   0.   0.   0.
 0.   0.   0.   0.   0.   0.   0.   0.   0.   0.   0.   0.   0.   0.
 0.   0.   0.   0.   0.   0.   0.   0.   0.   0.   0.   0.   0.   0.
 0.   0.   0.   0.   0.   0.   0.   0.   0.   0.   0.   0.   0.   0.
 0.   0.   0.   0.   0.   0.   0.   0.   0.   0.   0.   0.   0.   0.
 0.   0.   0.   0.   0.   0.   0.   0.   0.   0.   0.   0.  ]"
3885,27.5,30,30.62,198.0,2023-01-07 23:27:35,183.7,124.3,1.7,"[ 1.11  1.11  1.11  1.11  1.11  1.11 -0.   -0.   -0.   -0.   -0.   -0.
 -0.   -0.   -0.   -0.   -0.   -0.   -0.   -0.   -0.   -0.   -0.   -0.
 -0.   -0.   -0.   -0.   -0.   -0.   -0.   -0.   -0.   -0.   -0.   -0.
 -0.   -0.   -0.   -0.   -0.   -0.   -0.   -0.   -0.   -0.   -0.   -0.
 -0.   -0.   -0.   -0.   -0.   -0.   -0.   -0.   -0.   -0.   -0.   -0.
 -0.   -0.   -0.   -0.   -0.   -0.   -0.   -0.   -0.   -0.   -0.   -0.
 -0.   -0.   -0.   -0.   -0.   -0.   -0.   -0.   -0.   -0.   -0.   -0.
 -0.   -0.   -0.   -0.   -0.   -0.   -0.   -0.   -0.   -0.   -0.   -0.  ]"
3886,27.5,30,90.63,198.0,2023-01-08 10:06:59,2084.5,1235.5,18.9,"[ 5.05  5.05  5.05  5.05  5.05  5.05  5.05  5.05  5.05  5.05  5.05  5.05
  5.05  5.05  5.05 -0.   -0.   -0.    0.    0.    0.    0.    0.    0.
  0.    0.    0.    0.    0.    0.    0.    0.    0.    0.    0.    0.
  0.    0.    0.    0.    0.    0.    0.    0.    0.    0.    0.    0.
  0.    0.    0.    0.    0.    0.    0.    0.    0.    0.    0.    0.
  0.    0.    0.    0.    0.    0.    0.    0.    0.    0.    0.    0.
  0.    0.    0.    0.    0.    0.    0.    0.    0.    0.    0.    0.
  0.    0.    0.    0.    0.    0.    0.    0.    0.    0.    0.    0.  ]"
3888,27.5,30,90.27,198.0,2023-01-08 14:44:52,1354.1,1261.7,12.3,"[6.6  6.6  6.6  6.6  6.6  1.62 1.62 1.62 1.62 1.62 1.62 1.62 1.62 1.62
 1.62 0.   0.   0.   0.   0.   0.   0.   0.   0.   0.   0.   0.   0.
 0.   0.   0.   0.   0.   0.   0.   0.   0.   0.   0.   0.   0.   0.
 0.   0.   0.   0.   0.   0.   0.   0.   0.   0.   0.   0.   0.   0.
 0.   0.   0.   0.   0.   0.   0.   0.   0.   0.   0.   0.   0.   0.
 0.   0.   0.   0.   0.   0.   0.   0.   0.   0.   0.   0.   0.   0.
 0.   0.   0.   0.   0.   0.   0.   0.   0.   0.   0.   0.  ]"
3891,27.5,30,105.88,198.0,2023-01-09 06:50:35,847.0,572.9,7.7,"[4.4  4.4  4.4  4.4  4.4  2.93 2.93 2.93 0.   0.   0.   0.   0.   0.
 0.   0.   0.   0.   0.   0.   0.   0.   0.   0.   0.   0.   0.   0.
 0.   0.   0.   0.   0.   0.   0.   0.   0.   0.   0.   0.   0.   0.
 0.   0.   0.   0.   0.   0.   0.   0.   0.   0.   0.   0.   0.   0.
 0.   0.   0.   0.   0.   0.   0.   0.   0.   0.   0.   0.   0.   0.
 0.   0.   0.   0.   0.   0.   0.   0.   0.   0.   0.   0.   0.   0.
 0.   0.   0.   0.   0.   0.   0.   0.   0.   0.   0.   0.  ]"
3892,27.5,30,181.5,198.0,2023-01-09 08:06:24,6715.5,5082.0,61.1,"[6.6 6.6 6.6 6.6 6.6 6.6 6.6 6.6 6.6 6.6 6.6 6.6 6.6 6.6 6.6 6.6 6.6 6.6
 6.6 6.6 6.6 6.6 6.6 6.6 6.6 6.6 6.6 6.6 6.6 6.6 6.6 6.6 6.6 6.6 6.6 6.6
 6.6 0.  0.  0.  0.  0.  0.  0.  0.  0.  0.  0.  0.  0.  0.  0.  0.  0.
 0.  0.  0.  0.  0.  0.  0.  0.  0.  0.  0.  0.  0.  0.  0.  0.  0.  0.
 0.  0.  0.  0.  0.  0.  0.  0.  0.  0.  0.  0.  0.  0.  0.  0.  0.  0.
 0.  0.  0.  0.  0.  0. ]"
3893,27.5,30,97.25,198.0,2023-01-09 08:26:50,2820.4,1730.9,25.6,"[ 0.    0.    5.31  4.1   4.1   4.1   4.1   4.1   4.1   3.61  3.63  3.63
  3.63  3.63  3.63  3.63  3.63  3.63  3.56  3.56  3.56  3.56  3.67  3.67
  3.67  3.67  3.67  3.67  3.67 -0.   -0.   -0.   -0.   -0.   -0.   -0.
 -0.   -0.   -0.   -0.   -0.   -0.   -0.   -0.   -0.   -0.   -0.   -0.
 -0.   -0.   -0.   -0.   -0.   -0.   -0.   -0.   -0.   -0.   -0.   -0.
 -0.   -0.   -0.   -0.   -0.   -0.   -0.   -0.   -0.   -0.   -0.   -0.
 -0.   -0.   -0.   -0.   -0.   -0.   -0.   -0.   -0.   -0.   -0.   -0.
 -0.   -0.   -0.   -0.   -0.   -0.   -0.   -0.   -0.   -0.   -0.   -0.  ]"
3894,27.5,30,48.81,198.0,2023-01-09 09:03:51,1561.8,1478.0,14.2,"[ 2.36  2.36  2.36  2.36  2.36  2.36  0.84  0.81  0.81  0.81  0.81  0.81
  0.81  0.81  0.81  1.27  1.27  1.27  1.27  0.84  0.84  0.84  0.84  0.84
  0.84  0.84  1.73  2.92  2.92  5.67  5.58  5.58 -0.   -0.   -0.   -0.
 -0.   -0.   -0.   -0.   -0.   -0.   -0.   -0.   -0.   -0.   -0.   -0.
 -0.   -0.   -0.   -0.   -0.   -0.   -0.   -0.   -0.   -0.   -0.   -0.
 -0.   -0.   -0.   -0.   -0.   -0.   -0.   -0.   -0.   -0.   -0.   -0.
 -0.   -0.   -0.   -0.   -0.   -0.   -0.   -0.   -0.   -0.   -0.   -0.
 -0.   -0.   -0.   -0.   -0.   -0.   -0.   -0.   -0.   -0.   -0.   -0.  ]"
3895,27.5,30,77.06,198.0,2023-01-09 09:14:08,2311.9,1684.5,21.0,"[ 4.54  4.54  4.54  4.54  4.54  4.54  2.02  2.12  2.12  2.12  2.12  2.12
  2.12  2.12  2.12  2.    2.    2.    2.    2.12  2.12  2.12  2.12  2.12
  2.12  2.12  3.52  3.56  3.56  4.41  0.    0.   -0.   -0.   -0.   -0.
 -0.   -0.   -0.   -0.   -0.   -0.   -0.   -0.   -0.   -0.   -0.   -0.
 -0.   -0.   -0.   -0.   -0.   -0.   -0.   -0.   -0.   -0.   -0.   -0.
 -0.   -0.   -0.   -0.   -0.   -0.   -0.   -0.   -0.   -0.   -0.   -0.
 -0.   -0.   -0.   -0.   -0.   -0.   -0.   -0.   -0.   -0.   -0.   -0.
 -0.   -0.   -0.   -0.   -0.   -0.   -0.   -0.   -0.   -0.   -0.   -0.  ]"
3896,27.5,30,93.82,198.0,2023-01-09 10:34:34,2158.0,1504.5,19.6,"[ 6.27  3.07  3.07  3.07  3.07  3.07  3.07  3.07  3.07  3.2   3.2   3.2
  3.2   3.32  3.32  3.32  3.32  3.32  3.32  3.32  4.72  3.41  3.41 -0.
 -0.   -0.   -0.    0.    0.    0.    0.    0.    0.    0.    0.    0.
  0.    0.    0.    0.    0.    0.    0.    0.    0.    0.    0.    0.
  0.    0.    0.    0.    0.    0.    0.    0.    0.    0.    0.    0.
  0.    0.    0.    0.    0.    0.    0.    0.    0.    0.    0.    0.
  0.    0.    0.    0.    0.    0.    0.    0.    0.    0.    0.    0.
  0.    0.    0.    0.    0.    0.    0.    0.    0.    0.    0.    0.  ]"
3897,20.0,30,65.91,198.0,2023-01-09 10:54:15,2241.1,3519.6,28.0,"[ 3.44  3.44  3.44  3.44  3.44  3.44  3.44  3.44  1.1   1.1   1.1   1.1
  1.17  1.17  1.17  1.17  1.17  1.17  1.17  1.14  1.24  1.24  1.04  5.54
  5.54  6.25  6.25  6.25  6.25  6.25  6.25  6.25  6.25  6.25 -0.   -0.
 -0.   -0.   -0.   -0.   -0.   -0.   -0.   -0.   -0.   -0.   -0.   -0.
 -0.   -0.   -0.   -0.   -0.   -0.   -0.   -0.   -0.   -0.   -0.   -0.
 -0.   -0.   -0.   -0.   -0.   -0.   -0.   -0.   -0.   -0.   -0.   -0.
 -0.   -0.   -0.   -0.   -0.   -0.   -0.   -0.   -0.   -0.   -0.   -0.
 -0.   -0.   -0.   -0.   -0.   -0.   -0.   -0.   -0.   -0.   -0.   -0.  ]"
3898,12.5,30,38.89,198.0,2023-01-09 12:47:07,700.1,1465.1,14.0,"[ 2.91  2.91  2.91  2.91  2.91  2.91  2.91  2.91  2.91  2.91  2.91  2.91
  2.91  2.91  2.91  2.91  2.91  6.6  -0.   -0.   -0.   -0.   -0.   -0.
 -0.   -0.   -0.   -0.   -0.   -0.   -0.   -0.   -0.   -0.   -0.   -0.
 -0.   -0.   -0.   -0.   -0.   -0.   -0.   -0.   -0.   -0.   -0.   -0.
 -0.   -0.   -0.   -0.   -0.   -0.   -0.   -0.   -0.   -0.   -0.   -0.
 -0.   -0.   -0.   -0.   -0.   -0.   -0.   -0.   -0.   -0.   -0.   -0.
 -0.   -0.   -0.   -0.   -0.   -0.   -0.   -0.   -0.   -0.   -0.   -0.
 -0.   -0.   -0.   -0.   -0.   -0.   -0.   -0.   -0.   -0.   -0.   -0.  ]"
3899,27.5,30,181.5,198.0,2023-01-09 17:07:42,1633.5,2370.1,14.8,"[ 6.6  6.6  6.6  6.6  6.6  6.6  6.6  6.6  6.6 -0.  -0.  -0.  -0.  -0.
 -0.  -0.  -0.  -0.  -0.  -0.  -0.  -0.  -0.  -0.  -0.  -0.  -0.  -0.
 -0.  -0.  -0.  -0.  -0.  -0.  -0.  -0.  -0.  -0.  -0.  -0.  -0.  -0.
 -0.  -0.  -0.  -0.  -0.  -0.  -0.  -0.  -0.  -0.  -0.  -0.  -0.  -0.
 -0.  -0.  -0.  -0.  -0.  -0.  -0.  -0.  -0.  -0.  -0.  -0.  -0.  -0.
 -0.  -0.  -0.  -0.  -0.  -0.  -0.  -0.  -0.  -0.  -0.  -0.  -0.  -0.
 -0.  -0.  -0.  -0.  -0.  -0.  -0.  -0.  -0.  -0.  -0.  -0. ]"
3900,27.5,30,138.29,198.0,2023-01-10 07:11:47,968.0,654.7,8.8,"[5.03 5.03 5.03 5.03 5.03 5.03 5.03 0.   0.   0.   0.   0.   0.   0.
 0.   0.   0.   0.   0.   0.   0.   0.   0.   0.   0.   0.   0.   0.
 0.   0.   0.   0.   0.   0.   0.   0.   0.   0.   0.   0.   0.   0.
 0.   0.   0.   0.   0.   0.   0.   0.   0.   0.   0.   0.   0.   0.
 0.   0.   0.   0.   0.   0.   0.   0.   0.   0.   0.   0.   0.   0.
 0.   0.   0.   0.   0.   0.   0.   0.   0.   0.   0.   0.   0.   0.
 0.   0.   0.   0.   0.   0.   0.   0.   0.   0.   0.   0.  ]"
3901,27.5,30,88.24,198.0,2023-01-10 08:56:02,970.7,575.3,8.8,"[3.49 3.49 3.1  3.15 3.15 3.15 3.15 3.15 3.15 3.15 3.15 0.   0.   0.
 0.   0.   0.   0.   0.   0.   0.   0.   0.   0.   0.   0.   0.   0.
 0.   0.   0.   0.   0.   0.   0.   0.   0.   0.   0.   0.   0.   0.
 0.   0.   0.   0.   0.   0.   0.   0.   0.   0.   0.   0.   0.   0.
 0.   0.   0.   0.   0.   0.   0.   0.   0.   0.   0.   0.   0.   0.
 0.   0.   0.   0.   0.   0.   0.   0.   0.   0.   0.   0.   0.   0.
 0.   0.   0.   0.   0.   0.   0.   0.   0.   0.   0.   0.  ]"
3902,27.5,30,82.83,198.0,2023-01-10 09:22:18,1408.2,834.7,12.8,"[1.79 1.71 1.71 1.71 1.71 1.71 1.71 1.71 1.71 4.85 4.42 4.42 4.42 4.42
 4.42 4.42 4.42 0.   0.   0.   0.   0.   0.   0.   0.   0.   0.   0.
 0.   0.   0.   0.   0.   0.   0.   0.   0.   0.   0.   0.   0.   0.
 0.   0.   0.   0.   0.   0.   0.   0.   0.   0.   0.   0.   0.   0.
 0.   0.   0.   0.   0.   0.   0.   0.   0.   0.   0.   0.   0.   0.
 0.   0.   0.   0.   0.   0.   0.   0.   0.   0.   0.   0.   0.   0.
 0.   0.   0.   0.   0.   0.   0.   0.   0.   0.   0.   0.  ]"
3903,27.5,30,80.92,198.0,2023-01-10 09:37:55,2508.4,1486.8,22.8,"[ 5.73  5.73  5.73  5.73  5.73  5.73  5.73  5.73  5.74  4.84  4.84  4.84
  4.84  4.84  4.84  4.84  5.74 -0.   -0.   -0.   -0.   -0.   -0.   -0.
 -0.   -0.   -0.   -0.   -0.   -0.   -0.    0.    0.    0.    0.    0.
  0.    0.    0.    0.    0.    0.    0.    0.    0.    0.    0.    0.
  0.    0.    0.    0.    0.    0.    0.    0.    0.    0.    0.    0.
  0.    0.    0.    0.    0.    0.    0.    0.    0.    0.    0.    0.
  0.    0.    0.    0.    0.    0.    0.    0.    0.    0.    0.    0.
  0.    0.    0.    0.    0.    0.    0.    0.    0.    0.    0.    0.  ]"
3904,27.5,30,80.02,198.0,2023-01-10 11:46:04,1680.4,1015.1,15.3,"[ 6.6   6.6   6.6   6.6   6.6   6.6   6.6   6.6   1.04  1.04  1.04  1.04
  1.04  1.04  1.04  1.04  0.    0.    0.    0.    0.   -0.    0.    0.
  0.    0.    0.    0.    0.    0.    0.    0.    0.    0.    0.    0.
  0.    0.    0.    0.    0.    0.    0.    0.    0.    0.    0.    0.
  0.    0.    0.    0.    0.    0.    0.    0.    0.    0.    0.    0.
  0.    0.    0.    0.    0.    0.    0.    0.    0.    0.    0.    0.
  0.    0.    0.    0.    0.    0.    0.    0.    0.    0.    0.    0.
  0.    0.    0.    0.    0.    0.    0.    0.    0.    0.    0.    0.  ]"
3905,27.5,30,92.55,198.0,2023-01-10 13:34:57,1850.9,1405.1,16.8,"[6.6  6.6  6.6  6.6  6.6  6.6  6.6  6.6  6.6  0.77 0.77 0.77 0.77 0.77
 0.75 0.67 0.67 0.67 0.67 0.67 0.   0.   0.   0.   0.   0.   0.   0.
 0.   0.   0.   0.   0.   0.   0.   0.   0.   0.   0.   0.   0.   0.
 0.   0.   0.   0.   0.   0.   0.   0.   0.   0.   0.   0.   0.   0.
 0.   0.   0.   0.   0.   0.   0.   0.   0.   0.   0.   0.   0.   0.
 0.   0.   0.   0.   0.   0.   0.   0.   0.   0.   0.   0.   0.   0.
 0.   0.   0.   0.   0.   0.   0.   0.   0.   0.   0.   0.  ]"
3906,27.5,30,36.49,198.0,2023-01-11 06:30:25,218.9,148.1,2.0,"[1.33 1.33 1.33 1.33 1.33 1.33 0.   0.   0.   0.   0.   0.   0.   0.
 0.   0.   0.   0.   0.   0.   0.   0.   0.   0.   0.   0.   0.   0.
 0.   0.   0.   0.   0.   0.   0.   0.   0.   0.   0.   0.   0.   0.
 0.   0.   0.   0.   0.   0.   0.   0.   0.   0.   0.   0.   0.   0.
 0.   0.   0.   0.   0.   0.   0.   0.   0.   0.   0.   0.   0.   0.
 0.   0.   0.   0.   0.   0.   0.   0.   0.   0.   0.   0.   0.   0.
 0.   0.   0.   0.   0.   0.   0.   0.   0.   0.   0.   0.  ]"
3907,27.5,30,86.98,198.0,2023-01-11 07:51:43,2435.5,1476.2,22.1,"[ 0.   -0.   -0.   -0.    3.69  3.69  3.69  4.04  4.04  3.37  3.37  3.37
  3.37  3.37  3.37  3.37  3.37  3.37  4.27  4.27  4.27  4.02  4.02  4.02
  3.55  3.55  3.55  3.55  0.    0.    0.    0.    0.    0.    0.    0.
  0.    0.    0.    0.    0.    0.    0.    0.    0.    0.    0.    0.
  0.    0.    0.    0.    0.    0.    0.    0.    0.    0.    0.    0.
  0.    0.    0.    0.    0.    0.    0.    0.    0.    0.    0.    0.
  0.    0.    0.    0.    0.    0.    0.    0.    0.    0.    0.    0.
  0.    0.    0.    0.    0.    0.    0.    0.    0.    0.    0.    0.  ]"
3908,27.5,30,92.29,198.0,2023-01-11 08:07:56,3045.5,1872.1,27.7,"[-0.   -0.   -0.    5.37  5.37  5.37  5.15  5.15  3.37  3.37  3.37  3.37
  3.37  3.37  3.37  3.37  3.37  4.27  4.27  4.27  4.03  4.03  4.03  3.55
  3.55  3.55  3.55  4.78  3.36  3.36  3.36  0.    0.   -0.   -0.   -0.
 -0.   -0.   -0.   -0.   -0.   -0.   -0.   -0.   -0.   -0.   -0.   -0.
 -0.   -0.   -0.   -0.   -0.   -0.   -0.   -0.   -0.   -0.   -0.   -0.
 -0.   -0.   -0.   -0.   -0.   -0.   -0.   -0.   -0.   -0.   -0.   -0.
 -0.   -0.   -0.   -0.   -0.   -0.   -0.   -0.   -0.   -0.   -0.   -0.
 -0.   -0.   -0.   -0.   -0.   -0.   -0.   -0.   -0.   -0.   -0.   -0.  ]"
3909,27.5,30,86.2,198.0,2023-01-11 08:16:13,1379.2,817.5,12.5,"[-0.   -0.    3.56  3.56  3.56  3.59  3.59  3.59  3.59  3.59  3.59  3.59
  3.59  3.59  3.59  3.59  0.    0.    0.    0.    0.    0.   -0.   -0.
 -0.   -0.   -0.   -0.   -0.   -0.   -0.   -0.    0.    0.    0.    0.
  0.    0.    0.    0.    0.    0.    0.    0.    0.    0.    0.    0.
  0.    0.    0.    0.    0.    0.    0.    0.    0.    0.    0.    0.
  0.    0.    0.    0.    0.    0.    0.    0.    0.    0.    0.    0.
  0.    0.    0.    0.    0.    0.    0.    0.    0.    0.    0.    0.
  0.    0.    0.    0.    0.    0.    0.    0.    0.    0.    0.    0.  ]"
3910,27.5,30,37.29,198.0,2023-01-11 08:55:47,1006.8,621.2,9.2,"[ 1.91  1.91  1.91  1.25  1.25  0.89  0.89  0.89  0.89  0.89  0.89  0.89
  0.89  0.89  1.79  1.79  1.79  1.46  1.46  1.46  0.99  0.99  0.99  0.99
  2.22  2.22  2.22 -0.   -0.   -0.    0.    0.    0.    0.    0.    0.
  0.    0.    0.    0.    0.    0.    0.    0.    0.    0.    0.    0.
  0.    0.    0.    0.    0.    0.    0.    0.    0.    0.    0.    0.
  0.    0.    0.    0.    0.    0.    0.    0.    0.    0.    0.    0.
  0.    0.    0.    0.    0.    0.    0.    0.    0.    0.    0.    0.
  0.    0.    0.    0.    0.    0.    0.    0.    0.    0.    0.    0.  ]"
3911,27.5,30,94.59,198.0,2023-01-11 09:40:30,2270.1,1403.9,20.6,"[ 5.07  5.07  2.81  2.81  2.81  2.81  2.81  2.81  2.81  2.81  2.81  3.7
  3.7   3.7   3.57  3.57  3.57  3.09  3.09  3.09  3.09  4.32  4.32  4.32
 -0.   -0.   -0.    0.    0.    0.    0.    0.    0.    0.    0.    0.
  0.    0.    0.    0.    0.    0.    0.    0.    0.    0.    0.    0.
  0.    0.    0.    0.    0.    0.    0.    0.    0.    0.    0.    0.
  0.    0.    0.    0.    0.    0.    0.    0.    0.    0.    0.    0.
  0.    0.    0.    0.    0.    0.    0.    0.    0.    0.    0.    0.
  0.    0.    0.    0.    0.    0.    0.    0.    0.    0.    0.    0.  ]"
3913,27.5,30,87.0,198.0,2023-01-11 10:11:24,2436.1,1476.7,22.1,"[ 5.96  5.96  5.96  5.96  5.96  5.96  5.96  5.96  5.96  5.96  5.96  5.96
  0.95  0.95  0.95  0.47  0.47  0.47  0.47  0.39  3.99  3.99  3.99  0.
  0.   -0.   -0.   -0.   -0.   -0.   -0.   -0.   -0.   -0.   -0.   -0.
 -0.   -0.   -0.   -0.   -0.   -0.   -0.   -0.   -0.   -0.   -0.   -0.
 -0.   -0.   -0.   -0.   -0.   -0.   -0.   -0.   -0.   -0.   -0.   -0.
 -0.   -0.   -0.   -0.   -0.   -0.   -0.   -0.   -0.   -0.   -0.   -0.
 -0.   -0.   -0.   -0.   -0.   -0.   -0.   -0.   -0.   -0.   -0.   -0.
 -0.   -0.   -0.   -0.   -0.   -0.   -0.   -0.   -0.   -0.   -0.   -0.  ]"
3914,27.5,30,76.83,198.0,2023-01-11 13:03:26,1075.6,682.0,9.8,"[ 6.6   6.6   6.6   3.19  3.19  3.19  3.19  3.18  1.13  1.13  1.13  0.
  0.   -0.    0.    0.   -0.   -0.   -0.   -0.   -0.   -0.   -0.   -0.
 -0.   -0.   -0.   -0.   -0.   -0.   -0.   -0.   -0.   -0.   -0.   -0.
 -0.   -0.   -0.   -0.   -0.   -0.   -0.   -0.   -0.   -0.   -0.   -0.
 -0.   -0.   -0.   -0.   -0.   -0.   -0.   -0.   -0.   -0.   -0.   -0.
 -0.   -0.   -0.   -0.   -0.   -0.   -0.   -0.   -0.   -0.   -0.   -0.
 -0.   -0.   -0.   -0.   -0.   -0.   -0.   -0.   -0.   -0.   -0.   -0.
 -0.   -0.   -0.   -0.   -0.   -0.   -0.   -0.   -0.   -0.   -0.   -0.  ]"
3915,27.5,30,98.04,198.0,2023-01-11 15:15:15,1274.6,1427.5,11.6,"[ 6.6   6.6   6.6   1.57  1.57  1.48  1.42  1.42  3.82  3.82  3.82  3.82
  3.82 -0.   -0.   -0.   -0.   -0.   -0.   -0.   -0.   -0.   -0.   -0.
 -0.   -0.   -0.   -0.   -0.   -0.   -0.   -0.   -0.   -0.   -0.   -0.
 -0.   -0.   -0.   -0.   -0.   -0.   -0.   -0.   -0.   -0.   -0.   -0.
 -0.   -0.   -0.   -0.   -0.   -0.   -0.   -0.   -0.   -0.   -0.   -0.
 -0.   -0.   -0.   -0.   -0.   -0.   -0.   -0.   -0.   -0.   -0.   -0.
 -0.   -0.   -0.   -0.   -0.   -0.   -0.   -0.   -0.   -0.   -0.   -0.
 -0.   -0.   -0.   -0.   -0.   -0.   -0.   -0.   -0.   -0.   -0.   -0.  ]"
3916,27.5,30,87.1,198.0,2023-01-11 17:54:08,1132.3,1502.3,10.3,"[1.2  1.2  3.22 3.22 3.22 3.22 3.22 3.22 3.22 3.22 3.22 3.22 6.6  0.
 0.   0.   0.   0.   0.   0.   0.   0.   0.   0.   0.   0.   0.   0.
 0.   0.   0.   0.   0.   0.   0.   0.   0.   0.   0.   0.   0.   0.
 0.   0.   0.   0.   0.   0.   0.   0.   0.   0.   0.   0.   0.   0.
 0.   0.   0.   0.   0.   0.   0.   0.   0.   0.   0.   0.   0.   0.
 0.   0.   0.   0.   0.   0.   0.   0.   0.   0.   0.   0.   0.   0.
 0.   0.   0.   0.   0.   0.   0.   0.   0.   0.   0.   0.  ]"
3917,27.5,30,34.49,198.0,2023-01-12 06:17:33,275.9,186.6,2.5,"[1.25 1.25 1.25 1.25 1.25 1.25 1.25 1.25 0.   0.   0.   0.   0.   0.
 0.   0.   0.   0.   0.   0.   0.   0.   0.   0.   0.   0.   0.   0.
 0.   0.   0.   0.   0.   0.   0.   0.   0.   0.   0.   0.   0.   0.
 0.   0.   0.   0.   0.   0.   0.   0.   0.   0.   0.   0.   0.   0.
 0.   0.   0.   0.   0.   0.   0.   0.   0.   0.   0.   0.   0.   0.
 0.   0.   0.   0.   0.   0.   0.   0.   0.   0.   0.   0.   0.   0.
 0.   0.   0.   0.   0.   0.   0.   0.   0.   0.   0.   0.  ]"
3918,27.5,30,181.5,198.0,2023-01-12 08:34:09,2722.5,1628.9,24.7,"[ 6.6  6.6  6.6  6.6  6.6  6.6  6.6  6.6  6.6  6.6  6.6  6.6  6.6  6.6
  6.6 -0.  -0.  -0.  -0.  -0.  -0.  -0.  -0.  -0.  -0.  -0.  -0.  -0.
 -0.  -0.  -0.  -0.  -0.  -0.  -0.  -0.  -0.  -0.  -0.  -0.  -0.  -0.
 -0.  -0.  -0.  -0.  -0.  -0.  -0.  -0.  -0.  -0.  -0.  -0.  -0.  -0.
 -0.  -0.  -0.  -0.  -0.  -0.  -0.  -0.  -0.  -0.  -0.  -0.  -0.  -0.
 -0.  -0.  -0.  -0.  -0.  -0.  -0.  -0.  -0.  -0.  -0.  -0.  -0.  -0.
 -0.  -0.  -0.  -0.  -0.  -0.  -0.  -0.  -0.  -0.  -0.  -0. ]"
3919,27.5,30,174.82,198.0,2023-01-12 08:37:07,2797.2,1673.2,25.4,"[6.6  6.6  6.6  6.25 6.25 6.28 6.28 6.28 6.28 6.28 6.28 6.28 6.28 6.28
 6.28 6.6  0.   0.   0.   0.   0.   0.   0.   0.   0.   0.   0.   0.
 0.   0.   0.   0.   0.   0.   0.   0.   0.   0.   0.   0.   0.   0.
 0.   0.   0.   0.   0.   0.   0.   0.   0.   0.   0.   0.   0.   0.
 0.   0.   0.   0.   0.   0.   0.   0.   0.   0.   0.   0.   0.   0.
 0.   0.   0.   0.   0.   0.   0.   0.   0.   0.   0.   0.   0.   0.
 0.   0.   0.   0.   0.   0.   0.   0.   0.   0.   0.   0.  ]"
3920,27.5,30,77.17,198.0,2023-01-12 09:23:49,1312.0,777.6,11.9,"[ 2.26  2.26  1.96  1.96  1.96  1.96  1.96  1.96  1.96  1.96  1.96  1.96
  5.67  4.48  4.48  4.48  4.48 -0.   -0.   -0.   -0.   -0.   -0.   -0.
 -0.   -0.   -0.   -0.   -0.   -0.   -0.   -0.   -0.   -0.   -0.   -0.
 -0.   -0.   -0.   -0.   -0.   -0.   -0.   -0.   -0.   -0.   -0.   -0.
 -0.   -0.   -0.   -0.   -0.   -0.   -0.   -0.   -0.   -0.   -0.   -0.
 -0.   -0.   -0.   -0.   -0.   -0.   -0.   -0.   -0.   -0.   -0.   -0.
 -0.   -0.   -0.   -0.   -0.   -0.   -0.   -0.   -0.   -0.   -0.   -0.
 -0.   -0.   -0.   -0.   -0.   -0.   -0.   -0.   -0.   -0.   -0.   -0.  ]"
3921,25.0,30,79.41,198.0,2023-01-12 09:46:59,1747.0,1226.0,17.5,"[0.   0.   0.   0.   0.   0.   0.   0.   0.   0.   6.55 4.77 4.77 4.77
 4.77 6.45 5.71 5.71 6.6  6.6  6.6  6.6  0.   0.   0.   0.   0.   0.
 0.   0.   0.   0.   0.   0.   0.   0.   0.   0.   0.   0.   0.   0.
 0.   0.   0.   0.   0.   0.   0.   0.   0.   0.   0.   0.   0.   0.
 0.   0.   0.   0.   0.   0.   0.   0.   0.   0.   0.   0.   0.   0.
 0.   0.   0.   0.   0.   0.   0.   0.   0.   0.   0.   0.   0.   0.
 0.   0.   0.   0.   0.   0.   0.   0.   0.   0.   0.   0.  ]"
3922,25.0,30,83.15,198.0,2023-01-12 09:53:05,1496.8,993.3,15.0,"[ 3.36  3.36  3.36  3.36  3.36  3.36  3.36  3.36  3.36  3.36  1.81  2.84
  2.84  2.84  2.84  5.52  3.78  3.78 -0.   -0.   -0.   -0.    0.    0.
  0.    0.    0.    0.    0.    0.    0.    0.    0.    0.    0.    0.
  0.    0.    0.    0.    0.    0.    0.    0.    0.    0.    0.    0.
  0.    0.    0.    0.    0.    0.    0.    0.    0.    0.    0.    0.
  0.    0.    0.    0.    0.    0.    0.    0.    0.    0.    0.    0.
  0.    0.    0.    0.    0.    0.    0.    0.    0.    0.    0.    0.
  0.    0.    0.    0.    0.    0.    0.    0.    0.    0.    0.    0.  ]"
3925,27.5,30,81.31,198.0,2023-01-12 12:17:12,1545.0,1251.6,14.0,"[6.6  1.94 1.94 1.94 1.94 2.06 0.46 0.46 3.54 3.54 3.54 3.54 6.6  6.6
 2.29 2.29 2.29 2.29 2.29 0.   0.   0.   0.   0.   0.   0.   0.   0.
 0.   0.   0.   0.   0.   0.   0.   0.   0.   0.   0.   0.   0.   0.
 0.   0.   0.   0.   0.   0.   0.   0.   0.   0.   0.   0.   0.   0.
 0.   0.   0.   0.   0.   0.   0.   0.   0.   0.   0.   0.   0.   0.
 0.   0.   0.   0.   0.   0.   0.   0.   0.   0.   0.   0.   0.   0.
 0.   0.   0.   0.   0.   0.   0.   0.   0.   0.   0.   0.  ]"
3926,27.5,30,100.5,198.0,2023-01-12 12:45:56,2813.9,2410.7,25.6,"[6.6  6.6  6.6  6.6  6.6  6.6  6.6  3.88 3.88 3.88 3.88 6.6  6.6  0.39
 0.39 0.39 0.39 0.39 2.55 2.55 2.55 2.55 2.55 2.55 2.55 2.55 2.55 2.55
 0.   0.   0.   0.   0.   0.   0.   0.   0.   0.   0.   0.   0.   0.
 0.   0.   0.   0.   0.   0.   0.   0.   0.   0.   0.   0.   0.   0.
 0.   0.   0.   0.   0.   0.   0.   0.   0.   0.   0.   0.   0.   0.
 0.   0.   0.   0.   0.   0.   0.   0.   0.   0.   0.   0.   0.   0.
 0.   0.   0.   0.   0.   0.   0.   0.   0.   0.   0.   0.  ]"
3927,27.5,30,96.14,198.0,2023-01-12 14:25:41,1057.6,715.3,9.6,"[ 6.33  6.33  6.33  6.33  6.57  6.57 -0.   -0.   -0.   -0.   -0.    0.
  0.    0.    0.    0.    0.    0.    0.    0.    0.   -0.   -0.   -0.
 -0.   -0.   -0.   -0.   -0.   -0.   -0.   -0.   -0.   -0.   -0.   -0.
 -0.   -0.   -0.   -0.   -0.   -0.   -0.   -0.   -0.   -0.   -0.   -0.
 -0.   -0.   -0.   -0.   -0.   -0.   -0.   -0.   -0.   -0.   -0.   -0.
 -0.   -0.   -0.   -0.   -0.   -0.   -0.   -0.   -0.   -0.   -0.   -0.
 -0.   -0.   -0.   -0.   -0.   -0.   -0.   -0.   -0.   -0.   -0.   -0.
 -0.   -0.   -0.   -0.   -0.   -0.   -0.   -0.   -0.   -0.   -0.   -0.  ]"
3929,27.5,30,89.14,198.0,2023-01-13 07:29:52,2406.7,1428.9,21.9,"[ 0.    0.    0.    0.    0.   -0.    4.57  4.57  4.57  4.57  3.96  3.96
  3.96  4.11  4.11  4.11  4.11  4.11  4.11  4.11  4.11  4.11  4.11  4.11
  5.54  5.54  1.05 -0.   -0.   -0.   -0.   -0.   -0.   -0.   -0.   -0.
 -0.   -0.   -0.   -0.   -0.   -0.   -0.   -0.   -0.   -0.   -0.   -0.
 -0.   -0.   -0.   -0.   -0.   -0.   -0.   -0.   -0.   -0.   -0.   -0.
 -0.   -0.   -0.   -0.   -0.   -0.   -0.   -0.   -0.   -0.   -0.   -0.
 -0.   -0.   -0.   -0.   -0.   -0.   -0.   -0.   -0.   -0.   -0.   -0.
 -0.   -0.   -0.   -0.   -0.   -0.   -0.   -0.   -0.   -0.   -0.   -0.  ]"
3930,27.5,30,55.6,198.0,2023-01-13 07:53:29,2112.9,1272.9,19.2,"[-0.   -0.   -0.   -0.    3.89  3.89  3.89  3.89  3.6   3.6   3.6   3.19
  3.19  3.19  3.19  3.19  3.19  3.19  3.19  3.19  3.19  3.19  3.23  3.23
  0.44  0.82  0.82  0.82  0.82  0.82  0.82  3.6  -0.   -0.   -0.   -0.
 -0.   -0.    0.    0.    0.    0.    0.    0.    0.    0.    0.    0.
  0.    0.    0.    0.    0.    0.    0.    0.    0.    0.    0.    0.
  0.    0.    0.    0.    0.    0.    0.    0.    0.    0.    0.    0.
  0.    0.    0.    0.    0.    0.    0.    0.    0.    0.    0.    0.
  0.    0.    0.    0.    0.    0.    0.    0.    0.    0.    0.    0.  ]"
3931,27.5,30,76.75,198.0,2023-01-13 08:43:21,1458.3,864.4,13.3,"[-0.    3.11  3.11  3.11  3.11  2.88  2.88  2.88  2.9   2.9   2.9   2.9
  2.9   2.9   2.9   2.9   2.9   2.9   2.9  -0.   -0.    0.    0.    0.
  0.    0.    0.    0.    0.    0.    0.    0.    0.    0.    0.   -0.
 -0.   -0.   -0.   -0.   -0.   -0.   -0.   -0.   -0.   -0.   -0.   -0.
 -0.   -0.   -0.   -0.   -0.   -0.   -0.   -0.   -0.   -0.   -0.   -0.
 -0.   -0.   -0.   -0.   -0.   -0.   -0.   -0.   -0.   -0.   -0.   -0.
 -0.   -0.   -0.   -0.   -0.   -0.   -0.   -0.   -0.   -0.   -0.   -0.
 -0.   -0.   -0.   -0.   -0.   -0.   -0.   -0.   -0.   -0.   -0.   -0.  ]"
3932,27.5,30,86.87,198.0,2023-01-13 09:48:22,2519.1,1542.3,22.9,"[ 5.88  5.88  5.88  3.83  3.83  3.83  3.83  3.83  3.83  3.83  3.83  3.83
  3.83  3.83  5.26  5.26  0.77  2.45  2.45  2.45  2.45  2.45  2.45  5.88
 -0.   -0.   -0.   -0.   -0.   -0.   -0.   -0.   -0.   -0.   -0.   -0.
 -0.   -0.   -0.   -0.   -0.   -0.   -0.   -0.   -0.   -0.   -0.   -0.
 -0.   -0.   -0.   -0.   -0.   -0.   -0.   -0.   -0.   -0.   -0.   -0.
 -0.   -0.   -0.   -0.   -0.   -0.   -0.   -0.   -0.   -0.   -0.   -0.
 -0.   -0.   -0.   -0.   -0.   -0.   -0.   -0.   -0.   -0.   -0.   -0.
 -0.   -0.   -0.   -0.   -0.   -0.   -0.   -0.   -0.   -0.   -0.   -0.  ]"
3935,27.5,30,95.52,198.0,2023-01-13 10:40:02,2388.0,1417.8,21.7,"[ 6.6   6.6   6.6   6.6   6.6   6.6   6.6   6.6   6.6   6.6   6.6   6.6
  6.6   0.37  0.11  0.11  0.11  0.11  0.11  0.11  0.    0.    0.    0.
  0.    0.   -0.    0.    0.    0.    0.    0.    0.    0.    0.    0.
  0.    0.    0.    0.    0.    0.    0.    0.    0.    0.    0.    0.
  0.    0.    0.    0.    0.    0.    0.    0.    0.    0.    0.    0.
  0.    0.    0.    0.    0.    0.    0.    0.    0.    0.    0.    0.
  0.    0.    0.    0.    0.    0.    0.    0.    0.    0.    0.    0.
  0.    0.    0.    0.    0.    0.    0.    0.    0.    0.    0.    0.  ]"
3936,27.5,30,92.73,198.0,2023-01-13 15:41:05,741.8,935.7,6.7,"[ 6.6   2.74  2.74  2.74  2.74  2.76  2.83  3.83 -0.   -0.   -0.   -0.
 -0.   -0.   -0.   -0.   -0.   -0.   -0.   -0.   -0.   -0.   -0.   -0.
 -0.   -0.   -0.   -0.   -0.   -0.   -0.   -0.   -0.   -0.   -0.   -0.
 -0.   -0.   -0.   -0.   -0.   -0.   -0.   -0.   -0.   -0.   -0.   -0.
 -0.   -0.   -0.   -0.   -0.   -0.   -0.   -0.   -0.   -0.   -0.   -0.
 -0.   -0.   -0.   -0.   -0.   -0.   -0.   -0.   -0.   -0.   -0.   -0.
 -0.   -0.   -0.   -0.   -0.   -0.   -0.   -0.   -0.   -0.   -0.   -0.
 -0.   -0.   -0.   -0.   -0.   -0.   -0.   -0.   -0.   -0.   -0.   -0.  ]"
3937,27.5,30,92.36,198.0,2023-01-13 17:47:24,1754.8,1562.0,16.0,"[1.47 1.47 1.47 1.47 1.47 1.47 1.47 1.47 1.47 1.47 1.47 1.47 6.6  6.6
 6.6  6.6  6.6  6.6  6.6  0.   0.   0.   0.   0.   0.   0.   0.   0.
 0.   0.   0.   0.   0.   0.   0.   0.   0.   0.   0.   0.   0.   0.
 0.   0.   0.   0.   0.   0.   0.   0.   0.   0.   0.   0.   0.   0.
 0.   0.   0.   0.   0.   0.   0.   0.   0.   0.   0.   0.   0.   0.
 0.   0.   0.   0.   0.   0.   0.   0.   0.   0.   0.   0.   0.   0.
 0.   0.   0.   0.   0.   0.   0.   0.   0.   0.   0.   0.  ]"
3941,27.5,30,48.71,198.0,2023-01-14 23:40:55,341.0,230.6,3.1,"[ 1.77  1.77  1.77  1.77  1.77  1.77  1.77 -0.   -0.   -0.   -0.   -0.
 -0.   -0.   -0.   -0.   -0.   -0.   -0.   -0.   -0.   -0.   -0.   -0.
 -0.   -0.   -0.   -0.   -0.   -0.   -0.   -0.   -0.   -0.   -0.   -0.
 -0.   -0.   -0.   -0.   -0.   -0.   -0.   -0.   -0.   -0.   -0.   -0.
 -0.   -0.   -0.   -0.   -0.   -0.   -0.   -0.   -0.   -0.   -0.   -0.
 -0.   -0.   -0.   -0.   -0.   -0.   -0.   -0.   -0.   -0.   -0.   -0.
 -0.   -0.   -0.   -0.   -0.   -0.   -0.   -0.   -0.   -0.   -0.   -0.
 -0.   -0.   -0.   -0.   -0.   -0.   -0.   -0.   -0.   -0.   -0.   -0.  ]"
3943,27.5,30,86.7,198.0,2023-01-15 14:40:33,953.7,680.8,8.7,"[ 6.6   6.6   6.6   6.6   6.6   0.34  0.34  0.34  0.34  0.17  0.17 -0.
 -0.   -0.   -0.   -0.   -0.   -0.   -0.   -0.   -0.   -0.   -0.   -0.
 -0.   -0.   -0.   -0.   -0.   -0.   -0.   -0.   -0.   -0.   -0.   -0.
 -0.   -0.   -0.   -0.   -0.   -0.   -0.   -0.   -0.   -0.   -0.   -0.
 -0.   -0.   -0.   -0.   -0.   -0.   -0.   -0.   -0.   -0.   -0.   -0.
 -0.   -0.   -0.   -0.   -0.   -0.   -0.   -0.   -0.   -0.   -0.   -0.
 -0.   -0.   -0.   -0.   -0.   -0.   -0.   -0.   -0.   -0.   -0.   -0.
 -0.   -0.   -0.   -0.   -0.   -0.   -0.   -0.   -0.   -0.   -0.   -0.  ]"
3944,27.5,30,80.38,198.0,2023-01-15 16:59:41,401.9,583.1,3.7,"[2.82 2.82 2.99 2.99 2.99 0.   0.   0.   0.   0.   0.   0.   0.   0.
 0.   0.   0.   0.   0.   0.   0.   0.   0.   0.   0.   0.   0.   0.
 0.   0.   0.   0.   0.   0.   0.   0.   0.   0.   0.   0.   0.   0.
 0.   0.   0.   0.   0.   0.   0.   0.   0.   0.   0.   0.   0.   0.
 0.   0.   0.   0.   0.   0.   0.   0.   0.   0.   0.   0.   0.   0.
 0.   0.   0.   0.   0.   0.   0.   0.   0.   0.   0.   0.   0.   0.
 0.   0.   0.   0.   0.   0.   0.   0.   0.   0.   0.   0.  ]"
3945,27.5,30,72.19,198.0,2023-01-16 07:20:35,3465.3,2173.6,31.5,"[ 0.    0.    0.    0.    0.    0.    6.32  6.32  6.32  6.32  6.32  6.32
  6.32  5.83  5.83  5.88  5.88  5.88  5.88  3.97  3.97  3.97  3.97  3.97
  3.97  3.97  1.36  1.36  1.36  1.36  1.96  1.96  1.96  3.86  0.38  0.31
  0.31  0.31  0.31  0.22  0.22  0.22  0.22  0.22  0.22  0.22  0.22  0.22
 -0.   -0.   -0.   -0.   -0.   -0.   -0.   -0.   -0.   -0.   -0.   -0.
 -0.   -0.   -0.   -0.   -0.   -0.   -0.   -0.   -0.   -0.   -0.   -0.
 -0.   -0.   -0.   -0.   -0.   -0.   -0.   -0.   -0.   -0.   -0.   -0.
 -0.   -0.   -0.   -0.   -0.   -0.   -0.   -0.   -0.   -0.   -0.   -0.  ]"
3946,27.5,30,66.24,198.0,2023-01-16 10:31:21,1589.8,972.4,14.5,"[ 4.47  4.47  4.06  4.06  4.06  4.06  3.45  3.45  3.45  3.45  3.45  3.45
  3.45  0.86  0.86  0.86  0.86  0.31  0.31  0.31  3.56  0.17  0.17  0.17
  0.    0.    0.    0.    0.    0.    0.    0.    0.    0.    0.   -0.
 -0.   -0.   -0.   -0.   -0.   -0.   -0.   -0.   -0.   -0.   -0.   -0.
 -0.   -0.   -0.   -0.   -0.   -0.   -0.   -0.   -0.   -0.   -0.   -0.
 -0.   -0.   -0.   -0.   -0.   -0.   -0.   -0.   -0.   -0.   -0.   -0.
 -0.   -0.   -0.   -0.   -0.   -0.   -0.   -0.   -0.   -0.   -0.   -0.
 -0.   -0.   -0.   -0.   -0.   -0.   -0.   -0.   -0.   -0.   -0.   -0.  ]"
3947,27.5,30,181.5,198.0,2023-01-16 11:04:58,4356.0,3482.2,39.6,"[ 6.6  6.6  6.6  6.6  6.6  6.6  6.6  6.6  6.6  6.6  6.6  6.6  6.6  6.6
  6.6  6.6  6.6  6.6  6.6  6.6  6.6  6.6  6.6  6.6 -0.  -0.  -0.  -0.
 -0.  -0.  -0.  -0.  -0.   0.   0.   0.   0.   0.   0.   0.   0.   0.
  0.   0.   0.   0.   0.   0.   0.   0.   0.   0.   0.   0.   0.   0.
  0.   0.   0.   0.   0.   0.   0.   0.   0.   0.   0.   0.   0.   0.
  0.   0.   0.   0.   0.   0.   0.   0.   0.   0.   0.   0.   0.   0.
  0.   0.   0.   0.   0.   0.   0.   0.   0.   0.   0.   0. ]"
3948,27.5,30,97.63,198.0,2023-01-16 12:02:13,1073.9,636.5,9.8,"[ 5.58  5.58  5.58  5.58  5.58  5.58  5.58  0.    0.    0.    0.    0.
  0.    0.    0.   -0.   -0.   -0.    0.    0.    0.    0.    0.    0.
  0.    0.    0.    0.    0.    0.    0.    0.    0.    0.    0.    0.
  0.    0.    0.    0.    0.    0.    0.    0.    0.    0.    0.    0.
  0.    0.    0.    0.    0.    0.    0.    0.    0.    0.    0.    0.
  0.    0.    0.    0.    0.    0.    0.    0.    0.    0.    0.    0.
  0.    0.    0.    0.    0.    0.    0.    0.    0.    0.    0.    0.
  0.    0.    0.    0.    0.    0.    0.    0.    0.    0.    0.    0.  ]"
3951,27.5,30,98.36,198.0,2023-01-16 15:35:11,2458.9,2864.7,22.4,"[ 6.6   2.35  0.39  0.39  0.39  0.39  3.36  3.36  3.36  3.36  3.36  3.36
  3.36  3.36  3.36  3.71  3.71  3.71  3.71  3.71  3.71  6.6   6.6   6.6
  6.6  -0.   -0.   -0.   -0.   -0.   -0.   -0.   -0.   -0.   -0.   -0.
 -0.   -0.   -0.   -0.   -0.   -0.   -0.   -0.   -0.   -0.   -0.   -0.
 -0.   -0.   -0.   -0.   -0.   -0.   -0.   -0.   -0.   -0.   -0.   -0.
 -0.   -0.   -0.   -0.   -0.   -0.   -0.   -0.   -0.   -0.   -0.   -0.
 -0.   -0.   -0.   -0.   -0.   -0.   -0.   -0.   -0.   -0.   -0.   -0.
 -0.   -0.   -0.   -0.   -0.   -0.   -0.   -0.   -0.   -0.   -0.   -0.  ]"
3952,27.5,30,71.12,198.0,2023-01-16 16:08:25,1351.4,1960.7,12.3,"[ 1.03  1.03  1.03  1.03  3.07  3.07  3.07  3.07  3.07  3.07  3.07  3.07
  3.07  2.89  2.89  2.89  2.89  2.89  2.89 -0.   -0.   -0.   -0.    0.
  0.    0.    0.    0.    0.    0.    0.    0.    0.    0.    0.    0.
  0.    0.    0.    0.    0.    0.    0.    0.    0.    0.    0.    0.
  0.    0.    0.    0.    0.    0.    0.    0.    0.    0.    0.    0.
  0.    0.    0.    0.    0.    0.    0.    0.    0.    0.    0.    0.
  0.    0.    0.    0.    0.    0.    0.    0.    0.    0.    0.    0.
  0.    0.    0.    0.    0.    0.    0.    0.    0.    0.    0.    0.  ]"
3953,27.5,30,113.44,198.0,2023-01-17 06:20:42,907.5,613.8,8.3,"[4.4 4.4 4.4 4.4 4.4 4.4 3.3 3.3 0.  0.  0.  0.  0.  0.  0.  0.  0.  0.
 0.  0.  0.  0.  0.  0.  0.  0.  0.  0.  0.  0.  0.  0.  0.  0.  0.  0.
 0.  0.  0.  0.  0.  0.  0.  0.  0.  0.  0.  0.  0.  0.  0.  0.  0.  0.
 0.  0.  0.  0.  0.  0.  0.  0.  0.  0.  0.  0.  0.  0.  0.  0.  0.  0.
 0.  0.  0.  0.  0.  0.  0.  0.  0.  0.  0.  0.  0.  0.  0.  0.  0.  0.
 0.  0.  0.  0.  0.  0. ]"
3954,27.5,30,151.51,198.0,2023-01-17 07:46:58,5757.3,4439.1,52.3,"[ 6.23  6.39  6.39  6.42  5.26  5.26  5.29  5.29  5.29  5.29  5.29  5.29
  5.29  5.29  5.29  5.29  5.29  5.29  5.29  5.29  5.29  5.29  5.29  5.29
  5.41  5.41  5.27  5.27  5.27  5.27  5.27  3.94  6.07  6.07  6.07  6.27
  6.27  6.27 -0.   -0.   -0.   -0.   -0.   -0.   -0.   -0.   -0.   -0.
 -0.   -0.   -0.   -0.   -0.   -0.   -0.   -0.   -0.   -0.   -0.   -0.
 -0.   -0.   -0.   -0.   -0.   -0.   -0.   -0.   -0.   -0.   -0.   -0.
 -0.   -0.   -0.   -0.   -0.   -0.   -0.   -0.   -0.   -0.   -0.   -0.
 -0.   -0.   -0.   -0.   -0.   -0.   -0.   -0.   -0.   -0.   -0.   -0.  ]"
3955,27.5,30,77.03,198.0,2023-01-17 07:58:44,2388.0,1472.6,21.7,"[ 0.   -0.   -0.    3.15  3.09  3.09  3.1   3.1   3.1   3.1   3.1   3.1
  3.1   3.1   3.1   3.1   3.1   3.1   3.1   3.1   3.1   3.1   3.1   3.1
  3.08  3.08  3.11  3.11  3.11  3.11  3.11  0.   -0.   -0.   -0.   -0.
 -0.   -0.    0.    0.    0.    0.    0.    0.    0.    0.    0.    0.
  0.    0.    0.    0.    0.    0.    0.    0.    0.    0.    0.    0.
  0.    0.    0.    0.    0.    0.    0.    0.    0.    0.    0.    0.
  0.    0.    0.    0.    0.    0.    0.    0.    0.    0.    0.    0.
  0.    0.    0.    0.    0.    0.    0.    0.    0.    0.    0.    0.  ]"
3956,27.5,30,88.12,198.0,2023-01-17 08:06:38,3348.6,3029.6,30.4,"[-0.   -0.    4.18  2.61  2.61  2.64  2.64  2.64  2.64  2.64  2.64  2.64
  2.64  2.64  2.64  2.64  2.64  2.64  2.64  2.64  2.64  2.64  2.64  2.62
  2.62  2.65  2.65  2.65  2.65  2.65  4.72  5.5   5.5   5.5   6.27  6.27
  6.27  6.28  0.    0.    0.    0.    0.    0.    0.    0.    0.    0.
  0.    0.    0.    0.    0.    0.    0.    0.    0.    0.    0.    0.
  0.    0.    0.    0.    0.    0.    0.    0.    0.    0.    0.    0.
  0.    0.    0.    0.    0.    0.    0.    0.    0.    0.    0.    0.
  0.    0.    0.    0.    0.    0.    0.    0.    0.    0.    0.    0.  ]"
3957,27.5,30,87.48,198.0,2023-01-17 08:42:33,2624.3,1749.5,23.9,"[-0.    3.07  3.07  3.14  3.14  3.14  3.14  3.14  3.14  3.14  3.14  3.14
  3.14  3.14  3.14  3.14  3.14  3.14  3.14  3.14  3.14  3.12  3.12  3.15
  3.15  3.15  3.15  3.15  5.17  5.57  0.    0.    0.    0.    0.    0.
 -0.   -0.   -0.   -0.   -0.   -0.   -0.   -0.   -0.   -0.   -0.   -0.
 -0.   -0.   -0.   -0.   -0.   -0.   -0.   -0.   -0.   -0.   -0.   -0.
 -0.   -0.   -0.   -0.   -0.   -0.   -0.   -0.   -0.   -0.   -0.   -0.
 -0.   -0.   -0.   -0.   -0.   -0.   -0.   -0.   -0.   -0.   -0.   -0.
 -0.   -0.   -0.   -0.   -0.   -0.   -0.   -0.   -0.   -0.   -0.   -0.  ]"
3958,27.5,30,56.65,198.0,2023-01-17 08:55:20,1529.7,938.8,13.9,"[ 2.88  2.88  2.    2.    2.    2.    2.    2.    2.    2.    2.    2.
  2.    2.    2.    2.    2.    2.    2.    2.    1.97  1.97  2.    2.
  2.    2.    2.   -0.    0.    0.    0.    0.    0.    0.    0.   -0.
 -0.   -0.   -0.   -0.   -0.   -0.   -0.   -0.   -0.   -0.   -0.   -0.
 -0.   -0.   -0.   -0.   -0.   -0.   -0.   -0.   -0.   -0.   -0.   -0.
 -0.   -0.   -0.   -0.   -0.   -0.   -0.   -0.   -0.   -0.   -0.   -0.
 -0.   -0.   -0.   -0.   -0.   -0.   -0.   -0.   -0.   -0.   -0.   -0.
 -0.   -0.   -0.   -0.   -0.   -0.   -0.   -0.   -0.   -0.   -0.   -0.  ]"
3959,20.0,30,61.16,198.0,2023-01-17 09:16:00,1773.7,1916.2,22.2,"[ 2.64  2.64  2.64  2.64  2.64  2.64  2.64  2.64  2.64  2.64  2.64  2.64
  2.64  2.64  2.64  2.64  2.64  2.64  2.62  2.62  2.65  2.65  2.65  2.65
  2.65  5.    5.88  5.88  5.88 -0.   -0.   -0.   -0.   -0.   -0.   -0.
 -0.   -0.   -0.   -0.   -0.   -0.   -0.   -0.   -0.   -0.   -0.   -0.
 -0.   -0.   -0.   -0.   -0.   -0.   -0.   -0.   -0.   -0.   -0.   -0.
 -0.   -0.   -0.   -0.   -0.   -0.   -0.   -0.   -0.   -0.   -0.   -0.
 -0.   -0.   -0.   -0.   -0.   -0.   -0.   -0.   -0.   -0.   -0.   -0.
 -0.   -0.   -0.   -0.   -0.   -0.   -0.   -0.   -0.   -0.   -0.   -0.  ]"
3960,27.5,30,176.58,198.0,2023-01-17 09:18:11,3531.5,2122.8,32.1,"[6.42 6.42 6.42 6.42 6.42 6.42 6.42 6.42 6.42 6.42 6.42 6.42 6.42 6.42
 6.42 6.42 6.42 6.42 6.42 6.42 0.   0.   0.   0.   0.   0.   0.   0.
 0.   0.   0.   0.   0.   0.   0.   0.   0.   0.   0.   0.   0.   0.
 0.   0.   0.   0.   0.   0.   0.   0.   0.   0.   0.   0.   0.   0.
 0.   0.   0.   0.   0.   0.   0.   0.   0.   0.   0.   0.   0.   0.
 0.   0.   0.   0.   0.   0.   0.   0.   0.   0.   0.   0.   0.   0.
 0.   0.   0.   0.   0.   0.   0.   0.   0.   0.   0.   0.  ]"
3961,27.5,30,90.0,198.0,2023-01-17 15:54:37,720.0,1044.6,6.5,"[0.49 0.49 0.49 3.88 3.88 3.88 6.51 6.58 0.   0.   0.   0.   0.   0.
 0.   0.   0.   0.   0.   0.   0.   0.   0.   0.   0.   0.   0.   0.
 0.   0.   0.   0.   0.   0.   0.   0.   0.   0.   0.   0.   0.   0.
 0.   0.   0.   0.   0.   0.   0.   0.   0.   0.   0.   0.   0.   0.
 0.   0.   0.   0.   0.   0.   0.   0.   0.   0.   0.   0.   0.   0.
 0.   0.   0.   0.   0.   0.   0.   0.   0.   0.   0.   0.   0.   0.
 0.   0.   0.   0.   0.   0.   0.   0.   0.   0.   0.   0.  ]"
3962,27.5,30,107.56,198.0,2023-01-18 06:12:33,968.0,654.7,8.8,"[ 3.91  3.91  3.91  3.91  3.91  3.91  3.91  3.91  3.91 -0.   -0.   -0.
 -0.   -0.   -0.   -0.   -0.   -0.   -0.   -0.   -0.   -0.   -0.   -0.
 -0.   -0.   -0.   -0.   -0.   -0.   -0.   -0.   -0.   -0.   -0.   -0.
 -0.   -0.   -0.   -0.   -0.   -0.   -0.   -0.   -0.   -0.   -0.   -0.
 -0.   -0.   -0.   -0.   -0.   -0.   -0.   -0.   -0.   -0.   -0.   -0.
 -0.   -0.   -0.   -0.   -0.   -0.   -0.   -0.   -0.   -0.   -0.   -0.
 -0.   -0.   -0.   -0.   -0.   -0.   -0.   -0.   -0.   -0.   -0.   -0.
 -0.   -0.   -0.   -0.   -0.   -0.   -0.   -0.   -0.   -0.   -0.   -0.  ]"
3963,27.5,30,181.5,198.0,2023-01-18 08:04:22,3448.5,2089.6,31.4,"[6.6 6.6 6.6 6.6 6.6 6.6 6.6 6.6 6.6 6.6 6.6 6.6 6.6 6.6 6.6 6.6 6.6 6.6
 6.6 0.  0.  0.  0.  0.  0.  0.  0.  0.  0.  0.  0.  0.  0.  0.  0.  0.
 0.  0.  0.  0.  0.  0.  0.  0.  0.  0.  0.  0.  0.  0.  0.  0.  0.  0.
 0.  0.  0.  0.  0.  0.  0.  0.  0.  0.  0.  0.  0.  0.  0.  0.  0.  0.
 0.  0.  0.  0.  0.  0.  0.  0.  0.  0.  0.  0.  0.  0.  0.  0.  0.  0.
 0.  0.  0.  0.  0.  0. ]"
3964,27.5,30,181.5,198.0,2023-01-18 08:45:36,4356.0,2642.6,39.6,"[ 6.6  6.6  6.6  6.6  6.6  6.6  6.6  6.6  6.6  6.6  6.6  6.6  6.6  6.6
  6.6  6.6  6.6  6.6  6.6  6.6  6.6  6.6  6.6  6.6 -0.  -0.  -0.  -0.
 -0.  -0.  -0.  -0.  -0.  -0.  -0.  -0.  -0.  -0.  -0.  -0.  -0.  -0.
 -0.  -0.  -0.  -0.  -0.  -0.  -0.  -0.  -0.  -0.  -0.  -0.  -0.  -0.
 -0.  -0.  -0.  -0.  -0.  -0.  -0.  -0.  -0.  -0.  -0.  -0.  -0.  -0.
 -0.  -0.  -0.  -0.  -0.  -0.  -0.  -0.  -0.  -0.  -0.  -0.  -0.  -0.
 -0.  -0.  -0.  -0.  -0.  -0.  -0.  -0.  -0.  -0.  -0.  -0. ]"
3965,27.5,30,122.89,198.0,2023-01-18 09:11:13,4055.4,2954.5,36.9,"[ 6.6   5.44  5.44  4.34  4.34  4.34  4.34  4.34  4.34  4.34  4.34  4.79
  4.79  4.79  4.79  6.11  4.47  4.47  4.47  4.85  4.85  4.85  4.68  4.4
  4.4   4.4   4.4   0.4   1.64  1.64  5.36  5.36  5.36 -0.   -0.   -0.
 -0.   -0.   -0.   -0.   -0.   -0.   -0.   -0.   -0.   -0.   -0.   -0.
 -0.   -0.   -0.   -0.   -0.   -0.   -0.   -0.   -0.   -0.   -0.   -0.
 -0.   -0.   -0.   -0.   -0.   -0.   -0.   -0.   -0.   -0.   -0.   -0.
 -0.   -0.   -0.   -0.   -0.   -0.   -0.   -0.   -0.   -0.   -0.   -0.
 -0.   -0.   -0.   -0.   -0.   -0.   -0.   -0.   -0.   -0.   -0.   -0.  ]"
3966,27.5,30,96.25,198.0,2023-01-18 09:30:28,2598.8,1700.2,23.6,"[ 4.94  4.94  1.1   1.1   1.1   1.1   1.1   1.1   1.1   1.1   0.6   0.6
  0.6   0.6   5.91  5.7   5.7   5.7   5.6   5.6   5.6   6.17  6.36  6.36
  6.36  6.36  2.05 -0.   -0.   -0.   -0.   -0.    0.    0.    0.    0.
  0.    0.    0.    0.    0.    0.    0.    0.    0.    0.    0.    0.
  0.    0.    0.    0.    0.    0.    0.    0.    0.    0.    0.    0.
  0.    0.    0.    0.    0.    0.    0.    0.    0.    0.    0.    0.
  0.    0.    0.    0.    0.    0.    0.    0.    0.    0.    0.    0.
  0.    0.    0.    0.    0.    0.    0.    0.    0.    0.    0.    0.  ]"
3968,27.5,30,71.2,198.0,2023-01-18 09:47:07,1922.5,1424.3,17.5,"[ 4.45  4.45  4.45  4.45  4.45  4.45  4.45  4.45  0.05  0.05  0.05  0.05
  0.02  0.9   0.9   0.9   0.62  0.62  0.62  5.07  3.62  3.62  3.62  3.62
  2.5   3.74  3.74  0.    0.    0.   -0.   -0.   -0.   -0.   -0.   -0.
 -0.   -0.   -0.   -0.   -0.   -0.   -0.   -0.   -0.   -0.   -0.   -0.
 -0.   -0.   -0.   -0.   -0.   -0.   -0.   -0.   -0.   -0.   -0.   -0.
 -0.   -0.   -0.   -0.   -0.   -0.   -0.   -0.   -0.   -0.   -0.   -0.
 -0.   -0.   -0.   -0.   -0.   -0.   -0.   -0.   -0.   -0.   -0.   -0.
 -0.   -0.   -0.   -0.   -0.   -0.   -0.   -0.   -0.   -0.   -0.   -0.  ]"
3969,27.5,30,87.05,198.0,2023-01-18 11:48:55,2089.2,1700.7,19.0,"[ 6.6   6.6   6.6   6.6   6.6   0.97  0.97  0.97  0.97  0.97  0.97  2.72
  4.26  4.26  4.26  4.26  1.25  0.83  0.83  0.87  0.87  0.87  5.94  5.94
 -0.   -0.   -0.   -0.   -0.   -0.   -0.   -0.   -0.   -0.   -0.   -0.
 -0.   -0.   -0.   -0.   -0.   -0.   -0.   -0.   -0.   -0.   -0.   -0.
 -0.   -0.   -0.   -0.   -0.   -0.   -0.   -0.   -0.   -0.   -0.   -0.
 -0.   -0.   -0.   -0.   -0.   -0.   -0.   -0.   -0.   -0.   -0.   -0.
 -0.   -0.   -0.   -0.   -0.   -0.   -0.   -0.   -0.   -0.   -0.   -0.
 -0.   -0.   -0.   -0.   -0.   -0.   -0.   -0.   -0.   -0.   -0.   -0.  ]"
3970,27.5,30,46.23,198.0,2023-01-18 13:08:51,323.6,191.8,2.9,"[ 3.92  3.92  3.92 -0.   -0.   -0.   -0.   -0.   -0.   -0.   -0.   -0.
 -0.   -0.   -0.   -0.   -0.   -0.   -0.   -0.   -0.   -0.   -0.   -0.
 -0.   -0.   -0.   -0.   -0.   -0.   -0.   -0.   -0.   -0.   -0.   -0.
 -0.   -0.   -0.   -0.   -0.   -0.   -0.   -0.   -0.   -0.   -0.   -0.
 -0.   -0.   -0.   -0.   -0.   -0.   -0.   -0.   -0.   -0.   -0.   -0.
 -0.   -0.   -0.   -0.   -0.   -0.   -0.   -0.   -0.   -0.   -0.   -0.
 -0.   -0.   -0.   -0.   -0.   -0.   -0.   -0.   -0.   -0.   -0.   -0.
 -0.   -0.   -0.   -0.   -0.   -0.   -0.   -0.   -0.   -0.   -0.   -0.  ]"
3971,27.5,30,97.53,198.0,2023-01-18 14:49:28,2243.1,2692.2,20.4,"[6.6  6.6  6.6  6.6  0.56 0.56 0.56 0.55 0.55 0.55 0.71 0.71 4.59 4.59
 4.59 4.59 4.59 4.59 4.59 4.59 4.59 4.59 4.59 0.   0.   0.   0.   0.
 0.   0.   0.   0.   0.   0.   0.   0.   0.   0.   0.   0.   0.   0.
 0.   0.   0.   0.   0.   0.   0.   0.   0.   0.   0.   0.   0.   0.
 0.   0.   0.   0.   0.   0.   0.   0.   0.   0.   0.   0.   0.   0.
 0.   0.   0.   0.   0.   0.   0.   0.   0.   0.   0.   0.   0.   0.
 0.   0.   0.   0.   0.   0.   0.   0.   0.   0.   0.   0.  ]"
3972,27.5,30,47.33,198.0,2023-01-18 15:55:52,284.0,412.0,2.6,"[ 1.66  1.7   1.7   1.76  1.76  1.76 -0.   -0.   -0.   -0.   -0.   -0.
 -0.   -0.   -0.   -0.   -0.   -0.   -0.   -0.   -0.   -0.   -0.   -0.
 -0.   -0.   -0.   -0.   -0.   -0.   -0.   -0.   -0.   -0.   -0.   -0.
 -0.   -0.   -0.   -0.   -0.   -0.   -0.   -0.   -0.   -0.   -0.   -0.
 -0.   -0.   -0.   -0.   -0.   -0.   -0.   -0.   -0.   -0.   -0.   -0.
 -0.   -0.   -0.   -0.   -0.   -0.   -0.   -0.   -0.   -0.   -0.   -0.
 -0.   -0.   -0.   -0.   -0.   -0.   -0.   -0.   -0.   -0.   -0.   -0.
 -0.   -0.   -0.   -0.   -0.   -0.   -0.   -0.   -0.   -0.   -0.   -0.  ]"
3974,27.5,30,113.44,198.0,2023-01-19 06:12:32,907.5,613.8,8.2,"[4.4 4.4 4.4 4.4 4.4 4.4 3.3 3.3 0.  0.  0.  0.  0.  0.  0.  0.  0.  0.
 0.  0.  0.  0.  0.  0.  0.  0.  0.  0.  0.  0.  0.  0.  0.  0.  0.  0.
 0.  0.  0.  0.  0.  0.  0.  0.  0.  0.  0.  0.  0.  0.  0.  0.  0.  0.
 0.  0.  0.  0.  0.  0.  0.  0.  0.  0.  0.  0.  0.  0.  0.  0.  0.  0.
 0.  0.  0.  0.  0.  0.  0.  0.  0.  0.  0.  0.  0.  0.  0.  0.  0.  0.
 0.  0.  0.  0.  0.  0. ]"
3975,27.5,30,70.09,198.0,2023-01-19 07:38:24,2593.4,1917.4,23.6,"[-0.   -0.    0.01  0.01  0.01  4.5   4.5   2.61  2.61  2.61  2.61  2.61
  1.09  1.09  1.09  1.09  1.09  1.09  2.72  2.72  2.72  2.72  3.14  3.14
  3.14  3.14  2.71  2.71  3.76  3.76  3.76  6.32  6.33  3.24  3.24  3.24
  3.24  0.    0.    0.    0.    0.    0.    0.    0.    0.    0.    0.
  0.    0.    0.    0.    0.    0.    0.    0.    0.    0.    0.    0.
  0.    0.    0.    0.    0.    0.    0.    0.    0.    0.    0.    0.
  0.    0.    0.    0.    0.    0.    0.    0.    0.    0.    0.    0.
  0.    0.    0.    0.    0.    0.    0.    0.    0.    0.    0.    0.  ]"
3976,27.5,30,86.55,198.0,2023-01-19 07:44:36,1904.1,1128.7,17.3,"[-0.   -0.    0.01  0.01  0.01  4.58  4.58  4.27  4.27  4.27  4.27  4.27
  4.3   4.3   4.3   4.3   4.3   4.3   3.22  3.22  3.22  3.22 -0.   -0.
 -0.   -0.   -0.   -0.   -0.   -0.   -0.   -0.   -0.    0.    0.    0.
  0.    0.    0.    0.    0.    0.    0.    0.    0.    0.    0.    0.
  0.    0.    0.    0.    0.    0.    0.    0.    0.    0.    0.    0.
  0.    0.    0.    0.    0.    0.    0.    0.    0.    0.    0.    0.
  0.    0.    0.    0.    0.    0.    0.    0.    0.    0.    0.    0.
  0.    0.    0.    0.    0.    0.    0.    0.    0.    0.    0.    0.  ]"
3977,27.5,30,81.23,198.0,2023-01-19 08:04:38,1868.4,1107.5,17.0,"[ 0.01  0.01  0.01  3.21  3.21  3.    3.    3.    3.    3.    3.24  3.24
  3.24  3.24  3.24  3.24  2.55  2.55  2.55  2.55  5.61  5.61  5.61  0.
  0.    0.    0.    0.    0.    0.    0.   -0.   -0.   -0.   -0.   -0.
 -0.   -0.   -0.   -0.   -0.   -0.   -0.   -0.   -0.   -0.   -0.   -0.
 -0.   -0.   -0.   -0.   -0.   -0.   -0.   -0.   -0.   -0.   -0.   -0.
 -0.   -0.   -0.   -0.   -0.   -0.   -0.   -0.   -0.   -0.   -0.   -0.
 -0.   -0.   -0.   -0.   -0.   -0.   -0.   -0.   -0.   -0.   -0.   -0.
 -0.   -0.   -0.   -0.   -0.   -0.   -0.   -0.   -0.   -0.   -0.   -0.  ]"
3978,27.5,30,132.08,198.0,2023-01-19 08:11:50,2641.7,1565.9,24.0,"[ 0.01  0.01  0.01  6.35  6.35  5.93  5.93  5.93  5.93  5.93  5.97  5.97
  5.97  5.97  5.97  5.97  4.47  4.47  4.47  4.47 -0.   -0.   -0.   -0.
 -0.   -0.   -0.   -0.   -0.   -0.   -0.    0.    0.    0.    0.    0.
  0.    0.    0.    0.    0.    0.    0.    0.    0.    0.    0.    0.
  0.    0.    0.    0.    0.    0.    0.    0.    0.    0.    0.    0.
  0.    0.    0.    0.    0.    0.    0.    0.    0.    0.    0.    0.
  0.    0.    0.    0.    0.    0.    0.    0.    0.    0.    0.    0.
  0.    0.    0.    0.    0.    0.    0.    0.    0.    0.    0.    0.  ]"
3979,27.5,30,85.54,198.0,2023-01-19 08:12:08,2480.7,1551.9,22.6,"[-0.   -0.   -0.    4.52  4.52  2.84  2.84  2.84  2.84  2.84  1.65  1.65
  1.65  1.65  1.65  1.65  1.78  1.78  1.78  1.78  4.85  4.85  4.85  6.28
  5.3   5.3   6.19  6.19  6.19 -0.   -0.    0.    0.    0.    0.    0.
  0.    0.    0.    0.    0.    0.    0.    0.    0.    0.    0.    0.
  0.    0.    0.    0.    0.    0.    0.    0.    0.    0.    0.    0.
  0.    0.    0.    0.    0.    0.    0.    0.    0.    0.    0.    0.
  0.    0.    0.    0.    0.    0.    0.    0.    0.    0.    0.    0.
  0.    0.    0.    0.    0.    0.    0.    0.    0.    0.    0.    0.  ]"
3980,27.5,30,95.86,198.0,2023-01-19 09:21:34,3547.0,2652.4,32.2,"[ 6.6   6.6   6.6   6.6   6.6   2.39  2.39  2.39  2.39  2.39  2.39  3.72
  3.72  3.72  3.72  3.66  3.66  3.66  3.61  4.03  4.03  3.98  3.98  3.98
  6.18  6.18  0.93  0.93  0.93  0.93  2.3   2.3   2.3   2.3   2.3   2.3
  2.3  -0.   -0.   -0.   -0.   -0.   -0.   -0.   -0.   -0.   -0.   -0.
 -0.   -0.   -0.   -0.   -0.   -0.   -0.   -0.   -0.   -0.   -0.   -0.
 -0.   -0.   -0.   -0.   -0.   -0.   -0.   -0.   -0.   -0.   -0.   -0.
 -0.   -0.   -0.   -0.   -0.   -0.   -0.   -0.   -0.   -0.   -0.   -0.
 -0.   -0.   -0.   -0.   -0.   -0.   -0.   -0.   -0.   -0.   -0.   -0.  ]"
3981,27.5,30,85.46,198.0,2023-01-19 10:44:03,1367.3,853.7,12.4,"[ 4.34  4.34  4.34  4.34  4.34  4.34  0.18  0.18  0.18  0.18  1.38  1.38
  1.38  5.61  6.6   6.6   0.    0.    0.   -0.   -0.   -0.   -0.   -0.
 -0.   -0.   -0.   -0.   -0.   -0.   -0.   -0.   -0.   -0.   -0.   -0.
 -0.   -0.   -0.   -0.   -0.   -0.   -0.   -0.   -0.   -0.   -0.   -0.
 -0.   -0.   -0.   -0.   -0.   -0.   -0.   -0.   -0.   -0.   -0.   -0.
 -0.   -0.   -0.   -0.   -0.   -0.   -0.   -0.   -0.   -0.   -0.   -0.
 -0.   -0.   -0.   -0.   -0.   -0.   -0.   -0.   -0.   -0.   -0.   -0.
 -0.   -0.   -0.   -0.   -0.   -0.   -0.   -0.   -0.   -0.   -0.   -0.  ]"
3982,27.5,30,47.61,198.0,2023-01-19 12:15:18,666.5,395.1,6.1,"[ 3.46  3.46  3.46  3.46  3.46  3.46  3.46 -0.   -0.   -0.   -0.   -0.
 -0.    0.    0.    0.    0.    0.    0.    0.    0.    0.    0.    0.
  0.    0.    0.    0.    0.    0.    0.    0.    0.    0.    0.    0.
  0.    0.    0.    0.    0.    0.    0.    0.    0.    0.    0.    0.
  0.    0.    0.    0.    0.    0.    0.    0.    0.    0.    0.    0.
  0.    0.    0.    0.    0.    0.    0.    0.    0.    0.    0.    0.
  0.    0.    0.    0.    0.    0.    0.    0.    0.    0.    0.    0.
  0.    0.    0.    0.    0.    0.    0.    0.    0.    0.    0.    0.  ]"
3983,27.5,30,81.61,198.0,2023-01-19 14:14:38,1713.7,1642.6,15.6,"[ 6.6   6.6   4.72  4.72  4.72  6.14  6.13  0.55  0.55  0.55  0.55  1.05
  1.05  1.05  1.05  1.05  1.05  1.05  2.19  5.47  5.47 -0.   -0.   -0.
 -0.   -0.   -0.   -0.   -0.   -0.   -0.   -0.   -0.   -0.   -0.   -0.
 -0.   -0.   -0.   -0.   -0.   -0.   -0.   -0.   -0.   -0.   -0.   -0.
 -0.   -0.   -0.   -0.   -0.   -0.   -0.   -0.   -0.   -0.   -0.   -0.
 -0.   -0.   -0.   -0.   -0.   -0.   -0.   -0.   -0.   -0.   -0.   -0.
 -0.   -0.   -0.   -0.   -0.   -0.   -0.   -0.   -0.   -0.   -0.   -0.
 -0.   -0.   -0.   -0.   -0.   -0.   -0.   -0.   -0.   -0.   -0.   -0.  ]"
3984,27.5,30,88.12,198.0,2023-01-19 14:37:33,1498.1,1470.7,13.6,"[6.6  6.6  6.6  6.6  6.6  0.78 0.78 0.78 0.78 2.15 2.15 2.15 2.15 2.15
 2.15 2.15 3.29 0.   0.   0.   0.   0.   0.   0.   0.   0.   0.   0.
 0.   0.   0.   0.   0.   0.   0.   0.   0.   0.   0.   0.   0.   0.
 0.   0.   0.   0.   0.   0.   0.   0.   0.   0.   0.   0.   0.   0.
 0.   0.   0.   0.   0.   0.   0.   0.   0.   0.   0.   0.   0.   0.
 0.   0.   0.   0.   0.   0.   0.   0.   0.   0.   0.   0.   0.   0.
 0.   0.   0.   0.   0.   0.   0.   0.   0.   0.   0.   0.  ]"
3985,27.5,30,89.83,198.0,2023-01-19 15:52:42,1976.4,2586.4,18.0,"[ 1.49  1.49  1.49  1.49  1.48  1.48  1.48  1.48  1.48  1.48  1.48  1.51
  1.77  1.77  6.21  6.21  6.21  6.21  6.21  6.21  6.6   6.6  -0.   -0.
 -0.   -0.   -0.   -0.   -0.   -0.   -0.   -0.   -0.   -0.   -0.   -0.
 -0.   -0.   -0.   -0.   -0.   -0.   -0.   -0.   -0.   -0.   -0.   -0.
 -0.   -0.   -0.   -0.   -0.   -0.   -0.   -0.   -0.   -0.   -0.   -0.
 -0.   -0.   -0.   -0.   -0.   -0.   -0.   -0.   -0.   -0.   -0.   -0.
 -0.   -0.   -0.   -0.   -0.   -0.   -0.   -0.   -0.   -0.   -0.   -0.
 -0.   -0.   -0.   -0.   -0.   -0.   -0.   -0.   -0.   -0.   -0.   -0.  ]"
3986,27.5,30,92.59,198.0,2023-01-19 22:18:45,277.8,187.9,2.5,"[3.37 3.37 3.37 0.   0.   0.   0.   0.   0.   0.   0.   0.   0.   0.
 0.   0.   0.   0.   0.   0.   0.   0.   0.   0.   0.   0.   0.   0.
 0.   0.   0.   0.   0.   0.   0.   0.   0.   0.   0.   0.   0.   0.
 0.   0.   0.   0.   0.   0.   0.   0.   0.   0.   0.   0.   0.   0.
 0.   0.   0.   0.   0.   0.   0.   0.   0.   0.   0.   0.   0.   0.
 0.   0.   0.   0.   0.   0.   0.   0.   0.   0.   0.   0.   0.   0.
 0.   0.   0.   0.   0.   0.   0.   0.   0.   0.   0.   0.  ]"
3987,27.5,30,118.53,198.0,2023-01-20 06:26:49,829.7,561.2,7.5,"[ 5.03  5.03  5.03  5.03  5.03  2.51  2.51 -0.   -0.   -0.   -0.   -0.
 -0.   -0.   -0.   -0.   -0.   -0.   -0.   -0.   -0.   -0.   -0.   -0.
 -0.   -0.   -0.   -0.   -0.   -0.   -0.   -0.   -0.   -0.   -0.   -0.
 -0.   -0.   -0.   -0.   -0.   -0.   -0.   -0.   -0.   -0.   -0.   -0.
 -0.   -0.   -0.   -0.   -0.   -0.   -0.   -0.   -0.   -0.   -0.   -0.
 -0.   -0.   -0.   -0.   -0.   -0.   -0.   -0.   -0.   -0.   -0.   -0.
 -0.   -0.   -0.   -0.   -0.   -0.   -0.   -0.   -0.   -0.   -0.   -0.
 -0.   -0.   -0.   -0.   -0.   -0.   -0.   -0.   -0.   -0.   -0.   -0.  ]"
3988,27.5,30,71.09,198.0,2023-01-20 07:36:20,1421.8,842.7,12.9,"[-0.   -0.   -0.   -0.   -0.    3.38  3.45  3.45  3.45  3.45  3.45  3.45
  3.45  3.45  3.45  3.45  3.45  3.45  3.45  3.45  0.    0.    0.    0.
  0.    0.    0.    0.    0.    0.    0.    0.    0.    0.    0.    0.
  0.    0.    0.    0.    0.    0.    0.    0.    0.    0.    0.    0.
  0.    0.    0.    0.    0.    0.    0.    0.    0.    0.    0.    0.
  0.    0.    0.    0.    0.    0.    0.    0.    0.    0.    0.    0.
  0.    0.    0.    0.    0.    0.    0.    0.    0.    0.    0.    0.
  0.    0.    0.    0.    0.    0.    0.    0.    0.    0.    0.    0.  ]"
3989,27.5,30,31.45,198.0,2023-01-20 09:00:30,849.3,503.4,7.7,"[ 0.85  0.87  0.87  0.87  0.87  0.87  0.87  0.87  0.87  0.87  0.87  0.87
  0.87  0.87  0.87  3.58  3.58  3.58  3.58  3.58 -0.   -0.   -0.   -0.
 -0.   -0.   -0.    0.    0.    0.    0.    0.    0.    0.    0.    0.
  0.    0.    0.    0.    0.    0.    0.    0.    0.    0.    0.    0.
  0.    0.    0.    0.    0.    0.    0.    0.    0.    0.    0.    0.
  0.    0.    0.    0.    0.    0.    0.    0.    0.    0.    0.    0.
  0.    0.    0.    0.    0.    0.    0.    0.    0.    0.    0.    0.
  0.    0.    0.    0.    0.    0.    0.    0.    0.    0.    0.    0.  ]"
3990,27.5,30,95.28,198.0,2023-01-20 09:15:53,2000.9,1186.0,18.2,"[ 3.62  3.62  3.62  3.62  3.62  3.62  3.62  3.62  3.62  3.62  3.62  3.62
  3.62  3.62  4.41  4.41  4.41  4.41  4.41 -0.   -0.   -0.   -0.   -0.
 -0.   -0.    0.    0.    0.    0.    0.    0.    0.    0.    0.    0.
  0.    0.    0.    0.    0.    0.    0.    0.    0.    0.    0.    0.
  0.    0.    0.    0.    0.    0.    0.    0.    0.    0.    0.    0.
  0.    0.    0.    0.    0.    0.    0.    0.    0.    0.    0.    0.
  0.    0.    0.    0.    0.    0.    0.    0.    0.    0.    0.    0.
  0.    0.    0.    0.    0.    0.    0.    0.    0.    0.    0.    0.  ]"
3992,27.5,30,83.15,198.0,2023-01-20 21:31:56,498.9,337.4,4.5,"[3.02 3.02 3.02 3.02 3.02 3.02 0.   0.   0.   0.   0.   0.   0.   0.
 0.   0.   0.   0.   0.   0.   0.   0.   0.   0.   0.   0.   0.   0.
 0.   0.   0.   0.   0.   0.   0.   0.   0.   0.   0.   0.   0.   0.
 0.   0.   0.   0.   0.   0.   0.   0.   0.   0.   0.   0.   0.   0.
 0.   0.   0.   0.   0.   0.   0.   0.   0.   0.   0.   0.   0.   0.
 0.   0.   0.   0.   0.   0.   0.   0.   0.   0.   0.   0.   0.   0.
 0.   0.   0.   0.   0.   0.   0.   0.   0.   0.   0.   0.  ]"
3993,27.5,30,91.51,198.0,2023-01-21 08:58:02,2470.8,1464.5,22.5,"[ 4.49  4.49  4.49  4.49  4.49  4.49  4.49  4.49  4.49  4.49  4.49  4.49
  4.49  4.49  4.49  4.49  4.49  4.49  4.49  4.49  0.    0.    0.    0.
  0.    0.    0.   -0.   -0.   -0.   -0.   -0.   -0.   -0.   -0.   -0.
 -0.   -0.   -0.   -0.   -0.   -0.   -0.   -0.   -0.   -0.   -0.   -0.
 -0.   -0.   -0.   -0.   -0.   -0.   -0.   -0.   -0.   -0.   -0.   -0.
 -0.   -0.   -0.   -0.   -0.   -0.   -0.   -0.   -0.   -0.   -0.   -0.
 -0.   -0.   -0.   -0.   -0.   -0.   -0.   -0.   -0.   -0.   -0.   -0.
 -0.   -0.   -0.   -0.   -0.   -0.   -0.   -0.   -0.   -0.   -0.   -0.  ]"
3997,27.5,30,89.82,198.0,2023-01-21 16:10:38,538.9,781.9,4.9,"[3.27 3.27 3.27 3.27 3.27 3.27 0.   0.   0.   0.   0.   0.   0.   0.
 0.   0.   0.   0.   0.   0.   0.   0.   0.   0.   0.   0.   0.   0.
 0.   0.   0.   0.   0.   0.   0.   0.   0.   0.   0.   0.   0.   0.
 0.   0.   0.   0.   0.   0.   0.   0.   0.   0.   0.   0.   0.   0.
 0.   0.   0.   0.   0.   0.   0.   0.   0.   0.   0.   0.   0.   0.
 0.   0.   0.   0.   0.   0.   0.   0.   0.   0.   0.   0.   0.   0.
 0.   0.   0.   0.   0.   0.   0.   0.   0.   0.   0.   0.  ]"
3998,27.5,30,55.75,198.0,2023-01-21 17:17:45,1115.0,914.8,10.1,"[ 0.54  0.54  0.54  0.54  0.54  0.54  0.54  0.54  0.54  0.54  0.54  0.54
  0.54  0.54  6.6   5.28  5.28  5.28  5.28  5.28 -0.   -0.   -0.   -0.
 -0.   -0.   -0.   -0.   -0.   -0.   -0.   -0.   -0.   -0.   -0.   -0.
 -0.   -0.   -0.   -0.   -0.   -0.   -0.   -0.   -0.   -0.   -0.   -0.
 -0.   -0.   -0.   -0.   -0.   -0.   -0.   -0.   -0.   -0.   -0.   -0.
 -0.   -0.   -0.   -0.   -0.   -0.   -0.   -0.   -0.   -0.   -0.   -0.
 -0.   -0.   -0.   -0.   -0.   -0.   -0.   -0.   -0.   -0.   -0.   -0.
 -0.   -0.   -0.   -0.   -0.   -0.   -0.   -0.   -0.   -0.   -0.   -0.  ]"
3999,27.5,30,88.62,198.0,2023-01-21 21:12:29,708.9,479.5,6.4,"[1.21 1.21 1.21 1.21 1.21 6.58 6.58 6.58 0.   0.   0.   0.   0.   0.
 0.   0.   0.   0.   0.   0.   0.   0.   0.   0.   0.   0.   0.   0.
 0.   0.   0.   0.   0.   0.   0.   0.   0.   0.   0.   0.   0.   0.
 0.   0.   0.   0.   0.   0.   0.   0.   0.   0.   0.   0.   0.   0.
 0.   0.   0.   0.   0.   0.   0.   0.   0.   0.   0.   0.   0.   0.
 0.   0.   0.   0.   0.   0.   0.   0.   0.   0.   0.   0.   0.   0.
 0.   0.   0.   0.   0.   0.   0.   0.   0.   0.   0.   0.  ]"
4001,27.5,30,86.96,198.0,2023-01-22 22:03:34,347.9,235.3,3.2,"[ 3.16  3.16  3.16  3.16 -0.   -0.   -0.   -0.   -0.   -0.   -0.   -0.
 -0.   -0.   -0.   -0.   -0.   -0.   -0.   -0.   -0.   -0.   -0.   -0.
 -0.   -0.   -0.   -0.   -0.   -0.   -0.   -0.   -0.   -0.   -0.   -0.
 -0.   -0.   -0.   -0.   -0.   -0.   -0.   -0.   -0.   -0.   -0.   -0.
 -0.   -0.   -0.   -0.   -0.   -0.   -0.   -0.   -0.   -0.   -0.   -0.
 -0.   -0.   -0.   -0.   -0.   -0.   -0.   -0.   -0.   -0.   -0.   -0.
 -0.   -0.   -0.   -0.   -0.   -0.   -0.   -0.   -0.   -0.   -0.   -0.
 -0.   -0.   -0.   -0.   -0.   -0.   -0.   -0.   -0.   -0.   -0.   -0.  ]"
4002,27.5,30,94.52,198.0,2023-01-23 07:30:24,1512.3,896.4,13.7,"[-0.  -0.  -0.  -0.  -0.  -0.   5.5  5.5  5.5  5.5  5.5  5.5  5.5  5.5
  5.5  5.5  0.   0.   0.   0.   0.   0.   0.   0.   0.   0.   0.   0.
  0.   0.   0.   0.   0.   0.   0.   0.   0.   0.   0.   0.   0.   0.
  0.   0.   0.   0.   0.   0.   0.   0.   0.   0.   0.   0.   0.   0.
  0.   0.   0.   0.   0.   0.   0.   0.   0.   0.   0.   0.   0.   0.
  0.   0.   0.   0.   0.   0.   0.   0.   0.   0.   0.   0.   0.   0.
  0.   0.   0.   0.   0.   0.   0.   0.   0.   0.   0.   0. ]"
4003,27.5,30,71.31,198.0,2023-01-23 08:19:44,2567.3,1725.2,23.3,"[0.   0.   4.7  4.34 2.66 2.09 2.09 2.09 2.09 2.09 2.09 2.09 2.69 2.69
 2.69 2.69 2.69 2.69 2.69 2.69 3.86 3.86 2.72 2.72 4.4  4.4  4.4  5.48
 4.07 4.07 0.94 0.94 0.94 0.94 0.94 0.76 0.   0.   0.   0.   0.   0.
 0.   0.   0.   0.   0.   0.   0.   0.   0.   0.   0.   0.   0.   0.
 0.   0.   0.   0.   0.   0.   0.   0.   0.   0.   0.   0.   0.   0.
 0.   0.   0.   0.   0.   0.   0.   0.   0.   0.   0.   0.   0.   0.
 0.   0.   0.   0.   0.   0.   0.   0.   0.   0.   0.   0.  ]"
4004,27.5,30,83.95,198.0,2023-01-23 08:46:06,1511.0,895.6,13.7,"[0.32 1.97 2.65 2.27 2.27 2.27 2.27 2.27 2.27 2.27 4.27 4.27 4.27 4.27
 4.27 4.27 4.27 4.27 0.   0.   0.   0.   0.   0.   0.   0.   0.   0.
 0.   0.   0.   0.   0.   0.   0.   0.   0.   0.   0.   0.   0.   0.
 0.   0.   0.   0.   0.   0.   0.   0.   0.   0.   0.   0.   0.   0.
 0.   0.   0.   0.   0.   0.   0.   0.   0.   0.   0.   0.   0.   0.
 0.   0.   0.   0.   0.   0.   0.   0.   0.   0.   0.   0.   0.   0.
 0.   0.   0.   0.   0.   0.   0.   0.   0.   0.   0.   0.  ]"
4005,27.5,30,93.34,198.0,2023-01-23 08:52:32,2333.5,1434.9,21.2,"[ 4.14  2.51  2.57  1.81  1.81  1.81  1.81  1.81  1.81  1.81  3.81  3.81
  3.81  3.81  3.81  3.81  3.81  3.81  4.98  4.98  3.84  3.84  4.94  4.94
  4.94 -0.   -0.   -0.   -0.   -0.   -0.   -0.   -0.   -0.    0.    0.
  0.    0.    0.    0.    0.    0.    0.    0.    0.    0.    0.    0.
  0.    0.    0.    0.    0.    0.    0.    0.    0.    0.    0.    0.
  0.    0.    0.    0.    0.    0.    0.    0.    0.    0.    0.    0.
  0.    0.    0.    0.    0.    0.    0.    0.    0.    0.    0.    0.
  0.    0.    0.    0.    0.    0.    0.    0.    0.    0.    0.    0.  ]"
4006,27.5,30,56.31,198.0,2023-01-23 09:03:20,1182.5,713.2,10.7,"[ 2.22  1.27  0.74  0.74  0.74  0.74  0.74  0.74  0.74  2.66  2.66  2.66
  2.66  2.66  2.66  2.66  2.66  3.83  3.83  2.69  2.69  0.    0.    0.
  0.    0.    0.    0.    0.    0.    0.    0.    0.   -0.   -0.   -0.
 -0.   -0.   -0.   -0.   -0.   -0.   -0.   -0.   -0.   -0.   -0.   -0.
 -0.   -0.   -0.   -0.   -0.   -0.   -0.   -0.   -0.   -0.   -0.   -0.
 -0.   -0.   -0.   -0.   -0.   -0.   -0.   -0.   -0.   -0.   -0.   -0.
 -0.   -0.   -0.   -0.   -0.   -0.   -0.   -0.   -0.   -0.   -0.   -0.
 -0.   -0.   -0.   -0.   -0.   -0.   -0.   -0.   -0.   -0.   -0.   -0.  ]"
4008,27.5,30,100.02,198.0,2023-01-23 09:22:40,3500.5,2300.1,31.8,"[3.98 3.2  3.2  3.2  3.2  3.2  3.2  3.2  5.21 5.21 5.21 5.21 5.21 5.21
 5.21 5.21 5.97 5.97 5.23 5.23 5.48 5.48 5.48 5.47 4.73 4.73 0.57 0.57
 0.57 0.57 0.57 0.38 0.75 0.75 0.75 0.   0.   0.   0.   0.   0.   0.
 0.   0.   0.   0.   0.   0.   0.   0.   0.   0.   0.   0.   0.   0.
 0.   0.   0.   0.   0.   0.   0.   0.   0.   0.   0.   0.   0.   0.
 0.   0.   0.   0.   0.   0.   0.   0.   0.   0.   0.   0.   0.   0.
 0.   0.   0.   0.   0.   0.   0.   0.   0.   0.   0.   0.  ]"
4009,27.5,30,84.89,198.0,2023-01-23 09:28:53,679.1,402.5,6.2,"[ 3.53  3.02  3.02  3.02  3.02  3.02  3.02  3.02  0.    0.    0.    0.
  0.    0.    0.    0.    0.    0.    0.    0.    0.    0.    0.    0.
  0.    0.   -0.   -0.   -0.   -0.   -0.   -0.    0.    0.    0.    0.
  0.    0.    0.    0.    0.    0.    0.    0.    0.    0.    0.    0.
  0.    0.    0.    0.    0.    0.    0.    0.    0.    0.    0.    0.
  0.    0.    0.    0.    0.    0.    0.    0.    0.    0.    0.    0.
  0.    0.    0.    0.    0.    0.    0.    0.    0.    0.    0.    0.
  0.    0.    0.    0.    0.    0.    0.    0.    0.    0.    0.    0.  ]"
4012,27.5,30,96.45,198.0,2023-01-23 09:33:01,3375.7,2075.6,30.7,"[ 6.6   6.6   6.6   6.6   6.6   6.6   6.6   6.6   6.6   6.6   6.6   6.6
  6.6   6.6   6.6   6.6   6.6   0.74  0.74  0.66  0.66  0.66  2.37  1.18
  1.18  0.19  0.19  0.19  0.19  0.19  0.18  0.33  0.33  0.33  0.26 -0.
 -0.   -0.   -0.   -0.   -0.   -0.   -0.   -0.   -0.   -0.   -0.   -0.
 -0.   -0.   -0.   -0.   -0.   -0.   -0.   -0.   -0.   -0.   -0.   -0.
 -0.   -0.   -0.   -0.   -0.   -0.   -0.   -0.   -0.   -0.   -0.   -0.
 -0.   -0.   -0.   -0.   -0.   -0.   -0.   -0.   -0.   -0.   -0.   -0.
 -0.   -0.   -0.   -0.   -0.   -0.   -0.   -0.   -0.   -0.   -0.   -0.  ]"
4013,27.5,30,67.9,198.0,2023-01-23 15:18:21,1018.5,1196.6,9.3,"[6.6  6.6  1.19 1.19 1.19 1.19 1.19 1.   1.37 1.37 1.37 2.24 3.5  3.5
 3.5  0.   0.   0.   0.   0.   0.   0.   0.   0.   0.   0.   0.   0.
 0.   0.   0.   0.   0.   0.   0.   0.   0.   0.   0.   0.   0.   0.
 0.   0.   0.   0.   0.   0.   0.   0.   0.   0.   0.   0.   0.   0.
 0.   0.   0.   0.   0.   0.   0.   0.   0.   0.   0.   0.   0.   0.
 0.   0.   0.   0.   0.   0.   0.   0.   0.   0.   0.   0.   0.   0.
 0.   0.   0.   0.   0.   0.   0.   0.   0.   0.   0.   0.  ]"
4015,27.5,30,19.21,198.0,2023-01-23 16:00:44,96.0,139.3,0.9,"[0.7 0.7 0.7 0.7 0.7 0.  0.  0.  0.  0.  0.  0.  0.  0.  0.  0.  0.  0.
 0.  0.  0.  0.  0.  0.  0.  0.  0.  0.  0.  0.  0.  0.  0.  0.  0.  0.
 0.  0.  0.  0.  0.  0.  0.  0.  0.  0.  0.  0.  0.  0.  0.  0.  0.  0.
 0.  0.  0.  0.  0.  0.  0.  0.  0.  0.  0.  0.  0.  0.  0.  0.  0.  0.
 0.  0.  0.  0.  0.  0.  0.  0.  0.  0.  0.  0.  0.  0.  0.  0.  0.  0.
 0.  0.  0.  0.  0.  0. ]"
4017,27.5,30,86.26,198.0,2023-01-23 22:04:02,345.0,233.4,3.1,"[ 3.14  3.14  3.14  3.14 -0.   -0.   -0.   -0.   -0.   -0.   -0.   -0.
 -0.   -0.   -0.   -0.   -0.   -0.   -0.   -0.   -0.   -0.   -0.   -0.
 -0.   -0.   -0.   -0.   -0.   -0.   -0.   -0.   -0.   -0.   -0.   -0.
 -0.   -0.   -0.   -0.   -0.   -0.   -0.   -0.   -0.   -0.   -0.   -0.
 -0.   -0.   -0.   -0.   -0.   -0.   -0.   -0.   -0.   -0.   -0.   -0.
 -0.   -0.   -0.   -0.   -0.   -0.   -0.   -0.   -0.   -0.   -0.   -0.
 -0.   -0.   -0.   -0.   -0.   -0.   -0.   -0.   -0.   -0.   -0.   -0.
 -0.   -0.   -0.   -0.   -0.   -0.   -0.   -0.   -0.   -0.   -0.   -0.  ]"
4018,27.5,30,84.33,198.0,2023-01-24 08:16:10,1349.3,799.8,12.3,"[ 0.    0.    3.7   3.22  3.37  3.21  3.37  3.37  3.37  3.37  3.37  3.37
  3.37  3.37  3.37  5.2  -0.   -0.   -0.   -0.   -0.   -0.   -0.   -0.
 -0.   -0.   -0.   -0.   -0.   -0.   -0.   -0.   -0.   -0.   -0.   -0.
 -0.   -0.   -0.   -0.   -0.   -0.   -0.   -0.   -0.   -0.   -0.   -0.
 -0.   -0.   -0.   -0.   -0.   -0.   -0.   -0.   -0.   -0.   -0.   -0.
 -0.   -0.   -0.   -0.   -0.   -0.   -0.   -0.   -0.   -0.   -0.   -0.
 -0.   -0.   -0.   -0.   -0.   -0.   -0.   -0.   -0.   -0.   -0.   -0.
 -0.   -0.   -0.   -0.   -0.   -0.   -0.   -0.   -0.   -0.   -0.   -0.  ]"
4019,27.5,30,90.32,198.0,2023-01-24 08:43:46,1264.5,749.5,11.5,"[ 0.    3.81  3.49  3.52  3.52  3.52  3.52  3.52  3.52  3.52  3.52  3.52
  3.52  3.52 -0.   -0.   -0.   -0.   -0.   -0.   -0.   -0.   -0.   -0.
 -0.   -0.   -0.   -0.   -0.   -0.   -0.   -0.   -0.   -0.   -0.   -0.
 -0.   -0.   -0.   -0.   -0.   -0.   -0.   -0.   -0.   -0.   -0.   -0.
 -0.   -0.   -0.   -0.   -0.   -0.   -0.   -0.   -0.   -0.   -0.   -0.
 -0.   -0.   -0.   -0.   -0.   -0.   -0.   -0.   -0.   -0.   -0.   -0.
 -0.   -0.   -0.   -0.   -0.   -0.   -0.   -0.   -0.   -0.   -0.   -0.
 -0.   -0.   -0.   -0.   -0.   -0.   -0.   -0.   -0.   -0.   -0.   -0.  ]"
4020,27.5,30,58.67,198.0,2023-01-24 09:02:01,1584.0,956.5,14.4,"[ 1.58  1.57  1.33  1.4   1.4   1.4   1.4   1.4   1.4   1.4   1.4   1.4
  4.7   4.7   4.7   4.7   4.7   4.7   4.7  -0.    1.09  1.09  1.09  1.09
  1.09  1.09  1.09  0.    0.    0.    0.    0.    0.    0.    0.    0.
  0.    0.    0.    0.    0.    0.    0.    0.    0.    0.    0.    0.
  0.    0.    0.    0.    0.    0.    0.    0.    0.    0.    0.    0.
  0.    0.    0.    0.    0.    0.    0.    0.    0.    0.    0.    0.
  0.    0.    0.    0.    0.    0.    0.    0.    0.    0.    0.    0.
  0.    0.    0.    0.    0.    0.    0.    0.    0.    0.    0.    0.  ]"
4023,27.5,30,97.95,198.0,2023-01-24 09:29:47,3918.0,2402.6,35.6,"[ 6.6   6.6   6.6   6.6   6.6   6.6   6.6   6.6   6.6   6.6   6.6   6.6
  6.6   6.6   6.6   6.6   6.6   6.6   1.32  3.02  3.02  3.02  3.02  3.02
  3.02  3.02 -0.   -0.    0.11  0.11  0.11  0.11  0.11  0.11  0.13  0.13
  0.13  0.06  0.06  0.06 -0.   -0.   -0.   -0.   -0.   -0.   -0.   -0.
 -0.   -0.   -0.   -0.   -0.   -0.   -0.   -0.   -0.   -0.   -0.   -0.
 -0.   -0.   -0.   -0.   -0.   -0.   -0.   -0.   -0.   -0.   -0.   -0.
 -0.   -0.   -0.   -0.   -0.   -0.   -0.   -0.   -0.   -0.   -0.   -0.
 -0.   -0.   -0.   -0.   -0.   -0.   -0.   -0.   -0.   -0.   -0.   -0.  ]"
4024,27.5,30,71.5,198.0,2023-01-24 09:33:43,786.5,466.2,7.2,"[ 2.87  2.39  2.39  2.39  2.39  2.39  2.39  2.39  2.39  2.39  4.21  0.
  0.    0.    0.    0.    0.   -0.   -0.   -0.   -0.   -0.   -0.   -0.
 -0.    0.    0.    0.    0.    0.    0.    0.    0.    0.    0.    0.
  0.    0.    0.    0.    0.    0.    0.    0.    0.    0.    0.    0.
  0.    0.    0.    0.    0.    0.    0.    0.    0.    0.    0.    0.
  0.    0.    0.    0.    0.    0.    0.    0.    0.    0.    0.    0.
  0.    0.    0.    0.    0.    0.    0.    0.    0.    0.    0.    0.
  0.    0.    0.    0.    0.    0.    0.    0.    0.    0.    0.    0.  ]"
4025,27.5,30,85.43,198.0,2023-01-24 09:47:28,3246.3,1954.5,29.5,"[ 6.6   6.6   6.6   6.6   6.6   6.6   6.6   6.6   6.6   6.49  6.49  6.49
  6.49  6.49  6.49  6.49 -0.    1.89  1.89  1.89  1.89  1.89  1.89  1.89
 -0.   -0.    0.    0.    0.    0.    0.    0.   -0.   -0.   -0.    0.
  0.    0.    0.    0.    0.    0.    0.    0.    0.    0.    0.    0.
  0.    0.    0.    0.    0.    0.    0.    0.    0.    0.    0.    0.
  0.    0.    0.    0.    0.    0.    0.    0.    0.    0.    0.    0.
  0.    0.    0.    0.    0.    0.    0.    0.    0.    0.    0.    0.
  0.    0.    0.    0.    0.    0.    0.    0.    0.    0.    0.    0.  ]"
4022,27.5,30,97.64,198.0,2023-01-24 12:15:14,2538.7,1610.8,23.1,"[ 6.6   6.6   6.6   6.6   6.6   6.6   6.6   5.76  5.76  5.76  5.76  5.76
  5.76  5.76  5.76  0.    0.    0.    0.    0.    0.    0.    0.    0.
  0.    0.    0.    0.    0.   -0.   -0.   -0.   -0.   -0.   -0.   -0.
 -0.   -0.   -0.   -0.   -0.   -0.   -0.   -0.   -0.   -0.   -0.   -0.
 -0.   -0.   -0.   -0.   -0.   -0.   -0.   -0.   -0.   -0.   -0.   -0.
 -0.   -0.   -0.   -0.   -0.   -0.   -0.   -0.   -0.   -0.   -0.   -0.
 -0.   -0.   -0.   -0.   -0.   -0.   -0.   -0.   -0.   -0.   -0.   -0.
 -0.   -0.   -0.   -0.   -0.   -0.   -0.   -0.   -0.   -0.   -0.   -0.  ]"
4027,27.5,30,90.91,198.0,2023-01-24 14:02:13,1181.8,799.3,10.7,"[ 6.14  6.14  6.14  6.14  6.14  6.14  6.14  0.    0.    0.    0.    0.
  0.    0.    0.    0.    0.    0.   -0.   -0.   -0.    0.    0.    0.
  0.    0.    0.    0.    0.    0.    0.    0.    0.    0.    0.    0.
  0.    0.    0.    0.    0.    0.    0.    0.    0.    0.    0.    0.
  0.    0.    0.    0.    0.    0.    0.    0.    0.    0.    0.    0.
  0.    0.    0.    0.    0.    0.    0.    0.    0.    0.    0.    0.
  0.    0.    0.    0.    0.    0.    0.    0.    0.    0.    0.    0.
  0.    0.    0.    0.    0.    0.    0.    0.    0.    0.    0.    0.  ]"
4030,27.5,30,88.99,198.0,2023-01-24 16:21:09,1067.8,1549.3,9.7,"[3.53 3.53 3.53 3.53 3.53 3.53 3.63 3.63 3.63 2.25 2.25 2.25 0.   0.
 0.   0.   0.   0.   0.   0.   0.   0.   0.   0.   0.   0.   0.   0.
 0.   0.   0.   0.   0.   0.   0.   0.   0.   0.   0.   0.   0.   0.
 0.   0.   0.   0.   0.   0.   0.   0.   0.   0.   0.   0.   0.   0.
 0.   0.   0.   0.   0.   0.   0.   0.   0.   0.   0.   0.   0.   0.
 0.   0.   0.   0.   0.   0.   0.   0.   0.   0.   0.   0.   0.   0.
 0.   0.   0.   0.   0.   0.   0.   0.   0.   0.   0.   0.  ]"
4032,27.5,30,88.16,198.0,2023-01-24 17:53:08,264.5,383.7,2.4,"[ 3.21  3.21  3.21  0.    0.    0.   -0.   -0.   -0.   -0.   -0.   -0.
 -0.   -0.   -0.   -0.   -0.   -0.   -0.   -0.   -0.   -0.   -0.   -0.
 -0.   -0.   -0.   -0.   -0.   -0.   -0.   -0.   -0.   -0.   -0.   -0.
 -0.   -0.   -0.   -0.   -0.   -0.   -0.   -0.   -0.   -0.   -0.   -0.
 -0.   -0.   -0.   -0.   -0.   -0.   -0.   -0.   -0.   -0.   -0.   -0.
 -0.   -0.   -0.   -0.   -0.   -0.   -0.   -0.   -0.   -0.   -0.   -0.
 -0.   -0.   -0.   -0.   -0.   -0.   -0.   -0.   -0.   -0.   -0.   -0.
 -0.   -0.   -0.   -0.   -0.   -0.   -0.   -0.   -0.   -0.   -0.   -0.  ]"
4034,27.5,30,84.96,198.0,2023-01-25 07:37:09,2293.9,1359.7,20.9,"[ 0.    0.    0.    0.    0.    4.38  4.38  4.38  4.14  4.13  4.13  4.13
  4.13  4.13  4.13  4.13  4.13  4.13  4.13  4.13  4.13  4.13  4.13  4.13
  4.13  0.    0.   -0.   -0.   -0.   -0.   -0.   -0.   -0.   -0.   -0.
 -0.   -0.   -0.   -0.   -0.   -0.   -0.   -0.   -0.   -0.   -0.   -0.
 -0.   -0.   -0.   -0.   -0.   -0.   -0.   -0.   -0.   -0.   -0.   -0.
 -0.   -0.   -0.   -0.   -0.   -0.   -0.   -0.   -0.   -0.   -0.   -0.
 -0.   -0.   -0.   -0.   -0.   -0.   -0.   -0.   -0.   -0.   -0.   -0.
 -0.   -0.   -0.   -0.   -0.   -0.   -0.   -0.   -0.   -0.   -0.   -0.  ]"
4035,27.5,30,105.86,198.0,2023-01-25 07:42:22,4022.6,2417.2,36.6,"[ 0.91  0.91  0.91  0.91  0.91  6.6   6.6   6.6   6.6   6.6   6.6   6.6
  6.6   6.6   6.6   6.6   6.6   6.6   6.6   6.6   6.6   6.6   6.6   6.6
  6.6   0.16  0.16  0.56  0.56  2.39  2.39  1.76  1.76  0.    0.    0.
  0.    0.   -0.   -0.   -0.   -0.   -0.   -0.   -0.   -0.   -0.   -0.
 -0.   -0.   -0.   -0.   -0.   -0.   -0.   -0.   -0.   -0.   -0.   -0.
 -0.   -0.   -0.   -0.   -0.   -0.   -0.   -0.   -0.   -0.   -0.   -0.
 -0.   -0.   -0.   -0.   -0.   -0.   -0.   -0.   -0.   -0.   -0.   -0.
 -0.   -0.   -0.   -0.   -0.   -0.   -0.   -0.   -0.   -0.   -0.   -0.  ]"
4037,27.5,30,57.54,198.0,2023-01-25 09:31:25,2014.0,1225.0,18.3,"[4.05 4.07 4.07 4.07 4.07 4.07 4.07 4.07 4.07 4.07 4.07 4.07 4.07 4.06
 4.06 4.06 4.06 0.   0.   0.01 0.01 1.02 1.02 0.51 0.51 0.   0.   0.
 0.   0.   0.2  0.2  0.2  0.2  0.2  0.   0.   0.   0.   0.   0.   0.
 0.   0.   0.   0.   0.   0.   0.   0.   0.   0.   0.   0.   0.   0.
 0.   0.   0.   0.   0.   0.   0.   0.   0.   0.   0.   0.   0.   0.
 0.   0.   0.   0.   0.   0.   0.   0.   0.   0.   0.   0.   0.   0.
 0.   0.   0.   0.   0.   0.   0.   0.   0.   0.   0.   0.  ]"
4039,27.5,30,16.12,198.0,2023-01-25 09:43:21,306.2,181.5,2.8,"[0.69 0.65 0.65 0.65 0.65 0.65 0.65 0.65 0.65 0.65 0.65 0.65 0.65 0.65
 0.65 0.65 0.65 0.   0.   0.   0.   0.   0.   0.   0.   0.   0.   0.
 0.   0.   0.   0.   0.   0.   0.   0.   0.   0.   0.   0.   0.   0.
 0.   0.   0.   0.   0.   0.   0.   0.   0.   0.   0.   0.   0.   0.
 0.   0.   0.   0.   0.   0.   0.   0.   0.   0.   0.   0.   0.   0.
 0.   0.   0.   0.   0.   0.   0.   0.   0.   0.   0.   0.   0.   0.
 0.   0.   0.   0.   0.   0.   0.   0.   0.   0.   0.   0.  ]"
4040,27.5,30,10.85,198.0,2023-01-25 09:53:31,368.9,224.8,3.4,"[0.84 0.84 0.78 0.78 0.78 0.78 0.78 0.78 0.78 0.78 0.78 0.78 0.78 0.78
 0.78 0.78 0.   0.   0.01 0.01 0.2  0.2  0.1  0.1  0.   0.   0.   0.
 0.   0.04 0.04 0.04 0.04 0.04 0.   0.   0.   0.   0.   0.   0.   0.
 0.   0.   0.   0.   0.   0.   0.   0.   0.   0.   0.   0.   0.   0.
 0.   0.   0.   0.   0.   0.   0.   0.   0.   0.   0.   0.   0.   0.
 0.   0.   0.   0.   0.   0.   0.   0.   0.   0.   0.   0.   0.   0.
 0.   0.   0.   0.   0.   0.   0.   0.   0.   0.   0.   0.  ]"
4041,27.5,30,62.23,198.0,2023-01-25 10:22:37,1244.7,745.2,11.3,"[ 3.23  3.23  3.23  3.23  3.23  3.23  3.23  3.23  3.23  3.23  2.42  2.42
  2.42  2.42  0.    0.    0.    0.    1.62  1.62 -0.   -0.   -0.   -0.
 -0.   -0.   -0.    0.    0.    0.    0.    0.    0.    0.    0.    0.
  0.    0.    0.    0.    0.    0.    0.    0.    0.    0.    0.    0.
  0.    0.    0.    0.    0.    0.    0.    0.    0.    0.    0.    0.
  0.    0.    0.    0.    0.    0.    0.    0.    0.    0.    0.    0.
  0.    0.    0.    0.    0.    0.    0.    0.    0.    0.    0.    0.
  0.    0.    0.    0.    0.    0.    0.    0.    0.    0.    0.    0.  ]"
4042,27.5,30,91.4,198.0,2023-01-25 12:52:04,1553.8,990.2,14.1,"[6.6  6.6  6.6  6.6  4.16 4.16 4.3  4.3  2.61 2.61 3.98 3.98 0.   0.
 0.   0.   0.   0.   0.   0.   0.   0.   0.   0.   0.   0.   0.   0.
 0.   0.   0.   0.   0.   0.   0.   0.   0.   0.   0.   0.   0.   0.
 0.   0.   0.   0.   0.   0.   0.   0.   0.   0.   0.   0.   0.   0.
 0.   0.   0.   0.   0.   0.   0.   0.   0.   0.   0.   0.   0.   0.
 0.   0.   0.   0.   0.   0.   0.   0.   0.   0.   0.   0.   0.   0.
 0.   0.   0.   0.   0.   0.   0.   0.   0.   0.   0.   0.  ]"
4043,27.5,30,79.73,198.0,2023-01-25 14:55:23,2551.4,2279.2,23.2,"[6.6  6.6  6.6  6.6  0.63 0.63 0.63 0.63 0.63 1.93 1.93 1.93 1.93 1.93
 1.93 1.93 1.12 1.12 1.12 1.12 1.12 1.24 1.24 1.24 6.6  6.6  6.6  6.6
 3.5  3.5  3.5  3.5  0.   0.   0.   0.   0.   0.   0.   0.   0.   0.
 0.   0.   0.   0.   0.   0.   0.   0.   0.   0.   0.   0.   0.   0.
 0.   0.   0.   0.   0.   0.   0.   0.   0.   0.   0.   0.   0.   0.
 0.   0.   0.   0.   0.   0.   0.   0.   0.   0.   0.   0.   0.   0.
 0.   0.   0.   0.   0.   0.   0.   0.   0.   0.   0.   0.  ]"
4044,27.5,30,91.67,198.0,2023-01-25 15:25:11,1741.7,2245.9,15.8,"[ 6.6   6.6   2.99  2.99  2.99  2.99  2.99  1.6   1.6   1.6   1.6   1.6
  1.91  1.91  4.67  4.67  4.67  4.67  4.67 -0.   -0.   -0.    0.    0.
  0.    0.    0.    0.    0.    0.   -0.   -0.   -0.   -0.   -0.   -0.
 -0.   -0.   -0.   -0.   -0.   -0.   -0.   -0.   -0.   -0.   -0.   -0.
 -0.   -0.   -0.   -0.   -0.   -0.   -0.   -0.   -0.   -0.   -0.   -0.
 -0.   -0.   -0.   -0.   -0.   -0.   -0.   -0.   -0.   -0.   -0.   -0.
 -0.   -0.   -0.   -0.   -0.   -0.   -0.   -0.   -0.   -0.   -0.   -0.
 -0.   -0.   -0.   -0.   -0.   -0.   -0.   -0.   -0.   -0.   -0.   -0.  ]"
4046,27.5,30,92.06,198.0,2023-01-25 17:01:39,644.4,935.0,5.9,"[ 3.36  3.36  3.36  3.36  3.36  3.32  3.32  0.    0.    0.    0.    0.
  0.    0.    0.   -0.   -0.   -0.   -0.   -0.   -0.   -0.   -0.    0.
  0.    0.    0.    0.    0.    0.    0.    0.    0.    0.    0.    0.
  0.    0.    0.    0.    0.    0.    0.    0.    0.    0.    0.    0.
  0.    0.    0.    0.    0.    0.    0.    0.    0.    0.    0.    0.
  0.    0.    0.    0.    0.    0.    0.    0.    0.    0.    0.    0.
  0.    0.    0.    0.    0.    0.    0.    0.    0.    0.    0.    0.
  0.    0.    0.    0.    0.    0.    0.    0.    0.    0.    0.    0.  ]"
4048,27.5,30,98.34,198.0,2023-01-25 22:00:30,393.4,266.1,3.6,"[ 3.58  3.58  3.58  3.58 -0.   -0.   -0.   -0.   -0.   -0.   -0.   -0.
 -0.   -0.   -0.   -0.   -0.   -0.   -0.   -0.   -0.   -0.   -0.   -0.
 -0.   -0.   -0.   -0.   -0.   -0.   -0.   -0.   -0.   -0.   -0.   -0.
 -0.   -0.   -0.   -0.   -0.   -0.   -0.   -0.   -0.   -0.   -0.   -0.
 -0.   -0.   -0.   -0.   -0.   -0.   -0.   -0.   -0.   -0.   -0.   -0.
 -0.   -0.   -0.   -0.   -0.   -0.   -0.   -0.   -0.   -0.   -0.   -0.
 -0.   -0.   -0.   -0.   -0.   -0.   -0.   -0.   -0.   -0.   -0.   -0.
 -0.   -0.   -0.   -0.   -0.   -0.   -0.   -0.   -0.   -0.   -0.   -0.  ]"
4049,27.5,30,71.65,198.0,2023-01-26 07:38:59,3009.4,1808.6,27.4,"[ 0.    0.    0.   -0.   -0.    4.41  4.41  4.41  4.41  5.4   5.4   5.4
  5.4   5.4   5.4   5.4   5.4   5.4   5.4   5.4   5.4   4.05  4.05  4.05
  4.05  1.29  1.29  1.29  1.29  1.29  1.29  1.54  1.54  0.    0.    0.
 -0.    0.   -0.   -0.   -0.   -0.    0.    0.    0.    0.    0.    0.
  0.    0.    0.    0.    0.    0.    0.    0.    0.    0.    0.    0.
  0.    0.    0.    0.    0.    0.    0.    0.    0.    0.    0.    0.
  0.    0.    0.    0.    0.    0.    0.    0.    0.    0.    0.    0.
  0.    0.    0.    0.    0.    0.    0.    0.    0.    0.    0.    0.  ]"
4050,27.5,30,96.66,198.0,2023-01-26 08:11:02,2803.1,1684.6,25.5,"[-0.    0.   -0.    4.06  4.06  4.06  4.06  5.04  5.04  5.04  5.04  5.04
  5.04  5.04  5.04  5.04  5.04  5.04  5.04  3.78  3.78  3.78  3.78  1.68
  1.68  1.68  1.68  1.68  1.68  0.    0.    0.    0.    0.    0.    0.
  0.    0.    0.    0.    0.    0.    0.    0.    0.    0.    0.    0.
  0.    0.    0.    0.    0.    0.    0.    0.    0.    0.    0.    0.
  0.    0.    0.    0.    0.    0.    0.    0.    0.    0.    0.    0.
  0.    0.    0.    0.    0.    0.    0.    0.    0.    0.    0.    0.
  0.    0.    0.    0.    0.    0.    0.    0.    0.    0.    0.    0.  ]"
4051,27.5,30,37.73,198.0,2023-01-26 08:19:49,1282.8,771.4,11.7,"[-0.   -0.    1.45  1.45  1.45  1.45  2.4   2.4   2.4   2.4   2.4   2.4
  2.4   2.4   2.4   2.4   2.4   2.4   1.8   1.8   1.8   1.8   0.49  0.49
  0.49  0.49  0.49  0.49  0.93  0.93  0.    0.    0.   -0.    0.    0.
  0.    0.    0.   -0.   -0.   -0.   -0.   -0.   -0.   -0.   -0.   -0.
 -0.   -0.   -0.   -0.   -0.   -0.   -0.   -0.   -0.   -0.   -0.   -0.
 -0.   -0.   -0.   -0.   -0.   -0.   -0.   -0.   -0.   -0.   -0.   -0.
 -0.   -0.   -0.   -0.   -0.   -0.   -0.   -0.   -0.   -0.   -0.   -0.
 -0.   -0.   -0.   -0.   -0.   -0.   -0.   -0.   -0.   -0.   -0.   -0.  ]"
4052,27.5,30,64.33,198.0,2023-01-26 08:40:23,321.6,190.6,2.9,"[-0.    2.92  2.92  2.92  2.92  0.    0.    0.    0.    0.    0.    0.
  0.    0.    0.    0.    0.    0.    0.    0.    0.    0.    0.    0.
  0.    0.    0.    0.    0.   -0.   -0.   -0.   -0.   -0.   -0.   -0.
 -0.   -0.    0.    0.    0.    0.    0.    0.    0.    0.    0.    0.
  0.    0.    0.    0.    0.    0.    0.    0.    0.    0.    0.    0.
  0.    0.    0.    0.    0.    0.    0.    0.    0.    0.    0.    0.
  0.    0.    0.    0.    0.    0.    0.    0.    0.    0.    0.    0.
  0.    0.    0.    0.    0.    0.    0.    0.    0.    0.    0.    0.  ]"
4053,27.5,30,26.84,198.0,2023-01-26 08:56:22,832.0,499.7,7.6,"[ 1.51  1.51  1.51  1.51  1.42  1.42  1.42  1.42  1.42  1.42  1.42  1.42
  1.42  1.42  1.42  1.42  1.07  1.07  1.07  1.07  0.28  0.28  0.28  0.28
  0.28  0.28  0.57  0.57  0.    0.    0.    0.    0.    0.    0.    0.
  0.   -0.   -0.   -0.   -0.   -0.   -0.   -0.   -0.   -0.   -0.   -0.
 -0.   -0.   -0.   -0.   -0.   -0.   -0.   -0.   -0.   -0.   -0.   -0.
 -0.   -0.   -0.   -0.   -0.   -0.   -0.   -0.   -0.   -0.   -0.   -0.
 -0.   -0.   -0.   -0.   -0.   -0.   -0.   -0.   -0.   -0.   -0.   -0.
 -0.   -0.   -0.   -0.   -0.   -0.   -0.   -0.   -0.   -0.   -0.   -0.  ]"
4055,27.5,30,77.07,198.0,2023-01-26 09:48:42,1695.5,1021.6,15.4,"[ 3.61  3.61  3.61  3.61  3.61  3.61  3.61  3.61  3.61  3.61  3.61  3.61
  2.77  2.77  2.77  2.77  1.2   1.2   1.2   1.2   1.2   1.2   0.    0.
 -0.   -0.   -0.   -0.    0.    0.    0.    0.    0.    0.    0.    0.
  0.    0.    0.    0.    0.    0.    0.    0.    0.    0.    0.    0.
  0.    0.    0.    0.    0.    0.    0.    0.    0.    0.    0.    0.
  0.    0.    0.    0.    0.    0.    0.    0.    0.    0.    0.    0.
  0.    0.    0.    0.    0.    0.    0.    0.    0.    0.    0.    0.
  0.    0.    0.    0.    0.    0.    0.    0.    0.    0.    0.    0.  ]"
4054,27.5,30,91.87,198.0,2023-01-26 09:49:23,2756.1,1662.4,25.1,"[ 6.26  6.26  6.26  6.26  6.26  6.26  6.26  6.26  6.26  6.26  6.26  6.26
  3.13  3.13  3.13  3.13  1.51  1.51  1.51  1.51  1.51  1.51  1.72  1.72
  0.    0.    0.   -0.    0.   -0.    0.    0.    0.    0.    0.    0.
  0.    0.    0.    0.    0.    0.    0.    0.    0.    0.    0.    0.
  0.    0.    0.    0.    0.    0.    0.    0.    0.    0.    0.    0.
  0.    0.    0.    0.    0.    0.    0.    0.    0.    0.    0.    0.
  0.    0.    0.    0.    0.    0.    0.    0.    0.    0.    0.    0.
  0.    0.    0.    0.    0.    0.    0.    0.    0.    0.    0.    0.  ]"
4056,27.5,30,93.6,198.0,2023-01-26 13:00:26,1591.3,1015.6,14.5,"[ 6.6   6.6   6.6   6.6   3.51  3.51  3.51  3.51  3.51  3.51  5.21  5.21
  0.    0.    0.   -0.    0.   -0.    0.    0.    0.    0.    0.    0.
  0.    0.    0.    0.    0.    0.    0.    0.    0.    0.    0.    0.
  0.    0.    0.    0.    0.    0.    0.    0.    0.    0.    0.    0.
  0.    0.    0.    0.    0.    0.    0.    0.    0.    0.    0.    0.
  0.    0.    0.    0.    0.    0.    0.    0.    0.    0.    0.    0.
  0.    0.    0.    0.    0.    0.    0.    0.    0.    0.    0.    0.
  0.    0.    0.    0.    0.    0.    0.    0.    0.    0.    0.    0.  ]"
4057,27.5,30,47.73,198.0,2023-01-26 13:50:02,668.3,452.0,6.1,"[ 3.04  3.04  3.04  3.04  3.04  3.04  3.02  3.02 -0.   -0.   -0.   -0.
  0.   -0.   -0.   -0.   -0.   -0.   -0.   -0.   -0.   -0.   -0.   -0.
 -0.   -0.   -0.   -0.   -0.   -0.   -0.   -0.   -0.   -0.   -0.   -0.
 -0.   -0.   -0.   -0.   -0.   -0.   -0.   -0.   -0.   -0.   -0.   -0.
 -0.   -0.   -0.   -0.   -0.   -0.   -0.   -0.   -0.   -0.   -0.   -0.
 -0.   -0.   -0.   -0.   -0.   -0.   -0.   -0.   -0.   -0.   -0.   -0.
 -0.   -0.   -0.   -0.   -0.   -0.   -0.   -0.   -0.   -0.   -0.   -0.
 -0.   -0.   -0.   -0.   -0.   -0.   -0.   -0.   -0.   -0.   -0.   -0.  ]"
4058,27.5,30,94.94,198.0,2023-01-26 17:58:16,2088.7,1624.8,19.0,"[0.9  0.83 0.83 0.83 0.83 0.83 0.83 0.83 0.83 0.83 0.79 0.79 6.6  6.6
 6.6  6.6  6.6  6.6  6.6  6.6  6.6  6.6  0.   0.   0.   0.   0.   0.
 0.   0.   0.   0.   0.   0.   0.   0.   0.   0.   0.   0.   0.   0.
 0.   0.   0.   0.   0.   0.   0.   0.   0.   0.   0.   0.   0.   0.
 0.   0.   0.   0.   0.   0.   0.   0.   0.   0.   0.   0.   0.   0.
 0.   0.   0.   0.   0.   0.   0.   0.   0.   0.   0.   0.   0.   0.
 0.   0.   0.   0.   0.   0.   0.   0.   0.   0.   0.   0.  ]"
4059,27.5,30,181.5,198.0,2023-01-26 18:10:37,1633.5,2370.1,14.8,"[ 6.6  6.6  6.6  6.6  6.6  6.6  6.6  6.6  6.6  0.   0.  -0.  -0.  -0.
 -0.  -0.  -0.  -0.  -0.  -0.  -0.  -0.  -0.  -0.  -0.  -0.  -0.  -0.
 -0.  -0.  -0.  -0.  -0.  -0.  -0.  -0.  -0.  -0.  -0.  -0.  -0.  -0.
 -0.  -0.  -0.  -0.  -0.  -0.  -0.  -0.  -0.  -0.  -0.  -0.  -0.  -0.
 -0.  -0.  -0.  -0.  -0.  -0.  -0.  -0.  -0.  -0.  -0.  -0.  -0.  -0.
 -0.  -0.  -0.  -0.  -0.  -0.  -0.  -0.  -0.  -0.  -0.  -0.  -0.  -0.
 -0.  -0.  -0.  -0.  -0.  -0.  -0.  -0.  -0.  -0.  -0.  -0. ]"
4060,27.5,30,72.38,198.0,2023-01-27 07:41:27,579.1,359.5,5.3,"[1.57 1.57 1.57 0.79 1.57 4.66 4.66 4.66 0.   0.   0.   0.   0.   0.
 0.   0.   0.   0.   0.   0.   0.   0.   0.   0.   0.   0.   0.   0.
 0.   0.   0.   0.   0.   0.   0.   0.   0.   0.   0.   0.   0.   0.
 0.   0.   0.   0.   0.   0.   0.   0.   0.   0.   0.   0.   0.   0.
 0.   0.   0.   0.   0.   0.   0.   0.   0.   0.   0.   0.   0.   0.
 0.   0.   0.   0.   0.   0.   0.   0.   0.   0.   0.   0.   0.   0.
 0.   0.   0.   0.   0.   0.   0.   0.   0.   0.   0.   0.  ]"
4061,27.5,30,60.6,198.0,2023-01-27 08:27:58,303.0,179.6,2.8,"[ 0.    0.    3.67  3.67  3.67 -0.   -0.   -0.   -0.   -0.   -0.   -0.
 -0.   -0.   -0.   -0.   -0.   -0.   -0.   -0.   -0.   -0.   -0.   -0.
 -0.   -0.   -0.   -0.   -0.   -0.   -0.   -0.   -0.   -0.   -0.   -0.
 -0.   -0.   -0.   -0.   -0.   -0.   -0.   -0.   -0.   -0.   -0.   -0.
 -0.   -0.   -0.   -0.   -0.   -0.   -0.   -0.   -0.   -0.   -0.   -0.
 -0.   -0.   -0.   -0.   -0.   -0.   -0.   -0.   -0.   -0.   -0.   -0.
 -0.   -0.   -0.   -0.   -0.   -0.   -0.   -0.   -0.   -0.   -0.   -0.
 -0.   -0.   -0.   -0.   -0.   -0.   -0.   -0.   -0.   -0.   -0.   -0.  ]"
4062,27.5,30,86.98,198.0,2023-01-27 08:42:04,2696.4,1598.2,24.5,"[ 0.    2.14  2.14  5.38  5.19  5.19  5.19  5.2   5.2   5.2   5.2   5.2
  5.2   5.2   5.2   5.2   5.2   5.2   5.2   5.2   5.2   0.    0.    0.
  0.    0.   -0.   -0.   -0.   -0.   -0.    0.    0.    0.    0.    0.
  0.    0.    0.    0.    0.    0.    0.    0.    0.    0.    0.    0.
  0.    0.    0.    0.    0.    0.    0.    0.    0.    0.    0.    0.
  0.    0.    0.    0.    0.    0.    0.    0.    0.    0.    0.    0.
  0.    0.    0.    0.    0.    0.    0.    0.    0.    0.    0.    0.
  0.    0.    0.    0.    0.    0.    0.    0.    0.    0.    0.    0.  ]"
4063,27.5,30,92.64,198.0,2023-01-27 08:59:16,2316.0,1372.8,21.1,"[ 0.8   0.8   4.8   4.56  4.56  4.56  4.58  4.58  4.58  4.58  4.58  4.58
  4.58  4.58  4.58  4.58  4.58  4.58  4.58  4.58  0.    0.    0.    0.
  0.   -0.   -0.   -0.   -0.   -0.    0.    0.    0.    0.    0.    0.
  0.    0.    0.    0.    0.    0.    0.    0.    0.    0.    0.    0.
  0.    0.    0.    0.    0.    0.    0.    0.    0.    0.    0.    0.
  0.    0.    0.    0.    0.    0.    0.    0.    0.    0.    0.    0.
  0.    0.    0.    0.    0.    0.    0.    0.    0.    0.    0.    0.
  0.    0.    0.    0.    0.    0.    0.    0.    0.    0.    0.    0.  ]"
4065,27.5,30,18.05,198.0,2023-01-27 09:28:10,686.0,437.4,6.2,"[ 1.39  1.3   1.3   1.3   1.31  1.31  1.31  1.31  1.31  1.31  1.31  1.31
  1.31  1.31  1.31  1.31  1.31  1.31  0.    0.    0.    0.    0.    0.
  0.    0.   -0.   -0.    0.    0.    0.    0.    0.22  0.22  0.22  0.22
  0.22  0.22  0.    0.    0.    0.    0.    0.    0.    0.    0.    0.
  0.    0.    0.    0.    0.    0.    0.    0.    0.    0.    0.    0.
  0.    0.    0.    0.    0.    0.    0.    0.    0.    0.    0.    0.
  0.    0.    0.    0.    0.    0.    0.    0.    0.    0.    0.    0.
  0.    0.    0.    0.    0.    0.    0.    0.    0.    0.    0.    0.  ]"
4066,27.5,30,20.45,198.0,2023-01-27 09:42:24,552.2,327.3,5.0,"[ 1.25  1.25  1.25  1.17  1.17  1.17  1.17  1.17  1.17  1.17  1.17  1.17
  1.17  1.17  1.17  1.17  1.17  0.    0.    0.    0.    0.   -0.   -0.
 -0.   -0.   -0.    0.    0.    0.    0.    0.    0.    0.    0.    0.
  0.   -0.   -0.   -0.   -0.   -0.   -0.   -0.   -0.   -0.   -0.   -0.
 -0.   -0.   -0.   -0.   -0.   -0.   -0.   -0.   -0.   -0.   -0.   -0.
 -0.   -0.   -0.   -0.   -0.   -0.   -0.   -0.   -0.   -0.   -0.   -0.
 -0.   -0.   -0.   -0.   -0.   -0.   -0.   -0.   -0.   -0.   -0.   -0.
 -0.   -0.   -0.   -0.   -0.   -0.   -0.   -0.   -0.   -0.   -0.   -0.  ]"
4067,27.5,30,102.76,198.0,2023-01-27 10:24:10,2671.7,1594.5,24.3,"[ 6.6   6.6   6.6   6.6   6.6   6.6   6.6   6.6   6.6   6.6   6.6   6.6
  6.6   6.6   0.57  0.57  0.57  0.57  0.57  0.63  0.63  0.63  0.    0.
  0.    0.    0.    0.    0.    0.    0.    0.    0.    0.   -0.   -0.
 -0.   -0.   -0.   -0.   -0.   -0.   -0.   -0.   -0.   -0.   -0.   -0.
 -0.   -0.   -0.   -0.   -0.   -0.   -0.   -0.   -0.   -0.   -0.   -0.
 -0.   -0.   -0.   -0.   -0.   -0.   -0.   -0.   -0.   -0.   -0.   -0.
 -0.   -0.   -0.   -0.   -0.   -0.   -0.   -0.   -0.   -0.   -0.   -0.
 -0.   -0.   -0.   -0.   -0.   -0.   -0.   -0.   -0.   -0.   -0.   -0.  ]"
4069,27.5,30,86.54,198.0,2023-01-27 17:18:39,1384.7,1727.9,12.6,"[ 2.74  2.74  2.74  2.74  2.74  2.74  2.59  2.59  2.59  2.59  2.59  2.59
  2.59  2.59  6.6   6.6  -0.   -0.   -0.   -0.   -0.   -0.   -0.   -0.
 -0.   -0.   -0.   -0.   -0.   -0.   -0.   -0.   -0.   -0.   -0.   -0.
 -0.   -0.   -0.   -0.   -0.   -0.   -0.   -0.   -0.   -0.   -0.   -0.
 -0.   -0.   -0.   -0.   -0.   -0.   -0.   -0.   -0.   -0.   -0.   -0.
 -0.   -0.   -0.   -0.   -0.   -0.   -0.   -0.   -0.   -0.   -0.   -0.
 -0.   -0.   -0.   -0.   -0.   -0.   -0.   -0.   -0.   -0.   -0.   -0.
 -0.   -0.   -0.   -0.   -0.   -0.   -0.   -0.   -0.   -0.   -0.   -0.  ]"
4070,27.5,30,95.48,198.0,2023-01-27 18:47:32,1145.8,1100.1,10.4,"[ 1.91  1.91  1.91  1.91  1.91  1.91  1.91  1.91  6.6   6.6   6.6   6.6
 -0.   -0.   -0.   -0.   -0.   -0.   -0.   -0.   -0.   -0.   -0.   -0.
 -0.   -0.   -0.   -0.   -0.   -0.   -0.   -0.   -0.   -0.   -0.   -0.
 -0.   -0.   -0.   -0.   -0.   -0.   -0.   -0.   -0.   -0.   -0.   -0.
 -0.   -0.   -0.   -0.   -0.   -0.   -0.   -0.   -0.   -0.   -0.   -0.
 -0.   -0.   -0.   -0.   -0.   -0.   -0.   -0.   -0.   -0.   -0.   -0.
 -0.   -0.   -0.   -0.   -0.   -0.   -0.   -0.   -0.   -0.   -0.   -0.
 -0.   -0.   -0.   -0.   -0.   -0.   -0.   -0.   -0.   -0.   -0.   -0.  ]"
4071,27.5,30,74.17,198.0,2023-01-27 21:55:49,296.7,200.7,2.7,"[2.7 2.7 2.7 2.7 0.  0.  0.  0.  0.  0.  0.  0.  0.  0.  0.  0.  0.  0.
 0.  0.  0.  0.  0.  0.  0.  0.  0.  0.  0.  0.  0.  0.  0.  0.  0.  0.
 0.  0.  0.  0.  0.  0.  0.  0.  0.  0.  0.  0.  0.  0.  0.  0.  0.  0.
 0.  0.  0.  0.  0.  0.  0.  0.  0.  0.  0.  0.  0.  0.  0.  0.  0.  0.
 0.  0.  0.  0.  0.  0.  0.  0.  0.  0.  0.  0.  0.  0.  0.  0.  0.  0.
 0.  0.  0.  0.  0.  0. ]"
4072,27.5,30,111.69,198.0,2023-01-27 21:57:17,1452.0,982.1,13.2,"[2.17 2.17 2.17 2.17 4.9  4.9  4.9  4.9  4.9  4.9  4.9  4.9  4.9  0.
 0.   0.   0.   0.   0.   0.   0.   0.   0.   0.   0.   0.   0.   0.
 0.   0.   0.   0.   0.   0.   0.   0.   0.   0.   0.   0.   0.   0.
 0.   0.   0.   0.   0.   0.   0.   0.   0.   0.   0.   0.   0.   0.
 0.   0.   0.   0.   0.   0.   0.   0.   0.   0.   0.   0.   0.   0.
 0.   0.   0.   0.   0.   0.   0.   0.   0.   0.   0.   0.   0.   0.
 0.   0.   0.   0.   0.   0.   0.   0.   0.   0.   0.   0.  ]"
4073,27.5,30,87.13,198.0,2023-01-28 13:52:08,958.4,648.2,8.7,"[ 4.98  4.98  4.98  4.98  3.73  3.73  3.73  3.73 -0.   -0.   -0.   -0.
 -0.   -0.   -0.   -0.   -0.   -0.   -0.   -0.   -0.   -0.   -0.   -0.
 -0.   -0.   -0.   -0.   -0.   -0.   -0.   -0.   -0.   -0.   -0.   -0.
 -0.   -0.   -0.   -0.   -0.   -0.   -0.   -0.   -0.   -0.   -0.   -0.
 -0.   -0.   -0.   -0.   -0.   -0.   -0.   -0.   -0.   -0.   -0.   -0.
 -0.   -0.   -0.   -0.   -0.   -0.   -0.   -0.   -0.   -0.   -0.   -0.
 -0.   -0.   -0.   -0.   -0.   -0.   -0.   -0.   -0.   -0.   -0.   -0.
 -0.   -0.   -0.   -0.   -0.   -0.   -0.   -0.   -0.   -0.   -0.   -0.  ]"
4074,27.5,30,93.2,198.0,2023-01-28 14:46:57,1025.1,925.1,9.3,"[6.6  6.6  6.6  6.6  0.83 0.83 0.83 2.1  2.1  2.1  2.1  0.   0.   0.
 0.   0.   0.   0.   0.   0.   0.   0.   0.   0.   0.   0.   0.   0.
 0.   0.   0.   0.   0.   0.   0.   0.   0.   0.   0.   0.   0.   0.
 0.   0.   0.   0.   0.   0.   0.   0.   0.   0.   0.   0.   0.   0.
 0.   0.   0.   0.   0.   0.   0.   0.   0.   0.   0.   0.   0.   0.
 0.   0.   0.   0.   0.   0.   0.   0.   0.   0.   0.   0.   0.   0.
 0.   0.   0.   0.   0.   0.   0.   0.   0.   0.   0.   0.  ]"
4077,27.5,30,99.12,198.0,2023-01-29 11:41:45,1883.2,1137.1,17.1,"[ 6.6   6.6   6.6   6.6   6.6   6.6   6.6   6.6   6.6   1.13  1.13  1.13
  1.13  1.13  1.13  1.13  1.13 -0.   -0.    0.    0.    0.    0.    0.
  0.    0.    0.    0.    0.    0.    0.    0.    0.    0.    0.    0.
  0.    0.    0.    0.    0.    0.    0.    0.    0.    0.    0.    0.
  0.    0.    0.    0.    0.    0.    0.    0.    0.    0.    0.    0.
  0.    0.    0.    0.    0.    0.    0.    0.    0.    0.    0.    0.
  0.    0.    0.    0.    0.    0.    0.    0.    0.    0.    0.    0.
  0.    0.    0.    0.    0.    0.    0.    0.    0.    0.    0.    0.  ]"
4078,27.5,30,80.04,198.0,2023-01-30 07:27:38,3842.1,2341.9,34.9,"[ 0.55  0.55  0.55  0.55  0.55  0.55  6.49  6.49  6.49  5.71  5.71  5.71
  5.71  5.71  5.71  5.71  5.71  5.71  5.71  5.71  6.6   6.6   6.6   6.6
  6.6   6.6   1.1   1.76  1.76  1.76  1.76  1.76  1.76  1.76 -0.   -0.
 -0.   -0.   -0.    0.    0.14  0.14  0.14  0.14  0.14  0.14  0.14  0.14
 -0.   -0.   -0.   -0.   -0.   -0.   -0.   -0.   -0.   -0.   -0.   -0.
 -0.   -0.   -0.   -0.   -0.   -0.   -0.   -0.   -0.   -0.   -0.   -0.
 -0.   -0.   -0.   -0.   -0.   -0.   -0.   -0.   -0.   -0.   -0.   -0.
 -0.   -0.   -0.   -0.   -0.   -0.   -0.   -0.   -0.   -0.   -0.   -0.  ]"
4079,27.5,30,83.44,198.0,2023-01-30 08:52:35,1251.6,741.8,11.4,"[ 3.02  3.02  3.02  3.04  3.04  3.04  3.04  3.04  3.04  3.04  3.04  3.04
  3.04  3.04  3.04 -0.   -0.   -0.   -0.   -0.    0.    0.    0.    0.
  0.    0.    0.    0.   -0.   -0.   -0.   -0.   -0.   -0.   -0.   -0.
 -0.   -0.   -0.   -0.   -0.   -0.   -0.   -0.   -0.   -0.   -0.   -0.
 -0.   -0.   -0.   -0.   -0.   -0.   -0.   -0.   -0.   -0.   -0.   -0.
 -0.   -0.   -0.   -0.   -0.   -0.   -0.   -0.   -0.   -0.   -0.   -0.
 -0.   -0.   -0.   -0.   -0.   -0.   -0.   -0.   -0.   -0.   -0.   -0.
 -0.   -0.   -0.   -0.   -0.   -0.   -0.   -0.   -0.   -0.   -0.   -0.  ]"
4080,27.5,30,181.5,198.0,2023-01-30 08:52:40,2722.5,1613.7,24.8,"[ 6.6  6.6  6.6  6.6  6.6  6.6  6.6  6.6  6.6  6.6  6.6  6.6  6.6  6.6
  6.6 -0.  -0.  -0.  -0.  -0.   0.   0.   0.   0.   0.   0.   0.   0.
  0.   0.   0.   0.   0.   0.   0.   0.   0.   0.   0.   0.   0.   0.
 -0.  -0.  -0.  -0.  -0.  -0.  -0.  -0.  -0.  -0.  -0.  -0.  -0.  -0.
 -0.  -0.  -0.  -0.  -0.  -0.  -0.  -0.  -0.  -0.  -0.  -0.  -0.  -0.
 -0.  -0.  -0.  -0.  -0.  -0.  -0.  -0.  -0.  -0.  -0.  -0.  -0.  -0.
 -0.  -0.  -0.  -0.  -0.  -0.  -0.  -0.  -0.  -0.  -0.  -0. ]"
4081,27.5,30,70.41,198.0,2023-01-30 09:36:38,2323.6,1397.2,21.1,"[ 3.29  3.29  3.29  3.29  3.29  3.29  3.29  3.29  3.29  3.29  3.29  6.6
  6.6   6.6   6.6   6.6   6.6   0.77  1.13  1.13  1.13  1.13  1.13  1.13
  1.13  0.    0.    0.    0.    0.    0.    0.    0.   -0.   -0.   -0.
 -0.   -0.   -0.    0.    0.    0.    0.    0.    0.    0.    0.    0.
  0.    0.    0.    0.    0.    0.    0.    0.    0.    0.    0.    0.
  0.    0.    0.    0.    0.    0.    0.    0.    0.    0.    0.    0.
  0.    0.    0.    0.    0.    0.    0.    0.    0.    0.    0.    0.
  0.    0.    0.    0.    0.    0.    0.    0.    0.    0.    0.    0.  ]"
4082,27.5,30,22.51,198.0,2023-01-30 09:43:38,675.3,400.5,6.1,"[ 0.11  0.11  0.11  0.11  0.11  0.11  0.11  0.11  0.11  0.11  0.11  3.87
  3.87  3.87  3.87  3.87  3.87 -0.    0.02  0.02  0.02  0.02  0.02  0.02
  0.02 -0.   -0.   -0.   -0.   -0.    0.    0.    0.    0.    0.    0.
  0.    0.    0.   -0.   -0.   -0.   -0.   -0.   -0.   -0.   -0.   -0.
 -0.   -0.   -0.   -0.   -0.   -0.   -0.   -0.   -0.   -0.   -0.   -0.
 -0.   -0.   -0.   -0.   -0.   -0.   -0.   -0.   -0.   -0.   -0.   -0.
 -0.   -0.   -0.   -0.   -0.   -0.   -0.   -0.   -0.   -0.   -0.   -0.
 -0.   -0.   -0.   -0.   -0.   -0.   -0.   -0.   -0.   -0.   -0.   -0.  ]"
4083,27.5,30,87.85,198.0,2023-01-30 12:29:05,1669.1,1037.9,15.2,"[ 6.6   6.6   6.6   6.6   6.6   6.6   3.01  2.58  2.58  2.58  2.58  2.58
  2.58  2.58  0.    0.    0.    0.    0.    0.    0.    0.    0.    0.
  0.    0.    0.    0.   -0.   -0.   -0.   -0.   -0.   -0.   -0.   -0.
 -0.   -0.   -0.   -0.   -0.   -0.   -0.   -0.   -0.   -0.   -0.   -0.
 -0.   -0.   -0.   -0.   -0.   -0.   -0.   -0.   -0.   -0.   -0.   -0.
 -0.   -0.   -0.   -0.   -0.   -0.   -0.   -0.   -0.   -0.   -0.   -0.
 -0.   -0.   -0.   -0.   -0.   -0.   -0.   -0.   -0.   -0.   -0.   -0.
 -0.   -0.   -0.   -0.   -0.   -0.   -0.   -0.   -0.   -0.   -0.   -0.  ]"
4084,27.5,30,86.56,198.0,2023-01-30 14:13:50,1125.3,761.1,10.2,"[ 5.85  5.85  5.85  5.85  5.85  5.85  5.85 -0.   -0.   -0.   -0.   -0.
 -0.   -0.   -0.   -0.   -0.   -0.   -0.   -0.   -0.    0.    0.    0.
  0.    0.    0.    0.    0.    0.    0.    0.    0.    0.    0.    0.
  0.    0.    0.    0.    0.    0.    0.    0.    0.    0.    0.    0.
  0.    0.    0.    0.    0.    0.    0.    0.    0.    0.    0.    0.
  0.    0.    0.    0.    0.    0.    0.    0.    0.    0.    0.    0.
  0.    0.    0.    0.    0.    0.    0.    0.    0.    0.    0.    0.
  0.    0.    0.    0.    0.    0.    0.    0.    0.    0.    0.    0.  ]"
4085,27.5,30,0.03,198.0,2023-01-30 17:21:01,0.1,0.2,0.0,"[0. 0. 0. 0. 0. 0. 0. 0. 0. 0. 0. 0. 0. 0. 0. 0. 0. 0. 0. 0. 0. 0. 0. 0.
 0. 0. 0. 0. 0. 0. 0. 0. 0. 0. 0. 0. 0. 0. 0. 0. 0. 0. 0. 0. 0. 0. 0. 0.
 0. 0. 0. 0. 0. 0. 0. 0. 0. 0. 0. 0. 0. 0. 0. 0. 0. 0. 0. 0. 0. 0. 0. 0.
 0. 0. 0. 0. 0. 0. 0. 0. 0. 0. 0. 0. 0. 0. 0. 0. 0. 0. 0. 0. 0. 0. 0. 0.]"
4086,27.5,30,86.42,198.0,2023-01-30 21:55:35,345.7,233.8,3.1,"[ 3.14  3.14  3.14  3.14 -0.   -0.   -0.   -0.   -0.   -0.   -0.   -0.
 -0.   -0.   -0.   -0.   -0.   -0.   -0.   -0.   -0.   -0.   -0.   -0.
 -0.   -0.   -0.   -0.   -0.   -0.   -0.   -0.   -0.   -0.   -0.   -0.
 -0.   -0.   -0.   -0.   -0.   -0.   -0.   -0.   -0.   -0.   -0.   -0.
 -0.   -0.   -0.   -0.   -0.   -0.   -0.   -0.   -0.   -0.   -0.   -0.
 -0.   -0.   -0.   -0.   -0.   -0.   -0.   -0.   -0.   -0.   -0.   -0.
 -0.   -0.   -0.   -0.   -0.   -0.   -0.   -0.   -0.   -0.   -0.   -0.
 -0.   -0.   -0.   -0.   -0.   -0.   -0.   -0.   -0.   -0.   -0.   -0.  ]"
4087,27.5,30,163.98,198.0,2023-01-31 07:38:43,7543.2,6319.4,68.6,"[ 6.6   6.6   6.6   6.6   6.6   6.6   6.6   6.6   6.6   6.6   6.6   6.6
  6.6   6.6   5.82  5.82  5.82  5.82  5.82  5.91  5.91  5.91  5.91  5.91
  5.91  5.85  5.85  5.85  5.85  5.85  5.85  5.85  5.85  4.54  4.54  4.54
  5.54  5.54  5.54  5.35  5.35  5.35  5.96  5.96  6.17  6.17 -0.   -0.
 -0.   -0.   -0.   -0.   -0.   -0.   -0.   -0.   -0.   -0.   -0.   -0.
 -0.   -0.   -0.   -0.   -0.   -0.   -0.   -0.   -0.   -0.   -0.   -0.
 -0.   -0.   -0.   -0.   -0.   -0.   -0.   -0.   -0.   -0.   -0.   -0.
 -0.   -0.   -0.   -0.   -0.   -0.   -0.   -0.   -0.   -0.   -0.   -0.  ]"
4088,27.5,30,85.81,198.0,2023-01-31 07:41:52,1630.3,966.3,14.8,"[ 0.    0.    0.   -0.   -0.    4.24  4.24  4.24  4.23  4.23  4.23  4.23
  4.23  4.23  4.23  4.23  4.23  4.23  4.23  0.    0.    0.    0.    0.
  0.   -0.   -0.   -0.   -0.   -0.   -0.   -0.   -0.   -0.   -0.   -0.
 -0.   -0.   -0.   -0.   -0.   -0.   -0.   -0.   -0.   -0.    0.    0.
  0.    0.    0.    0.    0.    0.    0.    0.    0.    0.    0.    0.
  0.    0.    0.    0.    0.    0.    0.    0.    0.    0.    0.    0.
  0.    0.    0.    0.    0.    0.    0.    0.    0.    0.    0.    0.
  0.    0.    0.    0.    0.    0.    0.    0.    0.    0.    0.    0.  ]"
4089,27.5,30,91.25,198.0,2023-01-31 08:21:50,1460.0,865.4,13.3,"[-0.   -0.    3.79  3.79  3.79  3.79  3.79  3.79  3.79  3.79  3.79  3.79
  3.79  3.79  3.79  3.79  0.    0.    0.    0.    0.    0.    0.    0.
  0.    0.    0.    0.    0.    0.    0.    0.    0.    0.    0.    0.
  0.    0.    0.    0.    0.    0.    0.    0.    0.    0.    0.    0.
  0.    0.    0.    0.    0.    0.    0.    0.    0.    0.    0.    0.
  0.    0.    0.    0.    0.    0.    0.    0.    0.    0.    0.    0.
  0.    0.    0.    0.    0.    0.    0.    0.    0.    0.    0.    0.
  0.    0.    0.    0.    0.    0.    0.    0.    0.    0.    0.    0.  ]"
4090,27.5,30,89.28,198.0,2023-01-31 08:32:55,2946.3,1967.9,26.8,"[-0.    2.14  2.14  2.14  1.63  1.63  1.63  1.63  1.63  1.63  0.72  0.72
  0.72  0.72  0.72  5.9   5.9   5.9   5.9   5.9   5.9   5.87  5.87  5.87
  5.87  5.87  5.87  5.97  5.97  1.2   1.2   1.2   1.2  -0.   -0.   -0.
 -0.   -0.   -0.   -0.   -0.   -0.    0.    0.    0.    0.    0.    0.
  0.    0.    0.    0.    0.    0.    0.    0.    0.    0.    0.    0.
  0.    0.    0.    0.    0.    0.    0.    0.    0.    0.    0.    0.
  0.    0.    0.    0.    0.    0.    0.    0.    0.    0.    0.    0.
  0.    0.    0.    0.    0.    0.    0.    0.    0.    0.    0.    0.  ]"
4091,27.5,30,65.57,198.0,2023-01-31 08:52:52,2360.6,1690.2,21.5,"[ 1.87  1.87  1.87  1.69  1.69  1.69  1.69  1.69  1.69  1.99  1.99  1.99
  1.99  1.99  3.62  3.62  3.62  3.62  3.62  3.62  3.59  3.59  3.59  3.59
  3.59  3.59  3.69  3.69  0.79  0.79  0.79  0.98  0.98  0.98  2.1   2.1
 -0.   -0.   -0.   -0.   -0.    0.    0.    0.    0.    0.    0.    0.
  0.    0.    0.    0.    0.    0.    0.    0.    0.    0.    0.    0.
  0.    0.    0.    0.    0.    0.    0.    0.    0.    0.    0.    0.
  0.    0.    0.    0.    0.    0.    0.    0.    0.    0.    0.    0.
  0.    0.    0.    0.    0.    0.    0.    0.    0.    0.    0.    0.  ]"
4092,27.5,30,15.69,198.0,2023-01-31 08:56:17,407.9,246.0,3.7,"[ 0.77  0.77  0.77  0.7   0.7   0.7   0.7   0.7   0.7   1.12  1.12  1.12
  1.12  1.12  0.15  0.15  0.15  0.15  0.15  0.15  0.3   0.3   0.3   0.3
  0.3   0.3   0.    0.   -0.   -0.   -0.   -0.    0.    0.    0.    0.
 -0.   -0.   -0.   -0.   -0.    0.    0.    0.    0.    0.    0.    0.
  0.    0.    0.    0.    0.    0.    0.    0.    0.    0.    0.    0.
  0.    0.    0.    0.    0.    0.    0.    0.    0.    0.    0.    0.
  0.    0.    0.    0.    0.    0.    0.    0.    0.    0.    0.    0.
  0.    0.    0.    0.    0.    0.    0.    0.    0.    0.    0.    0.  ]"
4093,27.5,30,82.35,198.0,2023-01-31 09:42:06,2141.2,1350.3,19.5,"[ 4.87  4.87  4.87  4.87  4.87  4.87  0.96  0.96  0.96  0.96  0.96  3.06
  3.06  3.06  3.06  3.06  3.06  3.03  3.03  3.03  3.03  3.03  3.03  3.13
  3.13  1.06  0.    0.    0.    0.    0.    0.    0.   -0.   -0.   -0.
 -0.   -0.   -0.   -0.   -0.   -0.   -0.   -0.   -0.   -0.   -0.   -0.
 -0.   -0.   -0.   -0.   -0.   -0.   -0.   -0.   -0.   -0.   -0.   -0.
 -0.   -0.   -0.   -0.   -0.   -0.   -0.   -0.   -0.   -0.   -0.   -0.
 -0.   -0.   -0.   -0.   -0.   -0.   -0.   -0.   -0.   -0.   -0.   -0.
 -0.   -0.   -0.   -0.   -0.   -0.   -0.   -0.   -0.   -0.   -0.   -0.  ]"
4094,27.5,30,89.42,198.0,2023-01-31 11:01:57,447.1,265.0,4.1,"[ 3.25  3.25  3.25  3.25  3.25 -0.   -0.   -0.   -0.   -0.   -0.   -0.
 -0.   -0.   -0.   -0.   -0.   -0.   -0.    0.    0.    0.    0.    0.
  0.    0.    0.    0.    0.    0.    0.    0.   -0.   -0.   -0.   -0.
 -0.   -0.   -0.   -0.   -0.   -0.   -0.   -0.   -0.   -0.   -0.   -0.
 -0.   -0.   -0.   -0.   -0.   -0.   -0.   -0.   -0.   -0.   -0.   -0.
 -0.   -0.   -0.   -0.   -0.   -0.   -0.   -0.   -0.   -0.   -0.   -0.
 -0.   -0.   -0.   -0.   -0.   -0.   -0.   -0.   -0.   -0.   -0.   -0.
 -0.   -0.   -0.   -0.   -0.   -0.   -0.   -0.   -0.   -0.   -0.   -0.  ]"
4095,27.5,30,75.18,198.0,2023-01-31 15:52:44,451.1,654.5,4.1,"[3.07 3.07 3.07 2.4  2.4  2.4  0.   0.   0.   0.   0.   0.   0.   0.
 0.   0.   0.   0.   0.   0.   0.   0.   0.   0.   0.   0.   0.   0.
 0.   0.   0.   0.   0.   0.   0.   0.   0.   0.   0.   0.   0.   0.
 0.   0.   0.   0.   0.   0.   0.   0.   0.   0.   0.   0.   0.   0.
 0.   0.   0.   0.   0.   0.   0.   0.   0.   0.   0.   0.   0.   0.
 0.   0.   0.   0.   0.   0.   0.   0.   0.   0.   0.   0.   0.   0.
 0.   0.   0.   0.   0.   0.   0.   0.   0.   0.   0.   0.  ]"
4096,27.5,30,83.12,198.0,2023-01-31 16:33:45,665.0,964.8,6.0,"[ 1.41  1.41  1.41  3.75  3.75  3.75  4.36  4.36 -0.   -0.   -0.   -0.
 -0.   -0.   -0.   -0.   -0.   -0.   -0.   -0.   -0.   -0.   -0.   -0.
 -0.   -0.   -0.   -0.   -0.   -0.   -0.   -0.   -0.   -0.   -0.   -0.
 -0.   -0.   -0.   -0.   -0.   -0.   -0.   -0.   -0.   -0.   -0.   -0.
 -0.   -0.   -0.   -0.   -0.   -0.   -0.   -0.   -0.   -0.   -0.   -0.
 -0.   -0.   -0.   -0.   -0.   -0.   -0.   -0.   -0.   -0.   -0.   -0.
 -0.   -0.   -0.   -0.   -0.   -0.   -0.   -0.   -0.   -0.   -0.   -0.
 -0.   -0.   -0.   -0.   -0.   -0.   -0.   -0.   -0.   -0.   -0.   -0.  ]"
4097,27.5,30,39.8,198.0,2023-01-31 16:39:10,238.8,346.5,2.2,"[ 1.68  1.68  1.68  1.21  1.21  1.21 -0.   -0.   -0.   -0.   -0.   -0.
 -0.   -0.   -0.   -0.   -0.   -0.   -0.   -0.   -0.   -0.   -0.   -0.
 -0.   -0.   -0.   -0.   -0.   -0.   -0.   -0.   -0.   -0.   -0.   -0.
 -0.   -0.   -0.   -0.   -0.   -0.   -0.   -0.   -0.   -0.   -0.   -0.
 -0.   -0.   -0.   -0.   -0.   -0.   -0.   -0.   -0.   -0.   -0.   -0.
 -0.   -0.   -0.   -0.   -0.   -0.   -0.   -0.   -0.   -0.   -0.   -0.
 -0.   -0.   -0.   -0.   -0.   -0.   -0.   -0.   -0.   -0.   -0.   -0.
 -0.   -0.   -0.   -0.   -0.   -0.   -0.   -0.   -0.   -0.   -0.   -0.  ]"
4098,27.5,30,90.59,198.0,2023-01-31 17:16:40,724.7,1051.5,6.6,"[1.5  1.5  1.5  1.5  1.5  6.29 6.29 6.25 0.   0.   0.   0.   0.   0.
 0.   0.   0.   0.   0.   0.   0.   0.   0.   0.   0.   0.   0.   0.
 0.   0.   0.   0.   0.   0.   0.   0.   0.   0.   0.   0.   0.   0.
 0.   0.   0.   0.   0.   0.   0.   0.   0.   0.   0.   0.   0.   0.
 0.   0.   0.   0.   0.   0.   0.   0.   0.   0.   0.   0.   0.   0.
 0.   0.   0.   0.   0.   0.   0.   0.   0.   0.   0.   0.   0.   0.
 0.   0.   0.   0.   0.   0.   0.   0.   0.   0.   0.   0.  ]"
4099,27.5,30,94.34,198.0,2023-01-31 22:17:00,283.0,191.4,2.6,"[3.43 3.43 3.43 0.   0.   0.   0.   0.   0.   0.   0.   0.   0.   0.
 0.   0.   0.   0.   0.   0.   0.   0.   0.   0.   0.   0.   0.   0.
 0.   0.   0.   0.   0.   0.   0.   0.   0.   0.   0.   0.   0.   0.
 0.   0.   0.   0.   0.   0.   0.   0.   0.   0.   0.   0.   0.   0.
 0.   0.   0.   0.   0.   0.   0.   0.   0.   0.   0.   0.   0.   0.
 0.   0.   0.   0.   0.   0.   0.   0.   0.   0.   0.   0.   0.   0.
 0.   0.   0.   0.   0.   0.   0.   0.   0.   0.   0.   0.  ]"
