dcosId,z_sch,z_reg,hourly_scheduled_price,hourly_regular_price,start_time,charging_revenue,TOU_cost,energy_delivered,power_profile
3854,22.5,30,77.86,198.0,2023-01-02 10:21:06,1479.3,1133.0,16.4,"[3.61 2.73 2.73 2.73 2.73 2.73 2.73 2.73 2.73 2.73 2.73 2.73 2.73 2.73
 2.73 5.98 5.98 5.98 5.98 0.   0.   0.   0.   0.   0.   0.   0.   0.
 0.   0.   0.   0.   0.   0.   0.   0.   0.   0.   0.   0.   0.   0.
 0.   0.   0.   0.   0.   0.   0.   0.   0.   0.   0.   0.   0.   0.
 0.   0.   0.   0.   0.   0.   0.   0.   0.   0.   0.   0.   0.   0.
 0.   0.   0.   0.   0.   0.   0.   0.   0.   0.   0.   0.   0.   0.
 0.   0.   0.   0.   0.   0.   0.   0.   0.   0.   0.   0.  ]"
3855,10.0,30,32.53,198.0,2023-01-02 10:31:41,455.4,749.8,11.4,"[ 3.25  3.25  3.25  3.25  3.25  3.25  3.25  3.25  3.25  3.25  3.25  3.25
  3.25  3.25 -0.   -0.   -0.   -0.    0.    0.    0.    0.    0.    0.
  0.    0.    0.    0.    0.    0.    0.    0.    0.    0.    0.    0.
  0.    0.    0.    0.    0.    0.    0.    0.    0.    0.    0.    0.
  0.    0.    0.    0.    0.    0.    0.    0.    0.    0.    0.    0.
  0.    0.    0.    0.    0.    0.    0.    0.    0.    0.    0.    0.
  0.    0.    0.    0.    0.    0.    0.    0.    0.    0.    0.    0.
  0.    0.    0.    0.    0.    0.    0.    0.    0.    0.    0.    0.  ]"
3856,20.0,30,68.28,198.0,2023-01-02 10:39:57,1229.1,1041.0,15.4,"[3.41 3.41 3.41 3.41 3.41 3.41 3.41 3.41 3.41 3.41 3.41 3.41 3.41 3.41
 3.41 3.41 3.41 3.41 0.   0.   0.   0.   0.   0.   0.   0.   0.   0.
 0.   0.   0.   0.   0.   0.   0.   0.   0.   0.   0.   0.   0.   0.
 0.   0.   0.   0.   0.   0.   0.   0.   0.   0.   0.   0.   0.   0.
 0.   0.   0.   0.   0.   0.   0.   0.   0.   0.   0.   0.   0.   0.
 0.   0.   0.   0.   0.   0.   0.   0.   0.   0.   0.   0.   0.   0.
 0.   0.   0.   0.   0.   0.   0.   0.   0.   0.   0.   0.  ]"
3858,27.5,30,35.17,198.0,2023-01-03 06:20:28,281.3,190.3,2.6,"[1.28 1.28 1.28 1.28 1.28 1.28 1.28 1.28 0.   0.   0.   0.   0.   0.
 0.   0.   0.   0.   0.   0.   0.   0.   0.   0.   0.   0.   0.   0.
 0.   0.   0.   0.   0.   0.   0.   0.   0.   0.   0.   0.   0.   0.
 0.   0.   0.   0.   0.   0.   0.   0.   0.   0.   0.   0.   0.   0.
 0.   0.   0.   0.   0.   0.   0.   0.   0.   0.   0.   0.   0.   0.
 0.   0.   0.   0.   0.   0.   0.   0.   0.   0.   0.   0.   0.   0.
 0.   0.   0.   0.   0.   0.   0.   0.   0.   0.   0.   0.  ]"
3859,27.5,30,93.22,198.0,2023-01-03 08:56:37,2703.5,1761.2,24.6,"[5.16 5.16 5.16 5.16 5.16 3.01 3.01 3.01 3.01 3.01 3.01 3.01 3.01 2.73
 2.73 2.73 2.73 2.73 2.73 2.73 2.73 2.73 2.73 2.73 2.73 2.73 4.29 4.29
 4.29 0.   0.   0.   0.   0.   0.   0.   0.   0.   0.   0.   0.   0.
 0.   0.   0.   0.   0.   0.   0.   0.   0.   0.   0.   0.   0.   0.
 0.   0.   0.   0.   0.   0.   0.   0.   0.   0.   0.   0.   0.   0.
 0.   0.   0.   0.   0.   0.   0.   0.   0.   0.   0.   0.   0.   0.
 0.   0.   0.   0.   0.   0.   0.   0.   0.   0.   0.   0.  ]"
3860,27.5,30,87.38,198.0,2023-01-03 10:14:40,1834.9,1118.0,16.7,"[4.77 4.77 4.77 4.77 4.77 4.77 4.77 4.77 2.2  2.2  2.2  2.2  2.2  2.2
 2.2  2.2  2.2  2.2  2.2  2.2  2.2  0.   0.   0.   0.   0.   0.   0.
 0.   0.   0.   0.   0.   0.   0.   0.   0.   0.   0.   0.   0.   0.
 0.   0.   0.   0.   0.   0.   0.   0.   0.   0.   0.   0.   0.   0.
 0.   0.   0.   0.   0.   0.   0.   0.   0.   0.   0.   0.   0.   0.
 0.   0.   0.   0.   0.   0.   0.   0.   0.   0.   0.   0.   0.   0.
 0.   0.   0.   0.   0.   0.   0.   0.   0.   0.   0.   0.  ]"
3861,17.5,30,56.52,198.0,2023-01-03 12:06:44,1300.0,1656.1,18.6,"[ 4.46  4.46  4.46  4.46  4.46  4.46  4.46  4.46  4.46  4.46  4.46  4.46
  4.46 -0.   -0.   -0.    2.32  2.32  2.32  2.32  2.32  2.32  2.32  0.
  0.    0.    0.    0.    0.    0.    0.    0.    0.    0.    0.    0.
  0.    0.    0.    0.    0.    0.    0.    0.    0.    0.    0.    0.
  0.    0.    0.    0.    0.    0.    0.    0.    0.    0.    0.    0.
  0.    0.    0.    0.    0.    0.    0.    0.    0.    0.    0.    0.
  0.    0.    0.    0.    0.    0.    0.    0.    0.    0.    0.    0.
  0.    0.    0.    0.    0.    0.    0.    0.    0.    0.    0.    0.  ]"
3862,15.0,30,46.39,198.0,2023-01-03 15:24:24,510.3,1140.0,8.5,"[5.1  5.1  1.46 2.75 2.75 2.75 2.75 2.75 2.75 2.75 3.08 0.   0.   0.
 0.   0.   0.   0.   0.   0.   0.   0.   0.   0.   0.   0.   0.   0.
 0.   0.   0.   0.   0.   0.   0.   0.   0.   0.   0.   0.   0.   0.
 0.   0.   0.   0.   0.   0.   0.   0.   0.   0.   0.   0.   0.   0.
 0.   0.   0.   0.   0.   0.   0.   0.   0.   0.   0.   0.   0.   0.
 0.   0.   0.   0.   0.   0.   0.   0.   0.   0.   0.   0.   0.   0.
 0.   0.   0.   0.   0.   0.   0.   0.   0.   0.   0.   0.  ]"
3863,27.5,30,47.09,198.0,2023-01-04 06:22:36,282.5,191.1,2.6,"[1.71 1.71 1.71 1.71 1.71 1.71 0.   0.   0.   0.   0.   0.   0.   0.
 0.   0.   0.   0.   0.   0.   0.   0.   0.   0.   0.   0.   0.   0.
 0.   0.   0.   0.   0.   0.   0.   0.   0.   0.   0.   0.   0.   0.
 0.   0.   0.   0.   0.   0.   0.   0.   0.   0.   0.   0.   0.   0.
 0.   0.   0.   0.   0.   0.   0.   0.   0.   0.   0.   0.   0.   0.
 0.   0.   0.   0.   0.   0.   0.   0.   0.   0.   0.   0.   0.   0.
 0.   0.   0.   0.   0.   0.   0.   0.   0.   0.   0.   0.  ]"
3864,27.5,30,181.5,198.0,2023-01-04 07:48:17,6534.0,4678.1,59.4,"[6.6 6.6 6.6 6.6 6.6 6.6 6.6 6.6 6.6 6.6 6.6 6.6 6.6 6.6 6.6 6.6 6.6 6.6
 6.6 6.6 6.6 6.6 6.6 6.6 6.6 6.6 6.6 6.6 6.6 6.6 6.6 6.6 6.6 6.6 6.6 6.6
 0.  0.  0.  0.  0.  0.  0.  0.  0.  0.  0.  0.  0.  0.  0.  0.  0.  0.
 0.  0.  0.  0.  0.  0.  0.  0.  0.  0.  0.  0.  0.  0.  0.  0.  0.  0.
 0.  0.  0.  0.  0.  0.  0.  0.  0.  0.  0.  0.  0.  0.  0.  0.  0.  0.
 0.  0.  0.  0.  0.  0. ]"
3865,10.0,30,16.73,198.0,2023-01-04 08:26:36,267.7,436.4,6.7,"[0.   0.   1.91 1.91 1.91 1.91 1.91 1.91 1.91 1.91 1.91 1.91 1.91 1.91
 1.91 1.91 0.   0.   0.   0.   0.   0.   0.   0.   0.   0.   0.   0.
 0.   0.   0.   0.   0.   0.   0.   0.   0.   0.   0.   0.   0.   0.
 0.   0.   0.   0.   0.   0.   0.   0.   0.   0.   0.   0.   0.   0.
 0.   0.   0.   0.   0.   0.   0.   0.   0.   0.   0.   0.   0.   0.
 0.   0.   0.   0.   0.   0.   0.   0.   0.   0.   0.   0.   0.   0.
 0.   0.   0.   0.   0.   0.   0.   0.   0.   0.   0.   0.  ]"
3866,10.0,30,29.81,198.0,2023-01-04 08:59:28,476.9,777.3,11.9,"[2.74 2.74 2.74 2.74 2.74 2.74 2.74 2.74 2.74 2.74 2.74 2.74 2.74 2.74
 4.65 4.65 0.   0.   0.   0.   0.   0.   0.   0.   0.   0.   0.   0.
 0.   0.   0.   0.   0.   0.   0.   0.   0.   0.   0.   0.   0.   0.
 0.   0.   0.   0.   0.   0.   0.   0.   0.   0.   0.   0.   0.   0.
 0.   0.   0.   0.   0.   0.   0.   0.   0.   0.   0.   0.   0.   0.
 0.   0.   0.   0.   0.   0.   0.   0.   0.   0.   0.   0.   0.   0.
 0.   0.   0.   0.   0.   0.   0.   0.   0.   0.   0.   0.  ]"
3868,15.0,30,48.97,198.0,2023-01-04 12:32:15,783.5,918.0,13.1,"[4.65 4.65 4.65 4.65 4.65 3.62 3.62 3.62 3.62 3.62 3.62 3.62 3.62 0.
 0.   0.   0.   0.   0.   0.   0.   0.   0.   0.   0.   0.   0.   0.
 0.   0.   0.   0.   0.   0.   0.   0.   0.   0.   0.   0.   0.   0.
 0.   0.   0.   0.   0.   0.   0.   0.   0.   0.   0.   0.   0.   0.
 0.   0.   0.   0.   0.   0.   0.   0.   0.   0.   0.   0.   0.   0.
 0.   0.   0.   0.   0.   0.   0.   0.   0.   0.   0.   0.   0.   0.
 0.   0.   0.   0.   0.   0.   0.   0.   0.   0.   0.   0.  ]"
3869,27.5,30,138.29,198.0,2023-01-05 06:19:10,968.0,654.7,8.8,"[5.03 5.03 5.03 5.03 5.03 5.03 5.03 0.   0.   0.   0.   0.   0.   0.
 0.   0.   0.   0.   0.   0.   0.   0.   0.   0.   0.   0.   0.   0.
 0.   0.   0.   0.   0.   0.   0.   0.   0.   0.   0.   0.   0.   0.
 0.   0.   0.   0.   0.   0.   0.   0.   0.   0.   0.   0.   0.   0.
 0.   0.   0.   0.   0.   0.   0.   0.   0.   0.   0.   0.   0.   0.
 0.   0.   0.   0.   0.   0.   0.   0.   0.   0.   0.   0.   0.   0.
 0.   0.   0.   0.   0.   0.   0.   0.   0.   0.   0.   0.  ]"
3870,27.5,30,45.12,198.0,2023-01-05 07:39:15,1579.2,942.6,14.4,"[ 0.    0.    0.    0.    0.    2.87  2.55  2.55  2.55  2.55  2.55  2.55
  2.55  2.55  2.55  2.55  2.55  2.55  2.55  2.55  3.19  3.19  3.19  3.19
  3.19  0.    0.    0.    0.    0.    0.96  0.96  0.96 -0.   -0.    0.
  0.    0.    0.    0.    0.    0.    0.    0.    0.    0.    0.    0.
  0.    0.    0.    0.    0.    0.    0.    0.    0.    0.    0.    0.
  0.    0.    0.    0.    0.    0.    0.    0.    0.    0.    0.    0.
  0.    0.    0.    0.    0.    0.    0.    0.    0.    0.    0.    0.
  0.    0.    0.    0.    0.    0.    0.    0.    0.    0.    0.    0.  ]"
3871,27.5,30,90.3,198.0,2023-01-05 09:03:50,1264.2,749.3,11.5,"[3.28 3.28 3.28 3.28 3.28 3.28 3.28 3.28 3.28 3.28 3.28 3.28 3.28 3.28
 0.   0.   0.   0.   0.   0.   0.   0.   0.   0.   0.   0.   0.   0.
 0.   0.   0.   0.   0.   0.   0.   0.   0.   0.   0.   0.   0.   0.
 0.   0.   0.   0.   0.   0.   0.   0.   0.   0.   0.   0.   0.   0.
 0.   0.   0.   0.   0.   0.   0.   0.   0.   0.   0.   0.   0.   0.
 0.   0.   0.   0.   0.   0.   0.   0.   0.   0.   0.   0.   0.   0.
 0.   0.   0.   0.   0.   0.   0.   0.   0.   0.   0.   0.  ]"
3872,27.5,30,92.58,198.0,2023-01-05 15:06:51,1018.4,1055.8,9.3,"[6.6  6.6  6.6  2.3  2.3  2.11 2.11 2.11 2.11 2.11 2.11 0.   0.   0.
 0.   0.   0.   0.   0.   0.   0.   0.   0.   0.   0.   0.   0.   0.
 0.   0.   0.   0.   0.   0.   0.   0.   0.   0.   0.   0.   0.   0.
 0.   0.   0.   0.   0.   0.   0.   0.   0.   0.   0.   0.   0.   0.
 0.   0.   0.   0.   0.   0.   0.   0.   0.   0.   0.   0.   0.   0.
 0.   0.   0.   0.   0.   0.   0.   0.   0.   0.   0.   0.   0.   0.
 0.   0.   0.   0.   0.   0.   0.   0.   0.   0.   0.   0.  ]"
3873,27.5,30,109.99,198.0,2023-01-06 07:39:24,3849.5,2717.3,35.0,"[3.72 3.72 3.72 2.27 2.27 2.27 3.14 3.39 3.39 3.2  3.2  3.2  3.46 3.46
 3.46 3.46 3.46 4.22 4.22 4.22 4.22 4.22 4.22 4.22 4.22 4.22 4.22 4.22
 4.84 4.84 4.84 4.84 6.22 6.6  6.6  0.   0.   0.   0.   0.   0.   0.
 0.   0.   0.   0.   0.   0.   0.   0.   0.   0.   0.   0.   0.   0.
 0.   0.   0.   0.   0.   0.   0.   0.   0.   0.   0.   0.   0.   0.
 0.   0.   0.   0.   0.   0.   0.   0.   0.   0.   0.   0.   0.   0.
 0.   0.   0.   0.   0.   0.   0.   0.   0.   0.   0.   0.  ]"
3874,27.5,30,80.85,198.0,2023-01-06 07:40:46,1374.5,832.3,12.5,"[0.   0.   0.   3.82 3.82 3.82 3.47 3.51 3.51 3.5  3.5  3.5  3.5  3.5
 3.5  3.5  3.5  0.   0.   0.   0.   0.   0.   0.   0.   0.   0.   0.
 0.   0.   0.   0.   0.   0.   0.   0.   0.   0.   0.   0.   0.   0.
 0.   0.   0.   0.   0.   0.   0.   0.   0.   0.   0.   0.   0.   0.
 0.   0.   0.   0.   0.   0.   0.   0.   0.   0.   0.   0.   0.   0.
 0.   0.   0.   0.   0.   0.   0.   0.   0.   0.   0.   0.   0.   0.
 0.   0.   0.   0.   0.   0.   0.   0.   0.   0.   0.   0.  ]"
3875,20.0,30,39.92,198.0,2023-01-06 08:21:48,1277.3,1399.7,16.0,"[0.   0.   3.29 1.2  1.19 1.19 1.16 1.16 1.16 1.33 1.33 1.33 1.33 1.33
 1.62 1.62 1.62 1.62 1.62 1.62 1.72 1.72 1.72 1.72 1.72 2.29 2.29 2.29
 2.29 6.2  6.6  6.6  0.   0.   0.   0.   0.   0.   0.   0.   0.   0.
 0.   0.   0.   0.   0.   0.   0.   0.   0.   0.   0.   0.   0.   0.
 0.   0.   0.   0.   0.   0.   0.   0.   0.   0.   0.   0.   0.   0.
 0.   0.   0.   0.   0.   0.   0.   0.   0.   0.   0.   0.   0.   0.
 0.   0.   0.   0.   0.   0.   0.   0.   0.   0.   0.   0.  ]"
3876,15.0,30,49.61,198.0,2023-01-06 09:05:02,1289.8,1466.2,21.5,"[3.44 2.54 2.54 2.47 2.47 2.47 2.72 2.72 2.72 2.72 2.72 3.54 3.54 3.54
 3.54 3.54 3.54 3.52 3.52 3.52 3.52 3.52 4.39 4.39 4.39 4.39 0.   0.
 0.   0.   0.   0.   0.   0.   0.   0.   0.   0.   0.   0.   0.   0.
 0.   0.   0.   0.   0.   0.   0.   0.   0.   0.   0.   0.   0.   0.
 0.   0.   0.   0.   0.   0.   0.   0.   0.   0.   0.   0.   0.   0.
 0.   0.   0.   0.   0.   0.   0.   0.   0.   0.   0.   0.   0.   0.
 0.   0.   0.   0.   0.   0.   0.   0.   0.   0.   0.   0.  ]"
3877,10.0,30,33.23,198.0,2023-01-06 09:17:37,697.8,1162.5,17.4,"[2.63 2.63 2.84 2.84 2.84 3.   3.   3.   3.   3.   3.82 3.82 3.82 3.82
 3.82 3.82 3.62 3.62 3.62 3.62 3.62 0.   0.   0.   0.   0.   0.   0.
 0.   0.   0.   0.   0.   0.   0.   0.   0.   0.   0.   0.   0.   0.
 0.   0.   0.   0.   0.   0.   0.   0.   0.   0.   0.   0.   0.   0.
 0.   0.   0.   0.   0.   0.   0.   0.   0.   0.   0.   0.   0.   0.
 0.   0.   0.   0.   0.   0.   0.   0.   0.   0.   0.   0.   0.   0.
 0.   0.   0.   0.   0.   0.   0.   0.   0.   0.   0.   0.  ]"
3878,22.5,30,78.42,198.0,2023-01-06 09:52:23,1803.6,1372.0,20.0,"[3.63 3.63 3.63 2.62 2.62 2.62 2.62 2.62 3.43 3.43 3.43 3.43 3.43 3.43
 3.58 3.58 3.58 3.58 3.58 4.43 4.43 4.43 4.43 0.   0.   0.   0.   0.
 0.   0.   0.   0.   0.   0.   0.   0.   0.   0.   0.   0.   0.   0.
 0.   0.   0.   0.   0.   0.   0.   0.   0.   0.   0.   0.   0.   0.
 0.   0.   0.   0.   0.   0.   0.   0.   0.   0.   0.   0.   0.   0.
 0.   0.   0.   0.   0.   0.   0.   0.   0.   0.   0.   0.   0.   0.
 0.   0.   0.   0.   0.   0.   0.   0.   0.   0.   0.   0.  ]"
3879,12.5,30,32.75,198.0,2023-01-06 10:39:35,687.8,949.1,13.8,"[2.58 2.58 2.58 2.58 2.58 2.58 2.58 2.58 2.58 2.58 2.58 1.95 1.95 1.95
 1.95 1.95 2.67 2.67 2.67 2.67 6.2  0.   0.   0.   0.   0.   0.   0.
 0.   0.   0.   0.   0.   0.   0.   0.   0.   0.   0.   0.   0.   0.
 0.   0.   0.   0.   0.   0.   0.   0.   0.   0.   0.   0.   0.   0.
 0.   0.   0.   0.   0.   0.   0.   0.   0.   0.   0.   0.   0.   0.
 0.   0.   0.   0.   0.   0.   0.   0.   0.   0.   0.   0.   0.   0.
 0.   0.   0.   0.   0.   0.   0.   0.   0.   0.   0.   0.  ]"
3880,10.0,30,23.74,198.0,2023-01-06 13:29:11,308.7,988.0,7.7,"[1.12 1.12 1.12 1.12 1.12 1.12 1.12 1.12 1.12 1.12 6.54 6.54 6.6  0.
 0.   0.   0.   0.   0.   0.   0.   0.   0.   0.   0.   0.   0.   0.
 0.   0.   0.   0.   0.   0.   0.   0.   0.   0.   0.   0.   0.   0.
 0.   0.   0.   0.   0.   0.   0.   0.   0.   0.   0.   0.   0.   0.
 0.   0.   0.   0.   0.   0.   0.   0.   0.   0.   0.   0.   0.   0.
 0.   0.   0.   0.   0.   0.   0.   0.   0.   0.   0.   0.   0.   0.
 0.   0.   0.   0.   0.   0.   0.   0.   0.   0.   0.   0.  ]"
3881,27.5,30,103.71,198.0,2023-01-06 18:50:49,1348.3,1253.3,12.3,"[2.  2.  2.  2.  2.  2.  2.  2.  6.6 6.6 6.6 6.6 6.6 0.  0.  0.  0.  0.
 0.  0.  0.  0.  0.  0.  0.  0.  0.  0.  0.  0.  0.  0.  0.  0.  0.  0.
 0.  0.  0.  0.  0.  0.  0.  0.  0.  0.  0.  0.  0.  0.  0.  0.  0.  0.
 0.  0.  0.  0.  0.  0.  0.  0.  0.  0.  0.  0.  0.  0.  0.  0.  0.  0.
 0.  0.  0.  0.  0.  0.  0.  0.  0.  0.  0.  0.  0.  0.  0.  0.  0.  0.
 0.  0.  0.  0.  0.  0. ]"
3882,27.5,30,181.5,198.0,2023-01-07 07:59:07,3267.0,1997.2,29.7,"[6.6 6.6 6.6 6.6 6.6 6.6 6.6 6.6 6.6 6.6 6.6 6.6 6.6 6.6 6.6 6.6 6.6 6.6
 0.  0.  0.  0.  0.  0.  0.  0.  0.  0.  0.  0.  0.  0.  0.  0.  0.  0.
 0.  0.  0.  0.  0.  0.  0.  0.  0.  0.  0.  0.  0.  0.  0.  0.  0.  0.
 0.  0.  0.  0.  0.  0.  0.  0.  0.  0.  0.  0.  0.  0.  0.  0.  0.  0.
 0.  0.  0.  0.  0.  0.  0.  0.  0.  0.  0.  0.  0.  0.  0.  0.  0.  0.
 0.  0.  0.  0.  0.  0. ]"
3884,27.5,30,116.68,198.0,2023-01-07 17:04:27,1400.2,2031.5,12.7,"[4.24 4.24 4.24 4.24 4.24 4.24 4.24 4.24 4.24 4.24 4.24 4.24 0.   0.
 0.   0.   0.   0.   0.   0.   0.   0.   0.   0.   0.   0.   0.   0.
 0.   0.   0.   0.   0.   0.   0.   0.   0.   0.   0.   0.   0.   0.
 0.   0.   0.   0.   0.   0.   0.   0.   0.   0.   0.   0.   0.   0.
 0.   0.   0.   0.   0.   0.   0.   0.   0.   0.   0.   0.   0.   0.
 0.   0.   0.   0.   0.   0.   0.   0.   0.   0.   0.   0.   0.   0.
 0.   0.   0.   0.   0.   0.   0.   0.   0.   0.   0.   0.  ]"
3885,27.5,30,30.62,198.0,2023-01-07 23:27:35,183.7,124.3,1.7,"[1.11 1.11 1.11 1.11 1.11 1.11 0.   0.   0.   0.   0.   0.   0.   0.
 0.   0.   0.   0.   0.   0.   0.   0.   0.   0.   0.   0.   0.   0.
 0.   0.   0.   0.   0.   0.   0.   0.   0.   0.   0.   0.   0.   0.
 0.   0.   0.   0.   0.   0.   0.   0.   0.   0.   0.   0.   0.   0.
 0.   0.   0.   0.   0.   0.   0.   0.   0.   0.   0.   0.   0.   0.
 0.   0.   0.   0.   0.   0.   0.   0.   0.   0.   0.   0.   0.   0.
 0.   0.   0.   0.   0.   0.   0.   0.   0.   0.   0.   0.  ]"
3886,27.5,30,90.63,198.0,2023-01-08 10:06:59,2084.5,1235.5,18.9,"[5.05 5.05 5.05 5.05 5.05 5.05 5.05 5.05 5.05 5.05 5.05 5.05 5.05 5.05
 5.05 0.   0.   0.   0.   0.   0.   0.   0.   0.   0.   0.   0.   0.
 0.   0.   0.   0.   0.   0.   0.   0.   0.   0.   0.   0.   0.   0.
 0.   0.   0.   0.   0.   0.   0.   0.   0.   0.   0.   0.   0.   0.
 0.   0.   0.   0.   0.   0.   0.   0.   0.   0.   0.   0.   0.   0.
 0.   0.   0.   0.   0.   0.   0.   0.   0.   0.   0.   0.   0.   0.
 0.   0.   0.   0.   0.   0.   0.   0.   0.   0.   0.   0.  ]"
3888,27.5,30,90.27,198.0,2023-01-08 14:44:52,1354.1,1261.7,12.3,"[6.6  6.6  6.6  6.6  6.6  1.62 1.62 1.62 1.62 1.62 1.62 1.62 1.62 1.62
 1.62 0.   0.   0.   0.   0.   0.   0.   0.   0.   0.   0.   0.   0.
 0.   0.   0.   0.   0.   0.   0.   0.   0.   0.   0.   0.   0.   0.
 0.   0.   0.   0.   0.   0.   0.   0.   0.   0.   0.   0.   0.   0.
 0.   0.   0.   0.   0.   0.   0.   0.   0.   0.   0.   0.   0.   0.
 0.   0.   0.   0.   0.   0.   0.   0.   0.   0.   0.   0.   0.   0.
 0.   0.   0.   0.   0.   0.   0.   0.   0.   0.   0.   0.  ]"
3891,27.5,30,105.88,198.0,2023-01-09 06:50:35,847.0,572.9,7.7,"[4.4  4.4  4.4  4.4  4.4  2.93 2.93 2.93 0.   0.   0.   0.   0.   0.
 0.   0.   0.   0.   0.   0.   0.   0.   0.   0.   0.   0.   0.   0.
 0.   0.   0.   0.   0.   0.   0.   0.   0.   0.   0.   0.   0.   0.
 0.   0.   0.   0.   0.   0.   0.   0.   0.   0.   0.   0.   0.   0.
 0.   0.   0.   0.   0.   0.   0.   0.   0.   0.   0.   0.   0.   0.
 0.   0.   0.   0.   0.   0.   0.   0.   0.   0.   0.   0.   0.   0.
 0.   0.   0.   0.   0.   0.   0.   0.   0.   0.   0.   0.  ]"
3892,27.5,30,181.5,198.0,2023-01-09 08:06:24,6715.5,5082.0,61.1,"[6.6 6.6 6.6 6.6 6.6 6.6 6.6 6.6 6.6 6.6 6.6 6.6 6.6 6.6 6.6 6.6 6.6 6.6
 6.6 6.6 6.6 6.6 6.6 6.6 6.6 6.6 6.6 6.6 6.6 6.6 6.6 6.6 6.6 6.6 6.6 6.6
 6.6 0.  0.  0.  0.  0.  0.  0.  0.  0.  0.  0.  0.  0.  0.  0.  0.  0.
 0.  0.  0.  0.  0.  0.  0.  0.  0.  0.  0.  0.  0.  0.  0.  0.  0.  0.
 0.  0.  0.  0.  0.  0.  0.  0.  0.  0.  0.  0.  0.  0.  0.  0.  0.  0.
 0.  0.  0.  0.  0.  0. ]"
3893,27.5,30,97.28,198.0,2023-01-09 08:26:50,2821.0,1730.1,25.6,"[0.   0.   5.31 4.19 4.19 4.19 4.19 4.19 4.19 3.58 3.61 3.61 3.61 3.61
 3.61 3.61 3.61 3.61 3.61 3.61 3.61 3.61 3.61 3.61 3.61 3.61 3.61 3.61
 3.61 0.   0.   0.   0.   0.   0.   0.   0.   0.   0.   0.   0.   0.
 0.   0.   0.   0.   0.   0.   0.   0.   0.   0.   0.   0.   0.   0.
 0.   0.   0.   0.   0.   0.   0.   0.   0.   0.   0.   0.   0.   0.
 0.   0.   0.   0.   0.   0.   0.   0.   0.   0.   0.   0.   0.   0.
 0.   0.   0.   0.   0.   0.   0.   0.   0.   0.   0.   0.  ]"
3894,27.5,30,48.62,198.0,2023-01-09 09:03:51,1555.8,1378.5,14.1,"[2.35 2.35 2.35 2.35 2.35 2.35 1.07 1.03 1.03 1.03 1.03 1.03 1.03 1.03
 1.03 1.19 1.19 1.19 1.19 1.19 1.19 1.19 1.19 1.19 1.19 1.19 1.73 1.74
 1.74 3.58 5.65 5.65 0.   0.   0.   0.   0.   0.   0.   0.   0.   0.
 0.   0.   0.   0.   0.   0.   0.   0.   0.   0.   0.   0.   0.   0.
 0.   0.   0.   0.   0.   0.   0.   0.   0.   0.   0.   0.   0.   0.
 0.   0.   0.   0.   0.   0.   0.   0.   0.   0.   0.   0.   0.   0.
 0.   0.   0.   0.   0.   0.   0.   0.   0.   0.   0.   0.  ]"
3895,27.5,30,77.12,198.0,2023-01-09 09:14:08,2313.7,1698.0,21.0,"[4.54 4.54 4.54 4.54 4.54 4.54 1.88 2.05 2.05 2.05 2.05 2.05 2.05 2.05
 2.05 2.1  2.1  2.1  2.1  2.1  2.1  2.1  2.1  2.1  2.1  2.1  3.49 3.49
 3.49 5.08 0.   0.   0.   0.   0.   0.   0.   0.   0.   0.   0.   0.
 0.   0.   0.   0.   0.   0.   0.   0.   0.   0.   0.   0.   0.   0.
 0.   0.   0.   0.   0.   0.   0.   0.   0.   0.   0.   0.   0.   0.
 0.   0.   0.   0.   0.   0.   0.   0.   0.   0.   0.   0.   0.   0.
 0.   0.   0.   0.   0.   0.   0.   0.   0.   0.   0.   0.  ]"
3896,27.5,30,94.01,198.0,2023-01-09 10:34:34,2162.1,1559.4,19.7,"[6.27 2.92 2.92 2.92 2.92 2.92 2.92 2.92 2.92 3.21 3.21 3.21 3.21 3.21
 3.21 3.21 3.21 3.21 3.21 3.21 4.56 4.57 4.57 0.   0.   0.   0.   0.
 0.   0.   0.   0.   0.   0.   0.   0.   0.   0.   0.   0.   0.   0.
 0.   0.   0.   0.   0.   0.   0.   0.   0.   0.   0.   0.   0.   0.
 0.   0.   0.   0.   0.   0.   0.   0.   0.   0.   0.   0.   0.   0.
 0.   0.   0.   0.   0.   0.   0.   0.   0.   0.   0.   0.   0.   0.
 0.   0.   0.   0.   0.   0.   0.   0.   0.   0.   0.   0.  ]"
3897,20.0,30,65.91,198.0,2023-01-09 10:54:15,2241.1,3545.4,28.0,"[3.53 3.53 3.53 3.53 3.53 3.53 3.53 3.53 0.95 0.95 0.95 0.95 0.95 0.95
 0.95 0.95 0.95 0.95 0.95 1.27 1.26 1.26 2.4  5.41 5.41 6.26 6.26 6.26
 6.26 6.26 6.26 6.26 6.26 6.26 0.   0.   0.   0.   0.   0.   0.   0.
 0.   0.   0.   0.   0.   0.   0.   0.   0.   0.   0.   0.   0.   0.
 0.   0.   0.   0.   0.   0.   0.   0.   0.   0.   0.   0.   0.   0.
 0.   0.   0.   0.   0.   0.   0.   0.   0.   0.   0.   0.   0.   0.
 0.   0.   0.   0.   0.   0.   0.   0.   0.   0.   0.   0.  ]"
3898,12.5,30,38.89,198.0,2023-01-09 12:47:07,700.1,1465.1,14.0,"[2.91 2.91 2.91 2.91 2.91 2.91 2.91 2.91 2.91 2.91 2.91 2.91 2.91 2.91
 2.91 2.91 2.91 6.6  0.   0.   0.   0.   0.   0.   0.   0.   0.   0.
 0.   0.   0.   0.   0.   0.   0.   0.   0.   0.   0.   0.   0.   0.
 0.   0.   0.   0.   0.   0.   0.   0.   0.   0.   0.   0.   0.   0.
 0.   0.   0.   0.   0.   0.   0.   0.   0.   0.   0.   0.   0.   0.
 0.   0.   0.   0.   0.   0.   0.   0.   0.   0.   0.   0.   0.   0.
 0.   0.   0.   0.   0.   0.   0.   0.   0.   0.   0.   0.  ]"
3899,27.5,30,181.5,198.0,2023-01-09 17:07:42,1633.5,2370.1,14.9,"[6.6 6.6 6.6 6.6 6.6 6.6 6.6 6.6 6.6 0.  0.  0.  0.  0.  0.  0.  0.  0.
 0.  0.  0.  0.  0.  0.  0.  0.  0.  0.  0.  0.  0.  0.  0.  0.  0.  0.
 0.  0.  0.  0.  0.  0.  0.  0.  0.  0.  0.  0.  0.  0.  0.  0.  0.  0.
 0.  0.  0.  0.  0.  0.  0.  0.  0.  0.  0.  0.  0.  0.  0.  0.  0.  0.
 0.  0.  0.  0.  0.  0.  0.  0.  0.  0.  0.  0.  0.  0.  0.  0.  0.  0.
 0.  0.  0.  0.  0.  0. ]"
3900,27.5,30,138.29,198.0,2023-01-10 07:11:47,968.0,654.7,8.8,"[5.03 5.03 5.03 5.03 5.03 5.03 5.03 0.   0.   0.   0.   0.   0.   0.
 0.   0.   0.   0.   0.   0.   0.   0.   0.   0.   0.   0.   0.   0.
 0.   0.   0.   0.   0.   0.   0.   0.   0.   0.   0.   0.   0.   0.
 0.   0.   0.   0.   0.   0.   0.   0.   0.   0.   0.   0.   0.   0.
 0.   0.   0.   0.   0.   0.   0.   0.   0.   0.   0.   0.   0.   0.
 0.   0.   0.   0.   0.   0.   0.   0.   0.   0.   0.   0.   0.   0.
 0.   0.   0.   0.   0.   0.   0.   0.   0.   0.   0.   0.  ]"
3901,27.5,30,88.24,198.0,2023-01-10 08:56:02,970.7,575.3,8.8,"[3.49 3.49 3.1  3.15 3.15 3.15 3.15 3.15 3.15 3.15 3.15 0.   0.   0.
 0.   0.   0.   0.   0.   0.   0.   0.   0.   0.   0.   0.   0.   0.
 0.   0.   0.   0.   0.   0.   0.   0.   0.   0.   0.   0.   0.   0.
 0.   0.   0.   0.   0.   0.   0.   0.   0.   0.   0.   0.   0.   0.
 0.   0.   0.   0.   0.   0.   0.   0.   0.   0.   0.   0.   0.   0.
 0.   0.   0.   0.   0.   0.   0.   0.   0.   0.   0.   0.   0.   0.
 0.   0.   0.   0.   0.   0.   0.   0.   0.   0.   0.   0.  ]"
3902,27.5,30,84.04,198.0,2023-01-10 09:22:18,1428.6,846.8,13.0,"[2.86 2.18 2.18 2.18 2.18 2.18 2.18 2.18 2.18 4.11 3.93 3.93 3.93 3.93
 3.93 3.93 3.93 0.   0.   0.   0.   0.   0.   0.   0.   0.   0.   0.
 0.   0.   0.   0.   0.   0.   0.   0.   0.   0.   0.   0.   0.   0.
 0.   0.   0.   0.   0.   0.   0.   0.   0.   0.   0.   0.   0.   0.
 0.   0.   0.   0.   0.   0.   0.   0.   0.   0.   0.   0.   0.   0.
 0.   0.   0.   0.   0.   0.   0.   0.   0.   0.   0.   0.   0.   0.
 0.   0.   0.   0.   0.   0.   0.   0.   0.   0.   0.   0.  ]"
3903,27.5,30,81.3,198.0,2023-01-10 09:37:55,2520.3,1493.9,22.9,"[ 5.74  5.74  5.74  5.74  5.74  5.74  5.74  5.74  5.74  4.9   4.9   4.9
  4.9   4.9   4.9   4.9   5.74  0.    0.    0.    0.    0.    0.    0.
  0.   -0.   -0.   -0.   -0.   -0.   -0.    0.    0.    0.    0.    0.
  0.    0.    0.    0.    0.    0.    0.    0.    0.    0.    0.    0.
  0.    0.    0.    0.    0.    0.    0.    0.    0.    0.    0.    0.
  0.    0.    0.    0.    0.    0.    0.    0.    0.    0.    0.    0.
  0.    0.    0.    0.    0.    0.    0.    0.    0.    0.    0.    0.
  0.    0.    0.    0.    0.    0.    0.    0.    0.    0.    0.    0.  ]"
3904,27.5,30,80.02,198.0,2023-01-10 11:46:04,1680.4,1015.1,15.3,"[ 6.6   6.6   6.6   6.6   6.6   6.6   6.6   6.6   1.04  1.04  1.04  1.04
  1.04  1.04  1.04  1.04 -0.   -0.   -0.   -0.   -0.    0.    0.    0.
  0.    0.    0.    0.    0.    0.    0.    0.    0.    0.    0.    0.
  0.    0.    0.    0.    0.    0.    0.    0.    0.    0.    0.    0.
  0.    0.    0.    0.    0.    0.    0.    0.    0.    0.    0.    0.
  0.    0.    0.    0.    0.    0.    0.    0.    0.    0.    0.    0.
  0.    0.    0.    0.    0.    0.    0.    0.    0.    0.    0.    0.
  0.    0.    0.    0.    0.    0.    0.    0.    0.    0.    0.    0.  ]"
3905,27.5,30,92.55,198.0,2023-01-10 13:34:57,1850.9,1405.1,16.8,"[6.6  6.6  6.6  6.6  6.6  6.6  6.6  6.6  6.6  0.7  0.7  0.7  0.7  0.7
 0.72 0.74 0.74 0.74 0.74 0.74 0.   0.   0.   0.   0.   0.   0.   0.
 0.   0.   0.   0.   0.   0.   0.   0.   0.   0.   0.   0.   0.   0.
 0.   0.   0.   0.   0.   0.   0.   0.   0.   0.   0.   0.   0.   0.
 0.   0.   0.   0.   0.   0.   0.   0.   0.   0.   0.   0.   0.   0.
 0.   0.   0.   0.   0.   0.   0.   0.   0.   0.   0.   0.   0.   0.
 0.   0.   0.   0.   0.   0.   0.   0.   0.   0.   0.   0.  ]"
3906,27.5,30,36.49,198.0,2023-01-11 06:30:25,218.9,148.1,2.0,"[1.33 1.33 1.33 1.33 1.33 1.33 0.   0.   0.   0.   0.   0.   0.   0.
 0.   0.   0.   0.   0.   0.   0.   0.   0.   0.   0.   0.   0.   0.
 0.   0.   0.   0.   0.   0.   0.   0.   0.   0.   0.   0.   0.   0.
 0.   0.   0.   0.   0.   0.   0.   0.   0.   0.   0.   0.   0.   0.
 0.   0.   0.   0.   0.   0.   0.   0.   0.   0.   0.   0.   0.   0.
 0.   0.   0.   0.   0.   0.   0.   0.   0.   0.   0.   0.   0.   0.
 0.   0.   0.   0.   0.   0.   0.   0.   0.   0.   0.   0.  ]"
3907,27.5,30,86.95,198.0,2023-01-11 07:51:43,2434.6,1477.1,22.1,"[0.   0.   0.   0.   3.8  3.8  3.8  3.96 3.96 3.25 3.25 3.25 3.25 3.25
 3.25 3.25 3.25 3.25 4.3  4.3  4.3  4.1  4.1  4.1  3.7  3.7  3.7  3.7
 0.   0.   0.   0.   0.   0.   0.   0.   0.   0.   0.   0.   0.   0.
 0.   0.   0.   0.   0.   0.   0.   0.   0.   0.   0.   0.   0.   0.
 0.   0.   0.   0.   0.   0.   0.   0.   0.   0.   0.   0.   0.   0.
 0.   0.   0.   0.   0.   0.   0.   0.   0.   0.   0.   0.   0.   0.
 0.   0.   0.   0.   0.   0.   0.   0.   0.   0.   0.   0.  ]"
3908,27.5,30,92.4,198.0,2023-01-11 08:07:56,3049.3,1874.6,27.7,"[ 0.    0.    0.    5.53  5.53  5.53  5.25  5.25  3.27  3.27  3.27  3.27
  3.27  3.27  3.27  3.27  3.27  4.32  4.32  4.32  4.06  4.06  4.06  3.66
  3.66  3.66  3.66  4.71  3.28  3.28  3.28 -0.   -0.    0.    0.    0.
  0.    0.    0.    0.    0.    0.    0.    0.    0.    0.    0.    0.
  0.    0.    0.    0.    0.    0.    0.    0.    0.    0.    0.    0.
  0.    0.    0.    0.    0.    0.    0.    0.    0.    0.    0.    0.
  0.    0.    0.    0.    0.    0.    0.    0.    0.    0.    0.    0.
  0.    0.    0.    0.    0.    0.    0.    0.    0.    0.    0.    0.  ]"
3909,27.5,30,86.2,198.0,2023-01-11 08:16:13,1379.2,817.5,12.5,"[0.   0.   3.56 3.56 3.56 3.59 3.59 3.59 3.59 3.59 3.59 3.59 3.59 3.59
 3.59 3.59 0.   0.   0.   0.   0.   0.   0.   0.   0.   0.   0.   0.
 0.   0.   0.   0.   0.   0.   0.   0.   0.   0.   0.   0.   0.   0.
 0.   0.   0.   0.   0.   0.   0.   0.   0.   0.   0.   0.   0.   0.
 0.   0.   0.   0.   0.   0.   0.   0.   0.   0.   0.   0.   0.   0.
 0.   0.   0.   0.   0.   0.   0.   0.   0.   0.   0.   0.   0.   0.
 0.   0.   0.   0.   0.   0.   0.   0.   0.   0.   0.   0.  ]"
3910,27.5,30,37.54,198.0,2023-01-11 08:55:47,1013.6,623.5,9.2,"[1.8  1.8  1.8  1.17 1.17 1.18 1.18 1.18 1.18 1.18 1.18 1.18 1.18 1.18
 1.54 1.54 1.54 1.33 1.33 1.33 1.21 1.21 1.21 1.21 1.68 1.68 1.68 0.
 0.   0.   0.   0.   0.   0.   0.   0.   0.   0.   0.   0.   0.   0.
 0.   0.   0.   0.   0.   0.   0.   0.   0.   0.   0.   0.   0.   0.
 0.   0.   0.   0.   0.   0.   0.   0.   0.   0.   0.   0.   0.   0.
 0.   0.   0.   0.   0.   0.   0.   0.   0.   0.   0.   0.   0.   0.
 0.   0.   0.   0.   0.   0.   0.   0.   0.   0.   0.   0.  ]"
3911,27.5,30,94.48,198.0,2023-01-11 09:40:30,2267.4,1403.7,20.6,"[5.08 5.08 2.68 2.68 2.68 2.68 2.68 2.68 2.68 2.68 2.68 3.8  3.8  3.8
 3.61 3.61 3.61 3.18 3.18 3.18 3.18 4.41 4.41 4.41 0.   0.   0.   0.
 0.   0.   0.   0.   0.   0.   0.   0.   0.   0.   0.   0.   0.   0.
 0.   0.   0.   0.   0.   0.   0.   0.   0.   0.   0.   0.   0.   0.
 0.   0.   0.   0.   0.   0.   0.   0.   0.   0.   0.   0.   0.   0.
 0.   0.   0.   0.   0.   0.   0.   0.   0.   0.   0.   0.   0.   0.
 0.   0.   0.   0.   0.   0.   0.   0.   0.   0.   0.   0.  ]"
3913,27.5,30,85.62,198.0,2023-01-11 10:11:24,2397.2,1451.0,21.8,"[ 5.96  5.96  5.96  5.96  5.96  5.96  5.96  5.96  5.96  5.95  5.95  5.95
  0.86  0.86  0.86  0.79  0.79  0.79  0.79  1.09  2.94  2.94  2.94 -0.
 -0.   -0.   -0.   -0.    0.    0.    0.    0.    0.    0.    0.    0.
  0.    0.    0.    0.    0.    0.    0.    0.    0.    0.    0.    0.
  0.    0.    0.    0.    0.    0.    0.    0.    0.    0.    0.    0.
  0.    0.    0.    0.    0.    0.    0.    0.    0.    0.    0.    0.
  0.    0.    0.    0.    0.    0.    0.    0.    0.    0.    0.    0.
  0.    0.    0.    0.    0.    0.    0.    0.    0.    0.    0.    0.  ]"
3914,27.5,30,76.64,198.0,2023-01-11 13:03:26,1073.0,680.2,9.8,"[ 6.6   6.6   6.6   3.07  3.07  3.07  3.07  3.22  1.24  1.24  1.24 -0.
 -0.   -0.    0.    0.    0.    0.    0.    0.    0.    0.    0.    0.
  0.    0.    0.    0.    0.    0.    0.    0.    0.    0.    0.    0.
  0.    0.    0.    0.    0.    0.    0.    0.    0.    0.    0.    0.
  0.    0.    0.    0.    0.    0.    0.    0.    0.    0.    0.    0.
  0.    0.    0.    0.    0.    0.    0.    0.    0.    0.    0.    0.
  0.    0.    0.    0.    0.    0.    0.    0.    0.    0.    0.    0.
  0.    0.    0.    0.    0.    0.    0.    0.    0.    0.    0.    0.  ]"
3915,27.5,30,98.04,198.0,2023-01-11 15:15:15,1274.6,1427.5,11.6,"[6.6  6.6  6.6  2.55 2.55 2.58 2.61 2.61 2.73 2.73 2.73 2.73 2.73 0.
 0.   0.   0.   0.   0.   0.   0.   0.   0.   0.   0.   0.   0.   0.
 0.   0.   0.   0.   0.   0.   0.   0.   0.   0.   0.   0.   0.   0.
 0.   0.   0.   0.   0.   0.   0.   0.   0.   0.   0.   0.   0.   0.
 0.   0.   0.   0.   0.   0.   0.   0.   0.   0.   0.   0.   0.   0.
 0.   0.   0.   0.   0.   0.   0.   0.   0.   0.   0.   0.   0.   0.
 0.   0.   0.   0.   0.   0.   0.   0.   0.   0.   0.   0.  ]"
3916,27.5,30,87.1,198.0,2023-01-11 17:54:08,1132.3,1502.3,10.3,"[2.31 2.31 2.99 2.99 2.99 2.99 2.99 2.99 2.99 2.99 2.99 2.99 6.6  0.
 0.   0.   0.   0.   0.   0.   0.   0.   0.   0.   0.   0.   0.   0.
 0.   0.   0.   0.   0.   0.   0.   0.   0.   0.   0.   0.   0.   0.
 0.   0.   0.   0.   0.   0.   0.   0.   0.   0.   0.   0.   0.   0.
 0.   0.   0.   0.   0.   0.   0.   0.   0.   0.   0.   0.   0.   0.
 0.   0.   0.   0.   0.   0.   0.   0.   0.   0.   0.   0.   0.   0.
 0.   0.   0.   0.   0.   0.   0.   0.   0.   0.   0.   0.  ]"
3917,27.5,30,34.49,198.0,2023-01-12 06:17:33,275.9,186.6,2.5,"[1.25 1.25 1.25 1.25 1.25 1.25 1.25 1.25 0.   0.   0.   0.   0.   0.
 0.   0.   0.   0.   0.   0.   0.   0.   0.   0.   0.   0.   0.   0.
 0.   0.   0.   0.   0.   0.   0.   0.   0.   0.   0.   0.   0.   0.
 0.   0.   0.   0.   0.   0.   0.   0.   0.   0.   0.   0.   0.   0.
 0.   0.   0.   0.   0.   0.   0.   0.   0.   0.   0.   0.   0.   0.
 0.   0.   0.   0.   0.   0.   0.   0.   0.   0.   0.   0.   0.   0.
 0.   0.   0.   0.   0.   0.   0.   0.   0.   0.   0.   0.  ]"
3918,27.5,30,181.5,198.0,2023-01-12 08:34:09,2722.5,1628.9,24.7,"[6.6 6.6 6.6 6.6 6.6 6.6 6.6 6.6 6.6 6.6 6.6 6.6 6.6 6.6 6.6 0.  0.  0.
 0.  0.  0.  0.  0.  0.  0.  0.  0.  0.  0.  0.  0.  0.  0.  0.  0.  0.
 0.  0.  0.  0.  0.  0.  0.  0.  0.  0.  0.  0.  0.  0.  0.  0.  0.  0.
 0.  0.  0.  0.  0.  0.  0.  0.  0.  0.  0.  0.  0.  0.  0.  0.  0.  0.
 0.  0.  0.  0.  0.  0.  0.  0.  0.  0.  0.  0.  0.  0.  0.  0.  0.  0.
 0.  0.  0.  0.  0.  0. ]"
3919,27.5,30,174.87,198.0,2023-01-12 08:37:07,2797.9,1673.5,25.4,"[6.6  6.6  6.6  6.33 6.33 6.27 6.27 6.27 6.27 6.27 6.27 6.27 6.27 6.27
 6.27 6.6  0.   0.   0.   0.   0.   0.   0.   0.   0.   0.   0.   0.
 0.   0.   0.   0.   0.   0.   0.   0.   0.   0.   0.   0.   0.   0.
 0.   0.   0.   0.   0.   0.   0.   0.   0.   0.   0.   0.   0.   0.
 0.   0.   0.   0.   0.   0.   0.   0.   0.   0.   0.   0.   0.   0.
 0.   0.   0.   0.   0.   0.   0.   0.   0.   0.   0.   0.   0.   0.
 0.   0.   0.   0.   0.   0.   0.   0.   0.   0.   0.   0.  ]"
3920,27.5,30,77.27,198.0,2023-01-12 09:23:49,1313.6,778.6,11.9,"[2.74 2.74 1.88 1.88 1.88 1.88 1.88 1.88 1.88 1.88 1.88 1.88 5.64 4.47
 4.47 4.47 4.47 0.   0.   0.   0.   0.   0.   0.   0.   0.   0.   0.
 0.   0.   0.   0.   0.   0.   0.   0.   0.   0.   0.   0.   0.   0.
 0.   0.   0.   0.   0.   0.   0.   0.   0.   0.   0.   0.   0.   0.
 0.   0.   0.   0.   0.   0.   0.   0.   0.   0.   0.   0.   0.   0.
 0.   0.   0.   0.   0.   0.   0.   0.   0.   0.   0.   0.   0.   0.
 0.   0.   0.   0.   0.   0.   0.   0.   0.   0.   0.   0.  ]"
3921,27.5,30,86.26,198.0,2023-01-12 09:46:59,1897.8,1209.6,17.3,"[-0.   -0.   -0.   -0.   -0.   -0.   -0.   -0.   -0.   -0.    6.5   5.02
  5.02  5.02  5.02  5.59  5.23  5.23  6.6   6.6   6.6   6.6   0.    0.
  0.    0.    0.    0.    0.    0.    0.    0.    0.    0.    0.    0.
  0.    0.    0.    0.    0.    0.    0.    0.    0.    0.    0.    0.
  0.    0.    0.    0.    0.    0.    0.    0.    0.    0.    0.    0.
  0.    0.    0.    0.    0.    0.    0.    0.    0.    0.    0.    0.
  0.    0.    0.    0.    0.    0.    0.    0.    0.    0.    0.    0.
  0.    0.    0.    0.    0.    0.    0.    0.    0.    0.    0.    0.  ]"
3922,25.0,30,83.11,198.0,2023-01-12 09:53:05,1496.0,990.9,15.0,"[3.57 3.57 3.57 3.57 3.57 3.57 3.57 3.57 3.57 3.57 1.83 2.76 2.76 2.76
 2.76 4.54 3.37 3.37 0.   0.   0.   0.   0.   0.   0.   0.   0.   0.
 0.   0.   0.   0.   0.   0.   0.   0.   0.   0.   0.   0.   0.   0.
 0.   0.   0.   0.   0.   0.   0.   0.   0.   0.   0.   0.   0.   0.
 0.   0.   0.   0.   0.   0.   0.   0.   0.   0.   0.   0.   0.   0.
 0.   0.   0.   0.   0.   0.   0.   0.   0.   0.   0.   0.   0.   0.
 0.   0.   0.   0.   0.   0.   0.   0.   0.   0.   0.   0.  ]"
3925,27.5,30,82.29,198.0,2023-01-12 12:17:12,1563.5,1192.6,14.2,"[6.6  1.72 1.72 1.72 1.72 3.84 2.25 2.25 3.41 3.41 3.41 3.41 6.6  6.6
 1.64 1.64 1.64 1.64 1.64 0.   0.   0.   0.   0.   0.   0.   0.   0.
 0.   0.   0.   0.   0.   0.   0.   0.   0.   0.   0.   0.   0.   0.
 0.   0.   0.   0.   0.   0.   0.   0.   0.   0.   0.   0.   0.   0.
 0.   0.   0.   0.   0.   0.   0.   0.   0.   0.   0.   0.   0.   0.
 0.   0.   0.   0.   0.   0.   0.   0.   0.   0.   0.   0.   0.   0.
 0.   0.   0.   0.   0.   0.   0.   0.   0.   0.   0.   0.  ]"
3926,27.5,30,100.5,198.0,2023-01-12 12:45:56,2813.9,2404.3,25.6,"[6.6  6.6  6.6  6.6  6.6  6.6  6.6  3.96 3.96 3.96 3.96 6.6  6.6  1.31
 1.31 1.31 1.31 1.31 2.05 2.05 2.05 2.05 2.05 2.05 2.05 2.05 2.05 2.05
 0.   0.   0.   0.   0.   0.   0.   0.   0.   0.   0.   0.   0.   0.
 0.   0.   0.   0.   0.   0.   0.   0.   0.   0.   0.   0.   0.   0.
 0.   0.   0.   0.   0.   0.   0.   0.   0.   0.   0.   0.   0.   0.
 0.   0.   0.   0.   0.   0.   0.   0.   0.   0.   0.   0.   0.   0.
 0.   0.   0.   0.   0.   0.   0.   0.   0.   0.   0.   0.  ]"
3927,27.5,30,96.14,198.0,2023-01-12 14:25:41,1057.6,715.3,9.6,"[6.32 6.32 6.32 6.32 6.59 6.59 0.   0.   0.   0.   0.   0.   0.   0.
 0.   0.   0.   0.   0.   0.   0.   0.   0.   0.   0.   0.   0.   0.
 0.   0.   0.   0.   0.   0.   0.   0.   0.   0.   0.   0.   0.   0.
 0.   0.   0.   0.   0.   0.   0.   0.   0.   0.   0.   0.   0.   0.
 0.   0.   0.   0.   0.   0.   0.   0.   0.   0.   0.   0.   0.   0.
 0.   0.   0.   0.   0.   0.   0.   0.   0.   0.   0.   0.   0.   0.
 0.   0.   0.   0.   0.   0.   0.   0.   0.   0.   0.   0.  ]"
3929,27.5,30,88.94,198.0,2023-01-13 07:29:52,2401.3,1427.2,21.8,"[ 0.    0.   -0.   -0.   -0.    0.    4.55  4.55  4.55  4.55  4.16  4.16
  4.16  4.11  4.11  4.11  4.11  4.11  4.11  4.11  4.11  4.11  4.11  4.11
  4.87  4.87  1.7   0.    0.    0.    0.    0.    0.    0.    0.    0.
  0.    0.    0.    0.    0.    0.    0.    0.    0.    0.    0.    0.
  0.    0.    0.    0.    0.    0.    0.    0.    0.    0.    0.    0.
  0.    0.    0.    0.    0.    0.    0.    0.    0.    0.    0.    0.
  0.    0.    0.    0.    0.    0.    0.    0.    0.    0.    0.    0.
  0.    0.    0.    0.    0.    0.    0.    0.    0.    0.    0.    0.  ]"
3930,27.5,30,55.32,198.0,2023-01-13 07:53:29,2102.2,1273.5,19.1,"[ 0.    0.    0.   -0.    3.84  3.84  3.84  3.84  3.49  3.49  3.49  2.77
  2.77  2.77  2.77  2.77  2.77  2.77  2.77  2.77  2.77  2.77  4.1   4.1
  1.24  1.2   1.2   1.2   1.2   1.2   1.2   3.49 -0.   -0.   -0.   -0.
 -0.   -0.    0.    0.    0.    0.    0.    0.    0.    0.    0.    0.
  0.    0.    0.    0.    0.    0.    0.    0.    0.    0.    0.    0.
  0.    0.    0.    0.    0.    0.    0.    0.    0.    0.    0.    0.
  0.    0.    0.    0.    0.    0.    0.    0.    0.    0.    0.    0.
  0.    0.    0.    0.    0.    0.    0.    0.    0.    0.    0.    0.  ]"
3931,27.5,30,76.75,198.0,2023-01-13 08:43:21,1458.3,864.4,13.3,"[0.   3.11 3.11 3.11 3.11 2.88 2.88 2.88 2.9  2.9  2.9  2.9  2.9  2.9
 2.9  2.9  2.9  2.9  2.9  0.   0.   0.   0.   0.   0.   0.   0.   0.
 0.   0.   0.   0.   0.   0.   0.   0.   0.   0.   0.   0.   0.   0.
 0.   0.   0.   0.   0.   0.   0.   0.   0.   0.   0.   0.   0.   0.
 0.   0.   0.   0.   0.   0.   0.   0.   0.   0.   0.   0.   0.   0.
 0.   0.   0.   0.   0.   0.   0.   0.   0.   0.   0.   0.   0.   0.
 0.   0.   0.   0.   0.   0.   0.   0.   0.   0.   0.   0.  ]"
3932,27.5,30,87.46,198.0,2023-01-13 09:48:22,2536.2,1546.2,23.1,"[ 5.87  5.87  5.87  4.18  4.18  4.18  4.18  4.18  4.18  4.18  4.18  4.18
  4.18  4.18  4.99  4.99  1.82  1.83  1.83  1.83  1.83  1.83  1.83  5.87
 -0.   -0.   -0.   -0.   -0.    0.    0.    0.    0.    0.    0.    0.
  0.    0.    0.    0.    0.    0.    0.    0.    0.    0.    0.    0.
  0.    0.    0.    0.    0.    0.    0.    0.    0.    0.    0.    0.
  0.    0.    0.    0.    0.    0.    0.    0.    0.    0.    0.    0.
  0.    0.    0.    0.    0.    0.    0.    0.    0.    0.    0.    0.
  0.    0.    0.    0.    0.    0.    0.    0.    0.    0.    0.    0.  ]"
3935,27.5,30,95.48,198.0,2023-01-13 10:40:02,2387.1,1417.2,21.7,"[ 6.6   6.6   6.6   6.6   6.6   6.6   6.6   6.6   6.6   6.6   6.6   6.6
  6.6   0.15  0.14  0.14  0.14  0.14  0.14  0.14  0.   -0.   -0.   -0.
 -0.    0.    0.    0.    0.    0.    0.    0.    0.    0.    0.    0.
  0.    0.    0.    0.    0.    0.    0.    0.    0.    0.    0.    0.
  0.    0.    0.    0.    0.    0.    0.    0.    0.    0.    0.    0.
  0.    0.    0.    0.    0.    0.    0.    0.    0.    0.    0.    0.
  0.    0.    0.    0.    0.    0.    0.    0.    0.    0.    0.    0.
  0.    0.    0.    0.    0.    0.    0.    0.    0.    0.    0.    0.  ]"
3936,27.5,30,92.73,198.0,2023-01-13 15:41:05,741.8,935.7,6.7,"[6.6  2.89 2.89 2.89 2.89 2.88 2.92 3.   0.   0.   0.   0.   0.   0.
 0.   0.   0.   0.   0.   0.   0.   0.   0.   0.   0.   0.   0.   0.
 0.   0.   0.   0.   0.   0.   0.   0.   0.   0.   0.   0.   0.   0.
 0.   0.   0.   0.   0.   0.   0.   0.   0.   0.   0.   0.   0.   0.
 0.   0.   0.   0.   0.   0.   0.   0.   0.   0.   0.   0.   0.   0.
 0.   0.   0.   0.   0.   0.   0.   0.   0.   0.   0.   0.   0.   0.
 0.   0.   0.   0.   0.   0.   0.   0.   0.   0.   0.   0.  ]"
3937,27.5,30,92.36,198.0,2023-01-13 17:47:24,1754.8,1562.0,16.0,"[1.47 1.47 1.47 1.47 1.47 1.47 1.47 1.47 1.47 1.47 1.47 1.47 6.6  6.6
 6.6  6.6  6.6  6.6  6.6  0.   0.   0.   0.   0.   0.   0.   0.   0.
 0.   0.   0.   0.   0.   0.   0.   0.   0.   0.   0.   0.   0.   0.
 0.   0.   0.   0.   0.   0.   0.   0.   0.   0.   0.   0.   0.   0.
 0.   0.   0.   0.   0.   0.   0.   0.   0.   0.   0.   0.   0.   0.
 0.   0.   0.   0.   0.   0.   0.   0.   0.   0.   0.   0.   0.   0.
 0.   0.   0.   0.   0.   0.   0.   0.   0.   0.   0.   0.  ]"
3941,27.5,30,48.71,198.0,2023-01-14 23:40:55,341.0,230.6,3.1,"[1.77 1.77 1.77 1.77 1.77 1.77 1.77 0.   0.   0.   0.   0.   0.   0.
 0.   0.   0.   0.   0.   0.   0.   0.   0.   0.   0.   0.   0.   0.
 0.   0.   0.   0.   0.   0.   0.   0.   0.   0.   0.   0.   0.   0.
 0.   0.   0.   0.   0.   0.   0.   0.   0.   0.   0.   0.   0.   0.
 0.   0.   0.   0.   0.   0.   0.   0.   0.   0.   0.   0.   0.   0.
 0.   0.   0.   0.   0.   0.   0.   0.   0.   0.   0.   0.   0.   0.
 0.   0.   0.   0.   0.   0.   0.   0.   0.   0.   0.   0.  ]"
3943,27.5,30,86.7,198.0,2023-01-15 14:40:33,953.7,680.8,8.7,"[6.6  6.6  6.6  6.6  6.6  0.34 0.34 0.34 0.34 0.17 0.17 0.   0.   0.
 0.   0.   0.   0.   0.   0.   0.   0.   0.   0.   0.   0.   0.   0.
 0.   0.   0.   0.   0.   0.   0.   0.   0.   0.   0.   0.   0.   0.
 0.   0.   0.   0.   0.   0.   0.   0.   0.   0.   0.   0.   0.   0.
 0.   0.   0.   0.   0.   0.   0.   0.   0.   0.   0.   0.   0.   0.
 0.   0.   0.   0.   0.   0.   0.   0.   0.   0.   0.   0.   0.   0.
 0.   0.   0.   0.   0.   0.   0.   0.   0.   0.   0.   0.  ]"
3944,27.5,30,80.38,198.0,2023-01-15 16:59:41,401.9,583.1,3.7,"[2.9  2.9  2.94 2.94 2.94 0.   0.   0.   0.   0.   0.   0.   0.   0.
 0.   0.   0.   0.   0.   0.   0.   0.   0.   0.   0.   0.   0.   0.
 0.   0.   0.   0.   0.   0.   0.   0.   0.   0.   0.   0.   0.   0.
 0.   0.   0.   0.   0.   0.   0.   0.   0.   0.   0.   0.   0.   0.
 0.   0.   0.   0.   0.   0.   0.   0.   0.   0.   0.   0.   0.   0.
 0.   0.   0.   0.   0.   0.   0.   0.   0.   0.   0.   0.   0.   0.
 0.   0.   0.   0.   0.   0.   0.   0.   0.   0.   0.   0.  ]"
3945,27.5,30,72.33,198.0,2023-01-16 07:20:35,3472.0,2162.4,31.6,"[0.   0.   0.   0.   0.   0.   6.32 6.32 6.32 6.32 6.32 6.32 6.32 5.83
 5.83 5.88 5.88 5.88 5.88 4.49 4.49 4.49 4.49 4.49 4.49 4.49 1.1  1.1
 1.1  1.1  1.32 1.32 1.32 3.81 0.14 0.21 0.21 0.21 0.21 0.25 0.25 0.25
 0.25 0.25 0.25 0.25 0.25 0.25 0.   0.   0.   0.   0.   0.   0.   0.
 0.   0.   0.   0.   0.   0.   0.   0.   0.   0.   0.   0.   0.   0.
 0.   0.   0.   0.   0.   0.   0.   0.   0.   0.   0.   0.   0.   0.
 0.   0.   0.   0.   0.   0.   0.   0.   0.   0.   0.   0.  ]"
3946,27.5,30,65.31,198.0,2023-01-16 10:31:21,1567.4,966.8,14.2,"[4.47 4.47 4.06 4.06 4.06 4.06 2.87 2.87 2.87 2.87 2.87 2.87 2.87 1.06
 1.06 1.06 1.06 1.13 1.13 1.13 3.55 0.17 0.17 0.17 0.   0.   0.   0.
 0.   0.   0.   0.   0.   0.   0.   0.   0.   0.   0.   0.   0.   0.
 0.   0.   0.   0.   0.   0.   0.   0.   0.   0.   0.   0.   0.   0.
 0.   0.   0.   0.   0.   0.   0.   0.   0.   0.   0.   0.   0.   0.
 0.   0.   0.   0.   0.   0.   0.   0.   0.   0.   0.   0.   0.   0.
 0.   0.   0.   0.   0.   0.   0.   0.   0.   0.   0.   0.  ]"
3947,27.5,30,181.5,198.0,2023-01-16 11:04:58,4356.0,3482.2,39.6,"[6.6 6.6 6.6 6.6 6.6 6.6 6.6 6.6 6.6 6.6 6.6 6.6 6.6 6.6 6.6 6.6 6.6 6.6
 6.6 6.6 6.6 6.6 6.6 6.6 0.  0.  0.  0.  0.  0.  0.  0.  0.  0.  0.  0.
 0.  0.  0.  0.  0.  0.  0.  0.  0.  0.  0.  0.  0.  0.  0.  0.  0.  0.
 0.  0.  0.  0.  0.  0.  0.  0.  0.  0.  0.  0.  0.  0.  0.  0.  0.  0.
 0.  0.  0.  0.  0.  0.  0.  0.  0.  0.  0.  0.  0.  0.  0.  0.  0.  0.
 0.  0.  0.  0.  0.  0. ]"
3948,27.5,30,97.63,198.0,2023-01-16 12:02:13,1073.9,636.5,9.8,"[5.58 5.58 5.58 5.58 5.58 5.58 5.58 0.   0.   0.   0.   0.   0.   0.
 0.   0.   0.   0.   0.   0.   0.   0.   0.   0.   0.   0.   0.   0.
 0.   0.   0.   0.   0.   0.   0.   0.   0.   0.   0.   0.   0.   0.
 0.   0.   0.   0.   0.   0.   0.   0.   0.   0.   0.   0.   0.   0.
 0.   0.   0.   0.   0.   0.   0.   0.   0.   0.   0.   0.   0.   0.
 0.   0.   0.   0.   0.   0.   0.   0.   0.   0.   0.   0.   0.   0.
 0.   0.   0.   0.   0.   0.   0.   0.   0.   0.   0.   0.  ]"
3951,27.5,30,98.44,198.0,2023-01-16 15:35:11,2461.0,2867.8,22.4,"[6.6  2.27 0.68 0.68 0.68 0.68 3.39 3.39 3.39 3.39 3.39 3.39 3.39 3.39
 3.39 3.5  3.5  3.5  3.5  3.5  3.5  6.6  6.6  6.6  6.6  0.   0.   0.
 0.   0.   0.   0.   0.   0.   0.   0.   0.   0.   0.   0.   0.   0.
 0.   0.   0.   0.   0.   0.   0.   0.   0.   0.   0.   0.   0.   0.
 0.   0.   0.   0.   0.   0.   0.   0.   0.   0.   0.   0.   0.   0.
 0.   0.   0.   0.   0.   0.   0.   0.   0.   0.   0.   0.   0.   0.
 0.   0.   0.   0.   0.   0.   0.   0.   0.   0.   0.   0.  ]"
3952,27.5,30,71.12,198.0,2023-01-16 16:08:25,1351.4,1960.7,12.3,"[1.32 1.32 1.32 1.32 2.9  2.9  2.9  2.9  2.9  2.9  2.9  2.9  2.9  2.95
 2.95 2.95 2.95 2.95 2.95 0.   0.   0.   0.   0.   0.   0.   0.   0.
 0.   0.   0.   0.   0.   0.   0.   0.   0.   0.   0.   0.   0.   0.
 0.   0.   0.   0.   0.   0.   0.   0.   0.   0.   0.   0.   0.   0.
 0.   0.   0.   0.   0.   0.   0.   0.   0.   0.   0.   0.   0.   0.
 0.   0.   0.   0.   0.   0.   0.   0.   0.   0.   0.   0.   0.   0.
 0.   0.   0.   0.   0.   0.   0.   0.   0.   0.   0.   0.  ]"
3953,27.5,30,113.44,198.0,2023-01-17 06:20:42,907.5,613.8,8.3,"[4.4 4.4 4.4 4.4 4.4 4.4 3.3 3.3 0.  0.  0.  0.  0.  0.  0.  0.  0.  0.
 0.  0.  0.  0.  0.  0.  0.  0.  0.  0.  0.  0.  0.  0.  0.  0.  0.  0.
 0.  0.  0.  0.  0.  0.  0.  0.  0.  0.  0.  0.  0.  0.  0.  0.  0.  0.
 0.  0.  0.  0.  0.  0.  0.  0.  0.  0.  0.  0.  0.  0.  0.  0.  0.  0.
 0.  0.  0.  0.  0.  0.  0.  0.  0.  0.  0.  0.  0.  0.  0.  0.  0.  0.
 0.  0.  0.  0.  0.  0. ]"
3954,27.5,30,150.68,198.0,2023-01-17 07:46:58,5725.8,4431.3,52.1,"[6.03 6.35 6.35 6.51 6.5  6.5  5.08 5.08 5.08 5.08 5.08 5.08 5.08 5.08
 5.08 5.08 5.08 5.08 5.08 5.08 5.08 5.08 5.08 5.08 5.08 5.08 5.09 5.09
 5.09 5.09 5.09 5.5  5.97 5.97 5.97 6.53 6.53 6.53 0.   0.   0.   0.
 0.   0.   0.   0.   0.   0.   0.   0.   0.   0.   0.   0.   0.   0.
 0.   0.   0.   0.   0.   0.   0.   0.   0.   0.   0.   0.   0.   0.
 0.   0.   0.   0.   0.   0.   0.   0.   0.   0.   0.   0.   0.   0.
 0.   0.   0.   0.   0.   0.   0.   0.   0.   0.   0.   0.  ]"
3955,27.5,30,77.05,198.0,2023-01-17 07:58:44,2388.5,1472.9,21.7,"[0.   0.   0.   3.2  3.09 3.09 3.1  3.1  3.1  3.1  3.1  3.1  3.1  3.1
 3.1  3.1  3.1  3.1  3.1  3.1  3.1  3.1  3.1  3.1  3.1  3.1  3.09 3.09
 3.09 3.09 3.09 0.   0.   0.   0.   0.   0.   0.   0.   0.   0.   0.
 0.   0.   0.   0.   0.   0.   0.   0.   0.   0.   0.   0.   0.   0.
 0.   0.   0.   0.   0.   0.   0.   0.   0.   0.   0.   0.   0.   0.
 0.   0.   0.   0.   0.   0.   0.   0.   0.   0.   0.   0.   0.   0.
 0.   0.   0.   0.   0.   0.   0.   0.   0.   0.   0.   0.  ]"
3956,27.5,30,87.72,198.0,2023-01-17 08:06:38,3333.2,3030.6,30.3,"[0.   0.   4.23 4.13 4.13 2.5  2.5  2.5  2.5  2.5  2.5  2.5  2.5  2.5
 2.5  2.5  2.5  2.5  2.5  2.5  2.5  2.5  2.5  2.5  2.5  2.5  2.5  2.5
 2.5  2.5  4.13 5.47 5.47 5.47 6.51 6.51 6.51 6.23 0.   0.   0.   0.
 0.   0.   0.   0.   0.   0.   0.   0.   0.   0.   0.   0.   0.   0.
 0.   0.   0.   0.   0.   0.   0.   0.   0.   0.   0.   0.   0.   0.
 0.   0.   0.   0.   0.   0.   0.   0.   0.   0.   0.   0.   0.   0.
 0.   0.   0.   0.   0.   0.   0.   0.   0.   0.   0.   0.  ]"
3957,27.5,30,87.35,198.0,2023-01-17 08:42:33,2620.5,1724.5,23.8,"[0.   3.28 3.28 3.18 3.18 3.18 3.18 3.18 3.18 3.18 3.18 3.18 3.18 3.18
 3.18 3.18 3.18 3.18 3.18 3.18 3.18 3.18 3.18 3.17 3.17 3.17 3.17 3.17
 4.63 4.64 0.   0.   0.   0.   0.   0.   0.   0.   0.   0.   0.   0.
 0.   0.   0.   0.   0.   0.   0.   0.   0.   0.   0.   0.   0.   0.
 0.   0.   0.   0.   0.   0.   0.   0.   0.   0.   0.   0.   0.   0.
 0.   0.   0.   0.   0.   0.   0.   0.   0.   0.   0.   0.   0.   0.
 0.   0.   0.   0.   0.   0.   0.   0.   0.   0.   0.   0.  ]"
3958,10.0,30,20.61,198.0,2023-01-17 08:55:20,556.4,939.2,13.9,"[2.88 2.88 1.99 1.99 1.99 1.99 1.99 1.99 1.99 1.99 1.99 1.99 1.99 1.99
 1.99 1.99 1.99 1.99 1.99 1.99 2.   2.   2.   2.   2.   2.   2.   0.
 0.   0.   0.   0.   0.   0.   0.   0.   0.   0.   0.   0.   0.   0.
 0.   0.   0.   0.   0.   0.   0.   0.   0.   0.   0.   0.   0.   0.
 0.   0.   0.   0.   0.   0.   0.   0.   0.   0.   0.   0.   0.   0.
 0.   0.   0.   0.   0.   0.   0.   0.   0.   0.   0.   0.   0.   0.
 0.   0.   0.   0.   0.   0.   0.   0.   0.   0.   0.   0.  ]"
3959,15.0,30,46.38,198.0,2023-01-17 09:16:00,1344.9,1894.2,22.4,"[2.77 2.77 2.77 2.77 2.77 2.77 2.77 2.77 2.77 2.77 2.77 2.77 2.77 2.77
 2.77 2.77 2.77 2.77 2.77 2.77 2.77 2.77 2.77 2.77 2.77 4.36 5.34 5.34
 5.34 0.   0.   0.   0.   0.   0.   0.   0.   0.   0.   0.   0.   0.
 0.   0.   0.   0.   0.   0.   0.   0.   0.   0.   0.   0.   0.   0.
 0.   0.   0.   0.   0.   0.   0.   0.   0.   0.   0.   0.   0.   0.
 0.   0.   0.   0.   0.   0.   0.   0.   0.   0.   0.   0.   0.   0.
 0.   0.   0.   0.   0.   0.   0.   0.   0.   0.   0.   0.  ]"
3960,27.5,30,176.58,198.0,2023-01-17 09:18:11,3531.6,2122.8,32.1,"[6.42 6.42 6.42 6.42 6.42 6.42 6.42 6.42 6.42 6.42 6.42 6.42 6.42 6.42
 6.42 6.42 6.42 6.42 6.42 6.42 0.   0.   0.   0.   0.   0.   0.   0.
 0.   0.   0.   0.   0.   0.   0.   0.   0.   0.   0.   0.   0.   0.
 0.   0.   0.   0.   0.   0.   0.   0.   0.   0.   0.   0.   0.   0.
 0.   0.   0.   0.   0.   0.   0.   0.   0.   0.   0.   0.   0.   0.
 0.   0.   0.   0.   0.   0.   0.   0.   0.   0.   0.   0.   0.   0.
 0.   0.   0.   0.   0.   0.   0.   0.   0.   0.   0.   0.  ]"
3961,27.5,30,90.0,198.0,2023-01-17 15:54:37,720.0,1044.6,6.5,"[1.28 1.28 1.28 3.75 3.75 3.75 5.76 5.33 0.   0.   0.   0.   0.   0.
 0.   0.   0.   0.   0.   0.   0.   0.   0.   0.   0.   0.   0.   0.
 0.   0.   0.   0.   0.   0.   0.   0.   0.   0.   0.   0.   0.   0.
 0.   0.   0.   0.   0.   0.   0.   0.   0.   0.   0.   0.   0.   0.
 0.   0.   0.   0.   0.   0.   0.   0.   0.   0.   0.   0.   0.   0.
 0.   0.   0.   0.   0.   0.   0.   0.   0.   0.   0.   0.   0.   0.
 0.   0.   0.   0.   0.   0.   0.   0.   0.   0.   0.   0.  ]"
3962,27.5,30,107.56,198.0,2023-01-18 06:12:33,968.0,654.7,8.8,"[3.91 3.91 3.91 3.91 3.91 3.91 3.91 3.91 3.91 0.   0.   0.   0.   0.
 0.   0.   0.   0.   0.   0.   0.   0.   0.   0.   0.   0.   0.   0.
 0.   0.   0.   0.   0.   0.   0.   0.   0.   0.   0.   0.   0.   0.
 0.   0.   0.   0.   0.   0.   0.   0.   0.   0.   0.   0.   0.   0.
 0.   0.   0.   0.   0.   0.   0.   0.   0.   0.   0.   0.   0.   0.
 0.   0.   0.   0.   0.   0.   0.   0.   0.   0.   0.   0.   0.   0.
 0.   0.   0.   0.   0.   0.   0.   0.   0.   0.   0.   0.  ]"
3963,27.5,30,181.5,198.0,2023-01-18 08:04:22,3448.5,2089.6,31.3,"[6.6 6.6 6.6 6.6 6.6 6.6 6.6 6.6 6.6 6.6 6.6 6.6 6.6 6.6 6.6 6.6 6.6 6.6
 6.6 0.  0.  0.  0.  0.  0.  0.  0.  0.  0.  0.  0.  0.  0.  0.  0.  0.
 0.  0.  0.  0.  0.  0.  0.  0.  0.  0.  0.  0.  0.  0.  0.  0.  0.  0.
 0.  0.  0.  0.  0.  0.  0.  0.  0.  0.  0.  0.  0.  0.  0.  0.  0.  0.
 0.  0.  0.  0.  0.  0.  0.  0.  0.  0.  0.  0.  0.  0.  0.  0.  0.  0.
 0.  0.  0.  0.  0.  0. ]"
3964,27.5,30,181.5,198.0,2023-01-18 08:45:36,4356.0,2642.6,39.6,"[6.6 6.6 6.6 6.6 6.6 6.6 6.6 6.6 6.6 6.6 6.6 6.6 6.6 6.6 6.6 6.6 6.6 6.6
 6.6 6.6 6.6 6.6 6.6 6.6 0.  0.  0.  0.  0.  0.  0.  0.  0.  0.  0.  0.
 0.  0.  0.  0.  0.  0.  0.  0.  0.  0.  0.  0.  0.  0.  0.  0.  0.  0.
 0.  0.  0.  0.  0.  0.  0.  0.  0.  0.  0.  0.  0.  0.  0.  0.  0.  0.
 0.  0.  0.  0.  0.  0.  0.  0.  0.  0.  0.  0.  0.  0.  0.  0.  0.  0.
 0.  0.  0.  0.  0.  0. ]"
3965,27.5,30,122.97,198.0,2023-01-18 09:11:13,4057.9,2749.7,36.9,"[6.6  5.24 5.24 4.24 4.24 4.24 4.24 4.24 4.24 4.24 4.24 3.82 3.82 3.82
 3.82 6.02 6.35 6.35 6.35 6.35 6.35 6.35 6.39 5.17 5.17 5.17 5.17 1.2
 1.47 1.47 1.99 1.99 1.99 0.   0.   0.   0.   0.   0.   0.   0.   0.
 0.   0.   0.   0.   0.   0.   0.   0.   0.   0.   0.   0.   0.   0.
 0.   0.   0.   0.   0.   0.   0.   0.   0.   0.   0.   0.   0.   0.
 0.   0.   0.   0.   0.   0.   0.   0.   0.   0.   0.   0.   0.   0.
 0.   0.   0.   0.   0.   0.   0.   0.   0.   0.   0.   0.  ]"
3966,27.5,30,96.25,198.0,2023-01-18 09:30:28,2598.8,1682.2,23.6,"[5.03 5.03 1.   1.   1.   1.   1.   1.   1.   1.   1.22 1.22 1.22 1.22
 5.58 5.88 5.88 5.88 5.88 5.88 5.88 6.14 5.78 5.78 5.78 5.78 1.44 0.
 0.   0.   0.   0.   0.   0.   0.   0.   0.   0.   0.   0.   0.   0.
 0.   0.   0.   0.   0.   0.   0.   0.   0.   0.   0.   0.   0.   0.
 0.   0.   0.   0.   0.   0.   0.   0.   0.   0.   0.   0.   0.   0.
 0.   0.   0.   0.   0.   0.   0.   0.   0.   0.   0.   0.   0.   0.
 0.   0.   0.   0.   0.   0.   0.   0.   0.   0.   0.   0.  ]"
3968,27.5,30,71.91,198.0,2023-01-18 09:47:07,1941.5,1339.5,17.7,"[4.45 4.45 4.45 4.45 4.45 4.45 4.45 4.45 0.2  0.2  0.2  0.2  0.24 1.71
 1.71 1.71 1.71 1.71 1.71 4.77 3.3  3.3  3.3  3.3  1.65 2.05 2.05 0.
 0.   0.   0.   0.   0.   0.   0.   0.   0.   0.   0.   0.   0.   0.
 0.   0.   0.   0.   0.   0.   0.   0.   0.   0.   0.   0.   0.   0.
 0.   0.   0.   0.   0.   0.   0.   0.   0.   0.   0.   0.   0.   0.
 0.   0.   0.   0.   0.   0.   0.   0.   0.   0.   0.   0.   0.   0.
 0.   0.   0.   0.   0.   0.   0.   0.   0.   0.   0.   0.  ]"
3969,27.5,30,86.93,198.0,2023-01-18 11:48:55,2086.2,1527.0,19.0,"[6.6  6.6  6.6  6.6  6.6  1.89 1.89 1.89 1.89 1.89 1.89 5.13 4.19 4.19
 4.19 4.19 0.76 0.9  0.9  1.18 1.18 1.18 1.75 1.75 0.   0.   0.   0.
 0.   0.   0.   0.   0.   0.   0.   0.   0.   0.   0.   0.   0.   0.
 0.   0.   0.   0.   0.   0.   0.   0.   0.   0.   0.   0.   0.   0.
 0.   0.   0.   0.   0.   0.   0.   0.   0.   0.   0.   0.   0.   0.
 0.   0.   0.   0.   0.   0.   0.   0.   0.   0.   0.   0.   0.   0.
 0.   0.   0.   0.   0.   0.   0.   0.   0.   0.   0.   0.  ]"
3970,10.0,30,16.81,198.0,2023-01-18 13:08:51,117.7,200.8,2.9,"[2.61 2.61 2.61 0.98 0.98 0.98 0.97 0.   0.   0.   0.   0.   0.   0.
 0.   0.   0.   0.   0.   0.   0.   0.   0.   0.   0.   0.   0.   0.
 0.   0.   0.   0.   0.   0.   0.   0.   0.   0.   0.   0.   0.   0.
 0.   0.   0.   0.   0.   0.   0.   0.   0.   0.   0.   0.   0.   0.
 0.   0.   0.   0.   0.   0.   0.   0.   0.   0.   0.   0.   0.   0.
 0.   0.   0.   0.   0.   0.   0.   0.   0.   0.   0.   0.   0.   0.
 0.   0.   0.   0.   0.   0.   0.   0.   0.   0.   0.   0.  ]"
3971,27.5,30,96.69,198.0,2023-01-18 14:49:28,2224.0,2664.5,20.2,"[6.6  6.6  6.6  6.6  1.17 1.42 1.42 1.92 1.92 1.92 2.86 2.86 3.54 3.54
 3.54 3.54 3.54 3.54 3.54 3.54 3.54 3.54 3.54 0.   0.   0.   0.   0.
 0.   0.   0.   0.   0.   0.   0.   0.   0.   0.   0.   0.   0.   0.
 0.   0.   0.   0.   0.   0.   0.   0.   0.   0.   0.   0.   0.   0.
 0.   0.   0.   0.   0.   0.   0.   0.   0.   0.   0.   0.   0.   0.
 0.   0.   0.   0.   0.   0.   0.   0.   0.   0.   0.   0.   0.   0.
 0.   0.   0.   0.   0.   0.   0.   0.   0.   0.   0.   0.  ]"
3972,27.5,30,47.33,198.0,2023-01-18 15:55:52,284.0,412.0,2.6,"[1.48 1.62 1.62 1.87 1.87 1.87 0.   0.   0.   0.   0.   0.   0.   0.
 0.   0.   0.   0.   0.   0.   0.   0.   0.   0.   0.   0.   0.   0.
 0.   0.   0.   0.   0.   0.   0.   0.   0.   0.   0.   0.   0.   0.
 0.   0.   0.   0.   0.   0.   0.   0.   0.   0.   0.   0.   0.   0.
 0.   0.   0.   0.   0.   0.   0.   0.   0.   0.   0.   0.   0.   0.
 0.   0.   0.   0.   0.   0.   0.   0.   0.   0.   0.   0.   0.   0.
 0.   0.   0.   0.   0.   0.   0.   0.   0.   0.   0.   0.  ]"
3974,27.5,30,113.44,198.0,2023-01-19 06:12:32,907.5,613.8,8.2,"[4.4 4.4 4.4 4.4 4.4 4.4 3.3 3.3 0.  0.  0.  0.  0.  0.  0.  0.  0.  0.
 0.  0.  0.  0.  0.  0.  0.  0.  0.  0.  0.  0.  0.  0.  0.  0.  0.  0.
 0.  0.  0.  0.  0.  0.  0.  0.  0.  0.  0.  0.  0.  0.  0.  0.  0.  0.
 0.  0.  0.  0.  0.  0.  0.  0.  0.  0.  0.  0.  0.  0.  0.  0.  0.  0.
 0.  0.  0.  0.  0.  0.  0.  0.  0.  0.  0.  0.  0.  0.  0.  0.  0.  0.
 0.  0.  0.  0.  0.  0. ]"
3975,27.5,30,70.31,198.0,2023-01-19 07:38:24,2601.4,1910.4,23.6,"[0.   0.   0.09 0.09 0.09 4.43 4.43 2.58 2.58 2.58 2.58 2.58 1.09 1.09
 1.09 1.09 1.09 1.09 1.68 1.68 1.68 1.68 3.22 3.22 3.22 4.63 3.37 3.37
 4.72 4.72 4.72 6.13 6.13 2.98 2.98 2.98 2.98 0.   0.   0.   0.   0.
 0.   0.   0.   0.   0.   0.   0.   0.   0.   0.   0.   0.   0.   0.
 0.   0.   0.   0.   0.   0.   0.   0.   0.   0.   0.   0.   0.   0.
 0.   0.   0.   0.   0.   0.   0.   0.   0.   0.   0.   0.   0.   0.
 0.   0.   0.   0.   0.   0.   0.   0.   0.   0.   0.   0.  ]"
3976,27.5,30,86.57,198.0,2023-01-19 07:44:36,1904.5,1129.3,17.3,"[0.   0.   0.06 0.06 0.06 4.57 4.57 4.26 4.26 4.26 4.26 4.26 4.3  4.3
 4.3  4.3  4.3  4.3  3.21 3.21 3.21 3.21 0.   0.   0.   0.   0.   0.
 0.   0.   0.   0.   0.   0.   0.   0.   0.   0.   0.   0.   0.   0.
 0.   0.   0.   0.   0.   0.   0.   0.   0.   0.   0.   0.   0.   0.
 0.   0.   0.   0.   0.   0.   0.   0.   0.   0.   0.   0.   0.   0.
 0.   0.   0.   0.   0.   0.   0.   0.   0.   0.   0.   0.   0.   0.
 0.   0.   0.   0.   0.   0.   0.   0.   0.   0.   0.   0.  ]"
3977,27.5,30,81.1,198.0,2023-01-19 08:04:38,1865.4,1106.4,17.0,"[0.11 0.11 0.11 3.19 3.19 3.07 3.07 3.07 3.07 3.07 3.3  3.3  3.3  3.3
 3.3  3.3  3.04 3.04 3.04 3.04 4.59 4.59 4.59 0.   0.   0.   0.   0.
 0.   0.   0.   0.   0.   0.   0.   0.   0.   0.   0.   0.   0.   0.
 0.   0.   0.   0.   0.   0.   0.   0.   0.   0.   0.   0.   0.   0.
 0.   0.   0.   0.   0.   0.   0.   0.   0.   0.   0.   0.   0.   0.
 0.   0.   0.   0.   0.   0.   0.   0.   0.   0.   0.   0.   0.   0.
 0.   0.   0.   0.   0.   0.   0.   0.   0.   0.   0.   0.  ]"
3978,27.5,30,132.35,198.0,2023-01-19 08:11:50,2647.0,1573.1,24.1,"[0.6  0.6  0.6  6.25 6.25 5.83 5.83 5.83 5.83 5.83 5.87 5.87 5.87 5.87
 5.87 5.87 4.39 4.39 4.39 4.39 0.   0.   0.   0.   0.   0.   0.   0.
 0.   0.   0.   0.   0.   0.   0.   0.   0.   0.   0.   0.   0.   0.
 0.   0.   0.   0.   0.   0.   0.   0.   0.   0.   0.   0.   0.   0.
 0.   0.   0.   0.   0.   0.   0.   0.   0.   0.   0.   0.   0.   0.
 0.   0.   0.   0.   0.   0.   0.   0.   0.   0.   0.   0.   0.   0.
 0.   0.   0.   0.   0.   0.   0.   0.   0.   0.   0.   0.  ]"
3979,27.5,30,85.47,198.0,2023-01-19 08:12:08,2478.8,1542.5,22.5,"[0.   0.   0.   4.63 4.63 2.69 2.69 2.69 2.69 2.69 1.93 1.93 1.93 1.93
 1.93 1.93 2.72 2.72 2.72 2.72 4.36 4.36 4.36 5.21 4.52 4.52 5.87 5.87
 5.87 0.   0.   0.   0.   0.   0.   0.   0.   0.   0.   0.   0.   0.
 0.   0.   0.   0.   0.   0.   0.   0.   0.   0.   0.   0.   0.   0.
 0.   0.   0.   0.   0.   0.   0.   0.   0.   0.   0.   0.   0.   0.
 0.   0.   0.   0.   0.   0.   0.   0.   0.   0.   0.   0.   0.   0.
 0.   0.   0.   0.   0.   0.   0.   0.   0.   0.   0.   0.  ]"
3980,27.5,30,95.16,198.0,2023-01-19 09:21:34,3520.9,2716.8,32.0,"[6.6  6.6  6.6  6.6  6.6  1.96 1.96 1.96 1.96 1.96 1.96 2.12 2.12 2.12
 2.12 4.21 4.21 4.21 5.12 4.47 4.47 4.32 4.32 4.32 6.14 6.14 1.52 1.52
 1.52 1.52 2.4  2.4  2.4  2.4  2.4  2.4  2.4  0.   0.   0.   0.   0.
 0.   0.   0.   0.   0.   0.   0.   0.   0.   0.   0.   0.   0.   0.
 0.   0.   0.   0.   0.   0.   0.   0.   0.   0.   0.   0.   0.   0.
 0.   0.   0.   0.   0.   0.   0.   0.   0.   0.   0.   0.   0.   0.
 0.   0.   0.   0.   0.   0.   0.   0.   0.   0.   0.   0.  ]"
3981,27.5,30,90.99,198.0,2023-01-19 10:44:03,1455.8,898.9,13.2,"[4.34 4.34 4.34 4.34 4.34 4.34 1.26 1.26 1.26 1.26 2.06 2.06 2.06 3.49
 6.09 6.09 0.   0.   0.   0.   0.   0.   0.   0.   0.   0.   0.   0.
 0.   0.   0.   0.   0.   0.   0.   0.   0.   0.   0.   0.   0.   0.
 0.   0.   0.   0.   0.   0.   0.   0.   0.   0.   0.   0.   0.   0.
 0.   0.   0.   0.   0.   0.   0.   0.   0.   0.   0.   0.   0.   0.
 0.   0.   0.   0.   0.   0.   0.   0.   0.   0.   0.   0.   0.   0.
 0.   0.   0.   0.   0.   0.   0.   0.   0.   0.   0.   0.  ]"
3982,27.5,30,47.61,198.0,2023-01-19 12:15:18,666.5,395.1,6.1,"[ 3.47  3.47  3.47  3.47  3.45  3.45  3.45 -0.   -0.   -0.    0.    0.
  0.   -0.    0.    0.    0.    0.    0.    0.    0.    0.    0.    0.
  0.    0.    0.    0.    0.    0.    0.    0.    0.    0.    0.    0.
  0.    0.    0.    0.    0.    0.    0.    0.    0.    0.    0.    0.
  0.    0.    0.    0.    0.    0.    0.    0.    0.    0.    0.    0.
  0.    0.    0.    0.    0.    0.    0.    0.    0.    0.    0.    0.
  0.    0.    0.    0.    0.    0.    0.    0.    0.    0.    0.    0.
  0.    0.    0.    0.    0.    0.    0.    0.    0.    0.    0.    0.  ]"
3983,27.5,30,80.49,198.0,2023-01-19 14:14:38,1690.3,1683.0,15.4,"[6.6  6.6  3.53 3.53 3.53 6.17 6.17 1.14 1.14 1.14 1.14 1.69 1.69 1.69
 1.69 1.69 1.69 1.69 2.33 3.3  3.3  0.   0.   0.   0.   0.   0.   0.
 0.   0.   0.   0.   0.   0.   0.   0.   0.   0.   0.   0.   0.   0.
 0.   0.   0.   0.   0.   0.   0.   0.   0.   0.   0.   0.   0.   0.
 0.   0.   0.   0.   0.   0.   0.   0.   0.   0.   0.   0.   0.   0.
 0.   0.   0.   0.   0.   0.   0.   0.   0.   0.   0.   0.   0.   0.
 0.   0.   0.   0.   0.   0.   0.   0.   0.   0.   0.   0.  ]"
3984,27.5,30,87.77,198.0,2023-01-19 14:37:33,1492.2,1462.1,13.6,"[6.6  6.6  6.6  6.6  6.6  1.27 1.27 1.27 1.27 1.93 1.93 1.93 1.93 1.93
 1.93 1.93 2.67 0.   0.   0.   0.   0.   0.   0.   0.   0.   0.   0.
 0.   0.   0.   0.   0.   0.   0.   0.   0.   0.   0.   0.   0.   0.
 0.   0.   0.   0.   0.   0.   0.   0.   0.   0.   0.   0.   0.   0.
 0.   0.   0.   0.   0.   0.   0.   0.   0.   0.   0.   0.   0.   0.
 0.   0.   0.   0.   0.   0.   0.   0.   0.   0.   0.   0.   0.   0.
 0.   0.   0.   0.   0.   0.   0.   0.   0.   0.   0.   0.  ]"
3985,27.5,30,89.83,198.0,2023-01-19 15:52:42,1976.4,2586.4,18.0,"[2.05 2.05 2.05 2.05 2.44 2.44 2.44 2.44 2.44 2.44 2.44 2.82 3.31 3.31
 3.99 3.99 3.99 3.99 3.99 3.99 6.6  6.6  0.   0.   0.   0.   0.   0.
 0.   0.   0.   0.   0.   0.   0.   0.   0.   0.   0.   0.   0.   0.
 0.   0.   0.   0.   0.   0.   0.   0.   0.   0.   0.   0.   0.   0.
 0.   0.   0.   0.   0.   0.   0.   0.   0.   0.   0.   0.   0.   0.
 0.   0.   0.   0.   0.   0.   0.   0.   0.   0.   0.   0.   0.   0.
 0.   0.   0.   0.   0.   0.   0.   0.   0.   0.   0.   0.  ]"
3986,27.5,30,92.59,198.0,2023-01-19 22:18:45,277.8,187.9,2.5,"[3.37 3.37 3.37 0.   0.   0.   0.   0.   0.   0.   0.   0.   0.   0.
 0.   0.   0.   0.   0.   0.   0.   0.   0.   0.   0.   0.   0.   0.
 0.   0.   0.   0.   0.   0.   0.   0.   0.   0.   0.   0.   0.   0.
 0.   0.   0.   0.   0.   0.   0.   0.   0.   0.   0.   0.   0.   0.
 0.   0.   0.   0.   0.   0.   0.   0.   0.   0.   0.   0.   0.   0.
 0.   0.   0.   0.   0.   0.   0.   0.   0.   0.   0.   0.   0.   0.
 0.   0.   0.   0.   0.   0.   0.   0.   0.   0.   0.   0.  ]"
3987,27.5,30,118.53,198.0,2023-01-20 06:26:49,829.7,561.2,7.5,"[5.03 5.03 5.03 5.03 5.03 2.51 2.51 0.   0.   0.   0.   0.   0.   0.
 0.   0.   0.   0.   0.   0.   0.   0.   0.   0.   0.   0.   0.   0.
 0.   0.   0.   0.   0.   0.   0.   0.   0.   0.   0.   0.   0.   0.
 0.   0.   0.   0.   0.   0.   0.   0.   0.   0.   0.   0.   0.   0.
 0.   0.   0.   0.   0.   0.   0.   0.   0.   0.   0.   0.   0.   0.
 0.   0.   0.   0.   0.   0.   0.   0.   0.   0.   0.   0.   0.   0.
 0.   0.   0.   0.   0.   0.   0.   0.   0.   0.   0.   0.  ]"
3988,27.5,30,71.09,198.0,2023-01-20 07:36:20,1421.8,842.7,12.9,"[0.   0.   0.   0.   0.   3.38 3.45 3.45 3.45 3.45 3.45 3.45 3.45 3.45
 3.45 3.45 3.45 3.45 3.45 3.45 0.   0.   0.   0.   0.   0.   0.   0.
 0.   0.   0.   0.   0.   0.   0.   0.   0.   0.   0.   0.   0.   0.
 0.   0.   0.   0.   0.   0.   0.   0.   0.   0.   0.   0.   0.   0.
 0.   0.   0.   0.   0.   0.   0.   0.   0.   0.   0.   0.   0.   0.
 0.   0.   0.   0.   0.   0.   0.   0.   0.   0.   0.   0.   0.   0.
 0.   0.   0.   0.   0.   0.   0.   0.   0.   0.   0.   0.  ]"
3989,27.5,30,30.8,198.0,2023-01-20 09:00:30,831.7,493.0,7.6,"[1.49 1.31 1.31 1.31 1.31 1.31 1.31 1.31 1.31 1.31 1.31 1.31 1.31 1.31
 1.31 2.08 2.08 2.08 2.08 2.08 0.   0.   0.   0.   0.   0.   0.   0.
 0.   0.   0.   0.   0.   0.   0.   0.   0.   0.   0.   0.   0.   0.
 0.   0.   0.   0.   0.   0.   0.   0.   0.   0.   0.   0.   0.   0.
 0.   0.   0.   0.   0.   0.   0.   0.   0.   0.   0.   0.   0.   0.
 0.   0.   0.   0.   0.   0.   0.   0.   0.   0.   0.   0.   0.   0.
 0.   0.   0.   0.   0.   0.   0.   0.   0.   0.   0.   0.  ]"
3990,27.5,30,95.28,198.0,2023-01-20 09:15:53,2000.9,1186.0,18.2,"[ 3.67  3.67  3.67  3.67  3.67  3.67  3.67  3.67  3.67  3.67  3.67  3.67
  3.67  3.67  4.28  4.28  4.28  4.28  4.28 -0.   -0.    0.    0.    0.
  0.    0.    0.    0.    0.    0.    0.    0.    0.    0.    0.    0.
  0.    0.    0.    0.    0.    0.    0.    0.    0.    0.    0.    0.
  0.    0.    0.    0.    0.    0.    0.    0.    0.    0.    0.    0.
  0.    0.    0.    0.    0.    0.    0.    0.    0.    0.    0.    0.
  0.    0.    0.    0.    0.    0.    0.    0.    0.    0.    0.    0.
  0.    0.    0.    0.    0.    0.    0.    0.    0.    0.    0.    0.  ]"
3992,27.5,30,83.15,198.0,2023-01-20 21:31:56,498.9,337.4,4.5,"[3.02 3.02 3.02 3.02 3.02 3.02 0.   0.   0.   0.   0.   0.   0.   0.
 0.   0.   0.   0.   0.   0.   0.   0.   0.   0.   0.   0.   0.   0.
 0.   0.   0.   0.   0.   0.   0.   0.   0.   0.   0.   0.   0.   0.
 0.   0.   0.   0.   0.   0.   0.   0.   0.   0.   0.   0.   0.   0.
 0.   0.   0.   0.   0.   0.   0.   0.   0.   0.   0.   0.   0.   0.
 0.   0.   0.   0.   0.   0.   0.   0.   0.   0.   0.   0.   0.   0.
 0.   0.   0.   0.   0.   0.   0.   0.   0.   0.   0.   0.  ]"
3993,27.5,30,91.51,198.0,2023-01-21 08:58:02,2470.8,1464.5,22.5,"[4.49 4.49 4.49 4.49 4.49 4.49 4.49 4.49 4.49 4.49 4.49 4.49 4.49 4.49
 4.49 4.49 4.49 4.49 4.49 4.49 0.   0.   0.   0.   0.   0.   0.   0.
 0.   0.   0.   0.   0.   0.   0.   0.   0.   0.   0.   0.   0.   0.
 0.   0.   0.   0.   0.   0.   0.   0.   0.   0.   0.   0.   0.   0.
 0.   0.   0.   0.   0.   0.   0.   0.   0.   0.   0.   0.   0.   0.
 0.   0.   0.   0.   0.   0.   0.   0.   0.   0.   0.   0.   0.   0.
 0.   0.   0.   0.   0.   0.   0.   0.   0.   0.   0.   0.  ]"
3997,27.5,30,89.82,198.0,2023-01-21 16:10:38,538.9,781.9,4.9,"[3.27 3.27 3.27 3.27 3.27 3.27 0.   0.   0.   0.   0.   0.   0.   0.
 0.   0.   0.   0.   0.   0.   0.   0.   0.   0.   0.   0.   0.   0.
 0.   0.   0.   0.   0.   0.   0.   0.   0.   0.   0.   0.   0.   0.
 0.   0.   0.   0.   0.   0.   0.   0.   0.   0.   0.   0.   0.   0.
 0.   0.   0.   0.   0.   0.   0.   0.   0.   0.   0.   0.   0.   0.
 0.   0.   0.   0.   0.   0.   0.   0.   0.   0.   0.   0.   0.   0.
 0.   0.   0.   0.   0.   0.   0.   0.   0.   0.   0.   0.  ]"
3998,27.5,30,55.75,198.0,2023-01-21 17:17:45,1115.0,914.8,10.1,"[0.54 0.54 0.54 0.54 0.54 0.54 0.54 0.54 0.54 0.54 0.54 0.54 0.54 0.54
 6.6  5.28 5.28 5.28 5.28 5.28 0.   0.   0.   0.   0.   0.   0.   0.
 0.   0.   0.   0.   0.   0.   0.   0.   0.   0.   0.   0.   0.   0.
 0.   0.   0.   0.   0.   0.   0.   0.   0.   0.   0.   0.   0.   0.
 0.   0.   0.   0.   0.   0.   0.   0.   0.   0.   0.   0.   0.   0.
 0.   0.   0.   0.   0.   0.   0.   0.   0.   0.   0.   0.   0.   0.
 0.   0.   0.   0.   0.   0.   0.   0.   0.   0.   0.   0.  ]"
3999,27.5,30,88.62,198.0,2023-01-21 21:12:29,708.9,479.5,6.4,"[2.62 2.62 2.62 2.62 2.62 4.23 4.23 4.23 0.   0.   0.   0.   0.   0.
 0.   0.   0.   0.   0.   0.   0.   0.   0.   0.   0.   0.   0.   0.
 0.   0.   0.   0.   0.   0.   0.   0.   0.   0.   0.   0.   0.   0.
 0.   0.   0.   0.   0.   0.   0.   0.   0.   0.   0.   0.   0.   0.
 0.   0.   0.   0.   0.   0.   0.   0.   0.   0.   0.   0.   0.   0.
 0.   0.   0.   0.   0.   0.   0.   0.   0.   0.   0.   0.   0.   0.
 0.   0.   0.   0.   0.   0.   0.   0.   0.   0.   0.   0.  ]"
4001,27.5,30,86.96,198.0,2023-01-22 22:03:34,347.9,235.3,3.2,"[3.16 3.16 3.16 3.16 0.   0.   0.   0.   0.   0.   0.   0.   0.   0.
 0.   0.   0.   0.   0.   0.   0.   0.   0.   0.   0.   0.   0.   0.
 0.   0.   0.   0.   0.   0.   0.   0.   0.   0.   0.   0.   0.   0.
 0.   0.   0.   0.   0.   0.   0.   0.   0.   0.   0.   0.   0.   0.
 0.   0.   0.   0.   0.   0.   0.   0.   0.   0.   0.   0.   0.   0.
 0.   0.   0.   0.   0.   0.   0.   0.   0.   0.   0.   0.   0.   0.
 0.   0.   0.   0.   0.   0.   0.   0.   0.   0.   0.   0.  ]"
4002,27.5,30,94.52,198.0,2023-01-23 07:30:24,1512.3,896.4,13.7,"[0.  0.  0.  0.  0.  0.  5.5 5.5 5.5 5.5 5.5 5.5 5.5 5.5 5.5 5.5 0.  0.
 0.  0.  0.  0.  0.  0.  0.  0.  0.  0.  0.  0.  0.  0.  0.  0.  0.  0.
 0.  0.  0.  0.  0.  0.  0.  0.  0.  0.  0.  0.  0.  0.  0.  0.  0.  0.
 0.  0.  0.  0.  0.  0.  0.  0.  0.  0.  0.  0.  0.  0.  0.  0.  0.  0.
 0.  0.  0.  0.  0.  0.  0.  0.  0.  0.  0.  0.  0.  0.  0.  0.  0.  0.
 0.  0.  0.  0.  0.  0. ]"
4003,27.5,30,71.31,198.0,2023-01-23 08:19:44,2567.3,1719.7,23.3,"[0.   0.   3.84 3.77 2.27 1.46 1.46 1.46 1.46 1.46 1.46 1.46 3.15 3.15
 3.15 3.15 3.15 3.15 3.15 3.15 4.51 4.51 3.79 3.79 4.66 4.66 4.66 5.08
 3.67 3.67 0.84 0.84 0.84 0.84 0.84 0.87 0.   0.   0.   0.   0.   0.
 0.   0.   0.   0.   0.   0.   0.   0.   0.   0.   0.   0.   0.   0.
 0.   0.   0.   0.   0.   0.   0.   0.   0.   0.   0.   0.   0.   0.
 0.   0.   0.   0.   0.   0.   0.   0.   0.   0.   0.   0.   0.   0.
 0.   0.   0.   0.   0.   0.   0.   0.   0.   0.   0.   0.  ]"
4004,27.5,30,84.11,198.0,2023-01-23 08:46:06,1513.9,897.4,13.8,"[1.97 2.26 2.55 2.1  2.1  2.1  2.1  2.1  2.1  2.1  4.2  4.2  4.2  4.2
 4.2  4.2  4.2  4.2  0.   0.   0.   0.   0.   0.   0.   0.   0.   0.
 0.   0.   0.   0.   0.   0.   0.   0.   0.   0.   0.   0.   0.   0.
 0.   0.   0.   0.   0.   0.   0.   0.   0.   0.   0.   0.   0.   0.
 0.   0.   0.   0.   0.   0.   0.   0.   0.   0.   0.   0.   0.   0.
 0.   0.   0.   0.   0.   0.   0.   0.   0.   0.   0.   0.   0.   0.
 0.   0.   0.   0.   0.   0.   0.   0.   0.   0.   0.   0.  ]"
4005,27.5,30,93.35,198.0,2023-01-23 08:52:32,2333.8,1436.5,21.2,"[3.87 3.25 2.56 1.79 1.79 1.79 1.79 1.79 1.79 1.79 3.73 3.73 3.73 3.73
 3.73 3.73 3.73 3.73 4.82 4.82 4.25 4.25 4.88 4.88 4.88 0.   0.   0.
 0.   0.   0.   0.   0.   0.   0.   0.   0.   0.   0.   0.   0.   0.
 0.   0.   0.   0.   0.   0.   0.   0.   0.   0.   0.   0.   0.   0.
 0.   0.   0.   0.   0.   0.   0.   0.   0.   0.   0.   0.   0.   0.
 0.   0.   0.   0.   0.   0.   0.   0.   0.   0.   0.   0.   0.   0.
 0.   0.   0.   0.   0.   0.   0.   0.   0.   0.   0.   0.  ]"
4006,27.5,30,55.96,198.0,2023-01-23 09:03:20,1175.2,709.2,10.7,"[2.03 1.53 1.21 1.21 1.21 1.21 1.21 1.21 1.21 2.25 2.25 2.25 2.25 2.25
 2.25 2.25 2.25 3.59 3.59 2.75 2.75 0.   0.   0.   0.   0.   0.   0.
 0.   0.   0.   0.   0.   0.   0.   0.   0.   0.   0.   0.   0.   0.
 0.   0.   0.   0.   0.   0.   0.   0.   0.   0.   0.   0.   0.   0.
 0.   0.   0.   0.   0.   0.   0.   0.   0.   0.   0.   0.   0.   0.
 0.   0.   0.   0.   0.   0.   0.   0.   0.   0.   0.   0.   0.   0.
 0.   0.   0.   0.   0.   0.   0.   0.   0.   0.   0.   0.  ]"
4008,27.5,30,100.02,198.0,2023-01-23 09:22:40,3500.5,2303.2,31.8,"[4.03 3.36 3.36 3.36 3.36 3.36 3.36 3.36 5.11 5.11 5.11 5.11 5.11 5.11
 5.11 5.11 5.52 5.52 5.3  5.3  5.51 5.51 5.51 5.56 4.79 4.79 0.59 0.59
 0.59 0.59 0.59 0.61 0.66 0.66 0.66 0.   0.   0.   0.   0.   0.   0.
 0.   0.   0.   0.   0.   0.   0.   0.   0.   0.   0.   0.   0.   0.
 0.   0.   0.   0.   0.   0.   0.   0.   0.   0.   0.   0.   0.   0.
 0.   0.   0.   0.   0.   0.   0.   0.   0.   0.   0.   0.   0.   0.
 0.   0.   0.   0.   0.   0.   0.   0.   0.   0.   0.   0.  ]"
4009,27.5,30,84.89,198.0,2023-01-23 09:28:53,679.1,402.5,6.2,"[3.53 3.02 3.02 3.02 3.02 3.02 3.02 3.02 0.   0.   0.   0.   0.   0.
 0.   0.   0.   0.   0.   0.   0.   0.   0.   0.   0.   0.   0.   0.
 0.   0.   0.   0.   0.   0.   0.   0.   0.   0.   0.   0.   0.   0.
 0.   0.   0.   0.   0.   0.   0.   0.   0.   0.   0.   0.   0.   0.
 0.   0.   0.   0.   0.   0.   0.   0.   0.   0.   0.   0.   0.   0.
 0.   0.   0.   0.   0.   0.   0.   0.   0.   0.   0.   0.   0.   0.
 0.   0.   0.   0.   0.   0.   0.   0.   0.   0.   0.   0.  ]"
4012,27.5,30,96.45,198.0,2023-01-23 09:33:01,3375.7,2052.3,30.7,"[6.6  6.6  6.6  6.6  6.6  6.6  6.6  6.6  6.6  6.6  6.6  6.6  6.6  6.6
 6.6  6.6  6.6  1.36 1.36 1.33 1.33 1.33 1.28 0.64 0.64 0.13 0.13 0.13
 0.13 0.13 0.13 0.13 0.13 0.13 0.12 0.   0.   0.   0.   0.   0.   0.
 0.   0.   0.   0.   0.   0.   0.   0.   0.   0.   0.   0.   0.   0.
 0.   0.   0.   0.   0.   0.   0.   0.   0.   0.   0.   0.   0.   0.
 0.   0.   0.   0.   0.   0.   0.   0.   0.   0.   0.   0.   0.   0.
 0.   0.   0.   0.   0.   0.   0.   0.   0.   0.   0.   0.  ]"
4013,27.5,30,66.76,198.0,2023-01-23 15:18:21,1001.4,1171.8,9.1,"[6.6  6.6  1.59 1.59 1.59 1.59 1.59 1.66 1.84 1.84 1.84 2.   2.02 2.02
 2.02 0.   0.   0.   0.   0.   0.   0.   0.   0.   0.   0.   0.   0.
 0.   0.   0.   0.   0.   0.   0.   0.   0.   0.   0.   0.   0.   0.
 0.   0.   0.   0.   0.   0.   0.   0.   0.   0.   0.   0.   0.   0.
 0.   0.   0.   0.   0.   0.   0.   0.   0.   0.   0.   0.   0.   0.
 0.   0.   0.   0.   0.   0.   0.   0.   0.   0.   0.   0.   0.   0.
 0.   0.   0.   0.   0.   0.   0.   0.   0.   0.   0.   0.  ]"
4015,27.5,30,19.21,198.0,2023-01-23 16:00:44,96.0,139.3,0.9,"[0.7 0.7 0.7 0.7 0.7 0.  0.  0.  0.  0.  0.  0.  0.  0.  0.  0.  0.  0.
 0.  0.  0.  0.  0.  0.  0.  0.  0.  0.  0.  0.  0.  0.  0.  0.  0.  0.
 0.  0.  0.  0.  0.  0.  0.  0.  0.  0.  0.  0.  0.  0.  0.  0.  0.  0.
 0.  0.  0.  0.  0.  0.  0.  0.  0.  0.  0.  0.  0.  0.  0.  0.  0.  0.
 0.  0.  0.  0.  0.  0.  0.  0.  0.  0.  0.  0.  0.  0.  0.  0.  0.  0.
 0.  0.  0.  0.  0.  0. ]"
4017,27.5,30,86.26,198.0,2023-01-23 22:04:02,345.0,233.4,3.1,"[3.14 3.14 3.14 3.14 0.   0.   0.   0.   0.   0.   0.   0.   0.   0.
 0.   0.   0.   0.   0.   0.   0.   0.   0.   0.   0.   0.   0.   0.
 0.   0.   0.   0.   0.   0.   0.   0.   0.   0.   0.   0.   0.   0.
 0.   0.   0.   0.   0.   0.   0.   0.   0.   0.   0.   0.   0.   0.
 0.   0.   0.   0.   0.   0.   0.   0.   0.   0.   0.   0.   0.   0.
 0.   0.   0.   0.   0.   0.   0.   0.   0.   0.   0.   0.   0.   0.
 0.   0.   0.   0.   0.   0.   0.   0.   0.   0.   0.   0.  ]"
4018,27.5,30,84.03,198.0,2023-01-24 08:16:10,1344.5,796.9,12.2,"[0.   0.   3.69 3.33 3.38 3.38 3.45 3.45 3.45 3.45 3.45 3.45 3.45 3.45
 3.45 4.03 0.   0.   0.   0.   0.   0.   0.   0.   0.   0.   0.   0.
 0.   0.   0.   0.   0.   0.   0.   0.   0.   0.   0.   0.   0.   0.
 0.   0.   0.   0.   0.   0.   0.   0.   0.   0.   0.   0.   0.   0.
 0.   0.   0.   0.   0.   0.   0.   0.   0.   0.   0.   0.   0.   0.
 0.   0.   0.   0.   0.   0.   0.   0.   0.   0.   0.   0.   0.   0.
 0.   0.   0.   0.   0.   0.   0.   0.   0.   0.   0.   0.  ]"
4019,27.5,30,90.32,198.0,2023-01-24 08:43:46,1264.5,749.5,11.5,"[0.   3.81 3.49 3.52 3.52 3.52 3.52 3.52 3.52 3.52 3.52 3.52 3.52 3.52
 0.   0.   0.   0.   0.   0.   0.   0.   0.   0.   0.   0.   0.   0.
 0.   0.   0.   0.   0.   0.   0.   0.   0.   0.   0.   0.   0.   0.
 0.   0.   0.   0.   0.   0.   0.   0.   0.   0.   0.   0.   0.   0.
 0.   0.   0.   0.   0.   0.   0.   0.   0.   0.   0.   0.   0.   0.
 0.   0.   0.   0.   0.   0.   0.   0.   0.   0.   0.   0.   0.   0.
 0.   0.   0.   0.   0.   0.   0.   0.   0.   0.   0.   0.  ]"
4020,27.5,30,58.67,198.0,2023-01-24 09:02:01,1584.0,961.2,14.4,"[2.41 1.66 1.44 1.2  1.2  1.2  1.2  1.2  1.2  1.2  1.2  1.2  4.51 4.51
 4.51 4.51 4.51 4.51 4.51 0.   1.39 1.39 1.39 1.39 1.39 1.39 1.39 0.
 0.   0.   0.   0.   0.   0.   0.   0.   0.   0.   0.   0.   0.   0.
 0.   0.   0.   0.   0.   0.   0.   0.   0.   0.   0.   0.   0.   0.
 0.   0.   0.   0.   0.   0.   0.   0.   0.   0.   0.   0.   0.   0.
 0.   0.   0.   0.   0.   0.   0.   0.   0.   0.   0.   0.   0.   0.
 0.   0.   0.   0.   0.   0.   0.   0.   0.   0.   0.   0.  ]"
4023,27.5,30,97.95,198.0,2023-01-24 09:29:47,3918.0,2402.6,35.6,"[ 6.6   6.6   6.6   6.6   6.6   6.6   6.6   6.6   6.6   6.6   6.6   6.6
  6.6   6.6   6.6   6.6   6.6   6.6   1.32  3.02  3.02  3.02  3.02  3.02
  3.02  3.02 -0.   -0.    0.11  0.11  0.11  0.11  0.11  0.11  0.09  0.09
  0.09  0.1   0.1   0.1   0.    0.    0.    0.    0.    0.    0.    0.
  0.    0.    0.    0.    0.    0.    0.    0.    0.    0.    0.    0.
  0.    0.    0.    0.    0.    0.    0.    0.    0.    0.    0.    0.
  0.    0.    0.    0.    0.    0.    0.    0.    0.    0.    0.    0.
  0.    0.    0.    0.    0.    0.    0.    0.    0.    0.    0.    0.  ]"
4024,27.5,30,71.58,198.0,2023-01-24 09:33:43,787.4,466.7,7.2,"[2.84 2.53 2.53 2.53 2.53 2.53 2.53 2.53 2.53 2.53 3.04 0.   0.   0.
 0.   0.   0.   0.   0.   0.   0.   0.   0.   0.   0.   0.   0.   0.
 0.   0.   0.   0.   0.   0.   0.   0.   0.   0.   0.   0.   0.   0.
 0.   0.   0.   0.   0.   0.   0.   0.   0.   0.   0.   0.   0.   0.
 0.   0.   0.   0.   0.   0.   0.   0.   0.   0.   0.   0.   0.   0.
 0.   0.   0.   0.   0.   0.   0.   0.   0.   0.   0.   0.   0.   0.
 0.   0.   0.   0.   0.   0.   0.   0.   0.   0.   0.   0.  ]"
4025,27.5,30,85.43,198.0,2023-01-24 09:47:28,3246.3,1954.5,29.5,"[ 6.6   6.6   6.6   6.6   6.6   6.6   6.6   6.6   6.6   6.49  6.49  6.49
  6.49  6.49  6.49  6.49  0.    1.89  1.89  1.89  1.89  1.89  1.89  1.89
 -0.   -0.    0.    0.    0.    0.    0.    0.    0.    0.    0.   -0.
 -0.   -0.    0.    0.    0.    0.    0.    0.    0.    0.    0.    0.
  0.    0.    0.    0.    0.    0.    0.    0.    0.    0.    0.    0.
  0.    0.    0.    0.    0.    0.    0.    0.    0.    0.    0.    0.
  0.    0.    0.    0.    0.    0.    0.    0.    0.    0.    0.    0.
  0.    0.    0.    0.    0.    0.    0.    0.    0.    0.    0.    0.  ]"
4022,27.5,30,97.64,198.0,2023-01-24 12:15:14,2538.7,1610.8,23.1,"[ 6.6   6.6   6.6   6.6   6.6   6.6   6.6   5.76  5.76  5.76  5.76  5.76
  5.76  5.76  5.76 -0.   -0.    0.    0.    0.    0.    0.    0.    0.
  0.    0.    0.    0.    0.    0.    0.    0.    0.    0.    0.    0.
  0.    0.    0.    0.    0.    0.    0.    0.    0.    0.    0.    0.
  0.    0.    0.    0.    0.    0.    0.    0.    0.    0.    0.    0.
  0.    0.    0.    0.    0.    0.    0.    0.    0.    0.    0.    0.
  0.    0.    0.    0.    0.    0.    0.    0.    0.    0.    0.    0.
  0.    0.    0.    0.    0.    0.    0.    0.    0.    0.    0.    0.  ]"
4027,27.5,30,90.91,198.0,2023-01-24 14:02:13,1181.8,799.3,10.7,"[ 6.14  6.14  6.14  6.14  6.14  6.14  6.14 -0.   -0.    0.    0.    0.
  0.    0.    0.    0.    0.    0.    0.    0.    0.    0.    0.    0.
  0.    0.    0.    0.    0.    0.    0.    0.    0.    0.    0.    0.
  0.    0.    0.    0.    0.    0.    0.    0.    0.    0.    0.    0.
  0.    0.    0.    0.    0.    0.    0.    0.    0.    0.    0.    0.
  0.    0.    0.    0.    0.    0.    0.    0.    0.    0.    0.    0.
  0.    0.    0.    0.    0.    0.    0.    0.    0.    0.    0.    0.
  0.    0.    0.    0.    0.    0.    0.    0.    0.    0.    0.    0.  ]"
4030,27.5,30,88.99,198.0,2023-01-24 16:21:09,1067.8,1549.3,9.7,"[3.53 3.53 3.53 3.53 3.53 3.53 2.59 2.59 2.59 3.29 3.29 3.29 0.   0.
 0.   0.   0.   0.   0.   0.   0.   0.   0.   0.   0.   0.   0.   0.
 0.   0.   0.   0.   0.   0.   0.   0.   0.   0.   0.   0.   0.   0.
 0.   0.   0.   0.   0.   0.   0.   0.   0.   0.   0.   0.   0.   0.
 0.   0.   0.   0.   0.   0.   0.   0.   0.   0.   0.   0.   0.   0.
 0.   0.   0.   0.   0.   0.   0.   0.   0.   0.   0.   0.   0.   0.
 0.   0.   0.   0.   0.   0.   0.   0.   0.   0.   0.   0.  ]"
4032,27.5,30,88.16,198.0,2023-01-24 17:53:08,264.5,383.7,2.4,"[3.21 3.21 3.21 0.   0.   0.   0.   0.   0.   0.   0.   0.   0.   0.
 0.   0.   0.   0.   0.   0.   0.   0.   0.   0.   0.   0.   0.   0.
 0.   0.   0.   0.   0.   0.   0.   0.   0.   0.   0.   0.   0.   0.
 0.   0.   0.   0.   0.   0.   0.   0.   0.   0.   0.   0.   0.   0.
 0.   0.   0.   0.   0.   0.   0.   0.   0.   0.   0.   0.   0.   0.
 0.   0.   0.   0.   0.   0.   0.   0.   0.   0.   0.   0.   0.   0.
 0.   0.   0.   0.   0.   0.   0.   0.   0.   0.   0.   0.  ]"
4034,27.5,30,84.96,198.0,2023-01-25 07:37:09,2293.9,1359.7,20.9,"[0.   0.   0.   0.   0.   4.38 4.38 4.38 4.14 4.13 4.13 4.13 4.13 4.13
 4.13 4.13 4.13 4.13 4.13 4.13 4.13 4.13 4.13 4.13 4.13 0.01 0.01 0.
 0.   0.   0.   0.   0.   0.   0.   0.   0.   0.   0.   0.   0.   0.
 0.   0.   0.   0.   0.   0.   0.   0.   0.   0.   0.   0.   0.   0.
 0.   0.   0.   0.   0.   0.   0.   0.   0.   0.   0.   0.   0.   0.
 0.   0.   0.   0.   0.   0.   0.   0.   0.   0.   0.   0.   0.   0.
 0.   0.   0.   0.   0.   0.   0.   0.   0.   0.   0.   0.  ]"
4035,27.5,30,106.19,198.0,2023-01-25 07:42:22,4035.2,2426.0,36.7,"[ 1.24  1.24  1.24  1.24  1.24  6.6   6.6   6.6   6.6   6.6   6.6   6.6
  6.6   6.6   6.6   6.6   6.6   6.6   6.6   6.6   6.6   6.56  6.56  6.56
  6.56  0.34  0.34  0.63  0.63  1.79  1.79  1.57  1.57 -0.   -0.   -0.
 -0.   -0.    0.    0.    0.    0.    0.    0.    0.    0.    0.    0.
  0.    0.    0.    0.    0.    0.    0.    0.    0.    0.    0.    0.
  0.    0.    0.    0.    0.    0.    0.    0.    0.    0.    0.    0.
  0.    0.    0.    0.    0.    0.    0.    0.    0.    0.    0.    0.
  0.    0.    0.    0.    0.    0.    0.    0.    0.    0.    0.    0.  ]"
4037,27.5,30,57.54,198.0,2023-01-25 09:31:25,2014.0,1228.3,18.3,"[ 4.05  4.07  4.07  4.07  4.07  4.07  4.07  4.07  4.07  4.07  4.07  4.07
  4.07  4.02  4.02  4.02  4.02  0.02  0.02  0.03  0.03  0.92  0.92  0.59
  0.59 -0.   -0.   -0.   -0.   -0.    0.23  0.23  0.23  0.23  0.23  0.
  0.    0.    0.    0.    0.    0.    0.    0.    0.    0.    0.    0.
  0.    0.    0.    0.    0.    0.    0.    0.    0.    0.    0.    0.
  0.    0.    0.    0.    0.    0.    0.    0.    0.    0.    0.    0.
  0.    0.    0.    0.    0.    0.    0.    0.    0.    0.    0.    0.
  0.    0.    0.    0.    0.    0.    0.    0.    0.    0.    0.    0.  ]"
4039,27.5,30,16.12,198.0,2023-01-25 09:43:21,306.2,181.7,2.8,"[0.69 0.65 0.65 0.65 0.65 0.65 0.65 0.65 0.65 0.65 0.65 0.65 0.65 0.63
 0.63 0.63 0.63 0.04 0.04 0.   0.   0.   0.   0.   0.   0.   0.   0.
 0.   0.   0.   0.   0.   0.   0.   0.   0.   0.   0.   0.   0.   0.
 0.   0.   0.   0.   0.   0.   0.   0.   0.   0.   0.   0.   0.   0.
 0.   0.   0.   0.   0.   0.   0.   0.   0.   0.   0.   0.   0.   0.
 0.   0.   0.   0.   0.   0.   0.   0.   0.   0.   0.   0.   0.   0.
 0.   0.   0.   0.   0.   0.   0.   0.   0.   0.   0.   0.  ]"
4040,27.5,30,10.85,198.0,2023-01-25 09:53:31,368.9,225.9,3.4,"[ 0.84  0.84  0.78  0.78  0.78  0.78  0.78  0.78  0.78  0.78  0.78  0.78
  0.71  0.71  0.71  0.71  0.04  0.04  0.04  0.04  0.23  0.23  0.13  0.13
 -0.   -0.   -0.   -0.   -0.    0.04  0.04  0.04  0.04  0.04  0.    0.
  0.    0.    0.    0.    0.    0.    0.    0.    0.    0.    0.    0.
  0.    0.    0.    0.    0.    0.    0.    0.    0.    0.    0.    0.
  0.    0.    0.    0.    0.    0.    0.    0.    0.    0.    0.    0.
  0.    0.    0.    0.    0.    0.    0.    0.    0.    0.    0.    0.
  0.    0.    0.    0.    0.    0.    0.    0.    0.    0.    0.    0.  ]"
4041,27.5,30,62.2,198.0,2023-01-25 10:22:37,1244.1,745.1,11.3,"[3.23 3.23 3.23 3.23 3.23 3.23 3.23 3.23 3.23 3.23 2.39 2.39 2.39 2.39
 0.02 0.02 0.03 0.03 1.63 1.63 0.   0.   0.   0.   0.   0.   0.   0.
 0.   0.   0.   0.   0.   0.   0.   0.   0.   0.   0.   0.   0.   0.
 0.   0.   0.   0.   0.   0.   0.   0.   0.   0.   0.   0.   0.   0.
 0.   0.   0.   0.   0.   0.   0.   0.   0.   0.   0.   0.   0.   0.
 0.   0.   0.   0.   0.   0.   0.   0.   0.   0.   0.   0.   0.   0.
 0.   0.   0.   0.   0.   0.   0.   0.   0.   0.   0.   0.  ]"
4042,27.5,30,91.41,198.0,2023-01-25 12:52:04,1554.0,990.3,14.1,"[ 6.6   6.6   6.6   6.6   4.18  4.18  4.24  4.24  2.69  2.69  3.94  3.94
 -0.   -0.   -0.   -0.   -0.    0.    0.    0.    0.    0.    0.    0.
  0.    0.    0.    0.    0.    0.    0.    0.    0.    0.    0.    0.
  0.    0.    0.    0.    0.    0.    0.    0.    0.    0.    0.    0.
  0.    0.    0.    0.    0.    0.    0.    0.    0.    0.    0.    0.
  0.    0.    0.    0.    0.    0.    0.    0.    0.    0.    0.    0.
  0.    0.    0.    0.    0.    0.    0.    0.    0.    0.    0.    0.
  0.    0.    0.    0.    0.    0.    0.    0.    0.    0.    0.    0.  ]"
4043,27.5,30,79.73,198.0,2023-01-25 14:55:23,2551.4,2274.8,23.2,"[6.6  6.6  6.6  6.6  0.99 0.99 0.99 0.99 0.99 1.24 1.24 1.24 1.24 1.24
 1.26 1.26 1.42 1.42 1.42 1.42 1.42 1.66 1.66 1.66 6.6  6.6  6.6  6.6
 3.55 3.55 3.55 3.55 0.   0.   0.   0.   0.   0.   0.   0.   0.   0.
 0.   0.   0.   0.   0.   0.   0.   0.   0.   0.   0.   0.   0.   0.
 0.   0.   0.   0.   0.   0.   0.   0.   0.   0.   0.   0.   0.   0.
 0.   0.   0.   0.   0.   0.   0.   0.   0.   0.   0.   0.   0.   0.
 0.   0.   0.   0.   0.   0.   0.   0.   0.   0.   0.   0.  ]"
4044,27.5,30,91.6,198.0,2023-01-25 15:25:11,1740.4,2244.0,15.8,"[6.6  6.6  3.11 3.11 3.11 3.11 3.11 2.59 2.59 2.59 2.59 2.59 2.67 2.67
 3.25 3.25 3.25 3.25 3.25 0.   0.   0.   0.   0.   0.   0.   0.   0.
 0.   0.   0.   0.   0.   0.   0.   0.   0.   0.   0.   0.   0.   0.
 0.   0.   0.   0.   0.   0.   0.   0.   0.   0.   0.   0.   0.   0.
 0.   0.   0.   0.   0.   0.   0.   0.   0.   0.   0.   0.   0.   0.
 0.   0.   0.   0.   0.   0.   0.   0.   0.   0.   0.   0.   0.   0.
 0.   0.   0.   0.   0.   0.   0.   0.   0.   0.   0.   0.  ]"
4046,27.5,30,92.06,198.0,2023-01-25 17:01:39,644.4,935.0,5.9,"[3.33 3.33 3.33 3.33 3.33 3.39 3.39 0.   0.   0.   0.   0.   0.   0.
 0.   0.   0.   0.   0.   0.   0.   0.   0.   0.   0.   0.   0.   0.
 0.   0.   0.   0.   0.   0.   0.   0.   0.   0.   0.   0.   0.   0.
 0.   0.   0.   0.   0.   0.   0.   0.   0.   0.   0.   0.   0.   0.
 0.   0.   0.   0.   0.   0.   0.   0.   0.   0.   0.   0.   0.   0.
 0.   0.   0.   0.   0.   0.   0.   0.   0.   0.   0.   0.   0.   0.
 0.   0.   0.   0.   0.   0.   0.   0.   0.   0.   0.   0.  ]"
4048,27.5,30,98.34,198.0,2023-01-25 22:00:30,393.4,266.1,3.6,"[3.58 3.58 3.58 3.58 0.   0.   0.   0.   0.   0.   0.   0.   0.   0.
 0.   0.   0.   0.   0.   0.   0.   0.   0.   0.   0.   0.   0.   0.
 0.   0.   0.   0.   0.   0.   0.   0.   0.   0.   0.   0.   0.   0.
 0.   0.   0.   0.   0.   0.   0.   0.   0.   0.   0.   0.   0.   0.
 0.   0.   0.   0.   0.   0.   0.   0.   0.   0.   0.   0.   0.   0.
 0.   0.   0.   0.   0.   0.   0.   0.   0.   0.   0.   0.   0.   0.
 0.   0.   0.   0.   0.   0.   0.   0.   0.   0.   0.   0.  ]"
4049,27.5,30,71.65,198.0,2023-01-26 07:38:59,3009.4,1808.1,27.4,"[ 0.    0.    0.    0.    0.    4.83  4.83  4.83  4.83  5.3   5.3   5.3
  5.3   5.3   5.3   5.3   5.3   5.3   5.3   5.3   5.3   3.98  3.98  3.98
  3.98  1.16  1.16  1.16  1.16  1.16  1.16  1.83  1.83 -0.   -0.   -0.
 -0.   -0.   -0.   -0.   -0.   -0.    0.    0.    0.    0.    0.    0.
  0.    0.    0.    0.    0.    0.    0.    0.    0.    0.    0.    0.
  0.    0.    0.    0.    0.    0.    0.    0.    0.    0.    0.    0.
  0.    0.    0.    0.    0.    0.    0.    0.    0.    0.    0.    0.
  0.    0.    0.    0.    0.    0.    0.    0.    0.    0.    0.    0.  ]"
4050,27.5,30,96.66,198.0,2023-01-26 08:11:02,2803.1,1684.5,25.5,"[0.   0.   0.   4.2  4.2  4.2  4.2  5.01 5.01 5.01 5.01 5.01 5.01 5.01
 5.01 5.01 5.01 5.01 5.01 3.76 3.76 3.76 3.76 1.67 1.67 1.67 1.67 1.67
 1.67 0.   0.   0.   0.   0.   0.   0.   0.   0.   0.   0.   0.   0.
 0.   0.   0.   0.   0.   0.   0.   0.   0.   0.   0.   0.   0.   0.
 0.   0.   0.   0.   0.   0.   0.   0.   0.   0.   0.   0.   0.   0.
 0.   0.   0.   0.   0.   0.   0.   0.   0.   0.   0.   0.   0.   0.
 0.   0.   0.   0.   0.   0.   0.   0.   0.   0.   0.   0.  ]"
4051,27.5,30,37.73,198.0,2023-01-26 08:19:49,1282.8,771.4,11.7,"[ 0.    0.    1.47  1.47  1.47  1.47  2.4   2.4   2.4   2.4   2.4   2.4
  2.4   2.4   2.4   2.4   2.4   2.4   1.8   1.8   1.8   1.8   0.58  0.58
  0.58  0.58  0.58  0.58  0.65  0.65 -0.   -0.   -0.    0.    0.    0.
  0.    0.    0.    0.    0.    0.    0.    0.    0.    0.    0.    0.
  0.    0.    0.    0.    0.    0.    0.    0.    0.    0.    0.    0.
  0.    0.    0.    0.    0.    0.    0.    0.    0.    0.    0.    0.
  0.    0.    0.    0.    0.    0.    0.    0.    0.    0.    0.    0.
  0.    0.    0.    0.    0.    0.    0.    0.    0.    0.    0.    0.  ]"
4052,27.5,30,64.33,198.0,2023-01-26 08:40:23,321.7,190.7,2.9,"[0.   2.92 2.92 2.92 2.92 0.   0.   0.   0.   0.   0.   0.   0.   0.
 0.   0.   0.   0.   0.   0.   0.   0.   0.   0.   0.   0.   0.   0.
 0.   0.   0.   0.   0.   0.   0.   0.   0.   0.   0.   0.   0.   0.
 0.   0.   0.   0.   0.   0.   0.   0.   0.   0.   0.   0.   0.   0.
 0.   0.   0.   0.   0.   0.   0.   0.   0.   0.   0.   0.   0.   0.
 0.   0.   0.   0.   0.   0.   0.   0.   0.   0.   0.   0.   0.   0.
 0.   0.   0.   0.   0.   0.   0.   0.   0.   0.   0.   0.  ]"
4053,27.5,30,26.84,198.0,2023-01-26 08:56:22,832.0,499.8,7.6,"[1.37 1.37 1.37 1.37 1.46 1.46 1.46 1.46 1.46 1.46 1.46 1.46 1.46 1.46
 1.46 1.46 1.09 1.09 1.09 1.09 0.36 0.36 0.36 0.36 0.36 0.36 0.37 0.37
 0.   0.   0.   0.   0.   0.   0.   0.   0.   0.   0.   0.   0.   0.
 0.   0.   0.   0.   0.   0.   0.   0.   0.   0.   0.   0.   0.   0.
 0.   0.   0.   0.   0.   0.   0.   0.   0.   0.   0.   0.   0.   0.
 0.   0.   0.   0.   0.   0.   0.   0.   0.   0.   0.   0.   0.   0.
 0.   0.   0.   0.   0.   0.   0.   0.   0.   0.   0.   0.  ]"
4055,27.5,30,77.07,198.0,2023-01-26 09:48:42,1695.5,1021.6,15.4,"[3.61 3.61 3.61 3.61 3.61 3.61 3.61 3.61 3.61 3.61 3.61 3.61 2.77 2.77
 2.77 2.77 1.2  1.2  1.2  1.2  1.2  1.2  0.   0.   0.   0.   0.   0.
 0.   0.   0.   0.   0.   0.   0.   0.   0.   0.   0.   0.   0.   0.
 0.   0.   0.   0.   0.   0.   0.   0.   0.   0.   0.   0.   0.   0.
 0.   0.   0.   0.   0.   0.   0.   0.   0.   0.   0.   0.   0.   0.
 0.   0.   0.   0.   0.   0.   0.   0.   0.   0.   0.   0.   0.   0.
 0.   0.   0.   0.   0.   0.   0.   0.   0.   0.   0.   0.  ]"
4054,27.5,30,91.87,198.0,2023-01-26 09:49:23,2756.1,1662.4,25.1,"[ 6.26  6.26  6.26  6.26  6.26  6.26  6.26  6.26  6.26  6.26  6.26  6.26
  3.13  3.13  3.13  3.13  1.41  1.41  1.41  1.41  1.41  1.41  2.02  2.02
 -0.   -0.   -0.   -0.   -0.   -0.    0.    0.    0.    0.    0.    0.
  0.    0.    0.    0.    0.    0.    0.    0.    0.    0.    0.    0.
  0.    0.    0.    0.    0.    0.    0.    0.    0.    0.    0.    0.
  0.    0.    0.    0.    0.    0.    0.    0.    0.    0.    0.    0.
  0.    0.    0.    0.    0.    0.    0.    0.    0.    0.    0.    0.
  0.    0.    0.    0.    0.    0.    0.    0.    0.    0.    0.    0.  ]"
4056,27.5,30,93.6,198.0,2023-01-26 13:00:26,1591.3,1015.6,14.5,"[ 6.6   6.6   6.6   6.6   3.68  3.68  3.68  3.68  3.68  3.68  4.68  4.68
 -0.   -0.   -0.   -0.   -0.    0.    0.    0.    0.    0.    0.    0.
  0.    0.    0.    0.    0.    0.    0.    0.    0.    0.    0.    0.
  0.    0.    0.    0.    0.    0.    0.    0.    0.    0.    0.    0.
  0.    0.    0.    0.    0.    0.    0.    0.    0.    0.    0.    0.
  0.    0.    0.    0.    0.    0.    0.    0.    0.    0.    0.    0.
  0.    0.    0.    0.    0.    0.    0.    0.    0.    0.    0.    0.
  0.    0.    0.    0.    0.    0.    0.    0.    0.    0.    0.    0.  ]"
4057,27.5,30,47.73,198.0,2023-01-26 13:50:02,668.3,452.0,6.1,"[ 2.96  2.96  2.96  2.96  2.96  2.96  3.27  3.27 -0.   -0.   -0.   -0.
 -0.   -0.    0.    0.    0.    0.    0.    0.    0.    0.    0.    0.
  0.    0.    0.    0.    0.    0.    0.    0.    0.    0.    0.    0.
  0.    0.    0.    0.    0.    0.    0.    0.    0.    0.    0.    0.
  0.    0.    0.    0.    0.    0.    0.    0.    0.    0.    0.    0.
  0.    0.    0.    0.    0.    0.    0.    0.    0.    0.    0.    0.
  0.    0.    0.    0.    0.    0.    0.    0.    0.    0.    0.    0.
  0.    0.    0.    0.    0.    0.    0.    0.    0.    0.    0.    0.  ]"
4058,27.5,30,94.94,198.0,2023-01-26 17:58:16,2088.7,1624.8,19.0,"[0.9  0.82 0.82 0.82 0.82 0.82 0.82 0.82 0.82 0.82 0.81 0.81 6.6  6.6
 6.6  6.6  6.6  6.6  6.6  6.6  6.6  6.6  0.   0.   0.   0.   0.   0.
 0.   0.   0.   0.   0.   0.   0.   0.   0.   0.   0.   0.   0.   0.
 0.   0.   0.   0.   0.   0.   0.   0.   0.   0.   0.   0.   0.   0.
 0.   0.   0.   0.   0.   0.   0.   0.   0.   0.   0.   0.   0.   0.
 0.   0.   0.   0.   0.   0.   0.   0.   0.   0.   0.   0.   0.   0.
 0.   0.   0.   0.   0.   0.   0.   0.   0.   0.   0.   0.  ]"
4059,27.5,30,181.5,198.0,2023-01-26 18:10:37,1633.5,2370.1,14.9,"[6.6 6.6 6.6 6.6 6.6 6.6 6.6 6.6 6.6 0.  0.  0.  0.  0.  0.  0.  0.  0.
 0.  0.  0.  0.  0.  0.  0.  0.  0.  0.  0.  0.  0.  0.  0.  0.  0.  0.
 0.  0.  0.  0.  0.  0.  0.  0.  0.  0.  0.  0.  0.  0.  0.  0.  0.  0.
 0.  0.  0.  0.  0.  0.  0.  0.  0.  0.  0.  0.  0.  0.  0.  0.  0.  0.
 0.  0.  0.  0.  0.  0.  0.  0.  0.  0.  0.  0.  0.  0.  0.  0.  0.  0.
 0.  0.  0.  0.  0.  0. ]"
4060,27.5,30,72.38,198.0,2023-01-27 07:41:27,579.1,359.5,5.3,"[1.57 1.57 1.57 0.79 1.57 4.66 4.66 4.66 0.   0.   0.   0.   0.   0.
 0.   0.   0.   0.   0.   0.   0.   0.   0.   0.   0.   0.   0.   0.
 0.   0.   0.   0.   0.   0.   0.   0.   0.   0.   0.   0.   0.   0.
 0.   0.   0.   0.   0.   0.   0.   0.   0.   0.   0.   0.   0.   0.
 0.   0.   0.   0.   0.   0.   0.   0.   0.   0.   0.   0.   0.   0.
 0.   0.   0.   0.   0.   0.   0.   0.   0.   0.   0.   0.   0.   0.
 0.   0.   0.   0.   0.   0.   0.   0.   0.   0.   0.   0.  ]"
4061,27.5,30,60.6,198.0,2023-01-27 08:27:58,303.0,179.6,2.8,"[0.   0.   3.67 3.67 3.67 0.   0.   0.   0.   0.   0.   0.   0.   0.
 0.   0.   0.   0.   0.   0.   0.   0.   0.   0.   0.   0.   0.   0.
 0.   0.   0.   0.   0.   0.   0.   0.   0.   0.   0.   0.   0.   0.
 0.   0.   0.   0.   0.   0.   0.   0.   0.   0.   0.   0.   0.   0.
 0.   0.   0.   0.   0.   0.   0.   0.   0.   0.   0.   0.   0.   0.
 0.   0.   0.   0.   0.   0.   0.   0.   0.   0.   0.   0.   0.   0.
 0.   0.   0.   0.   0.   0.   0.   0.   0.   0.   0.   0.  ]"
4062,27.5,30,86.93,198.0,2023-01-27 08:42:04,2694.8,1597.3,24.5,"[ 0.    1.53  1.53  5.48  5.25  5.25  5.25  5.26  5.26  5.26  5.26  5.26
  5.26  5.26  5.26  5.26  5.26  5.26  5.26  5.26  5.26  0.    0.    0.
  0.    0.    0.    0.    0.   -0.   -0.    0.    0.    0.    0.    0.
  0.    0.    0.    0.    0.    0.    0.    0.    0.    0.    0.    0.
  0.    0.    0.    0.    0.    0.    0.    0.    0.    0.    0.    0.
  0.    0.    0.    0.    0.    0.    0.    0.    0.    0.    0.    0.
  0.    0.    0.    0.    0.    0.    0.    0.    0.    0.    0.    0.
  0.    0.    0.    0.    0.    0.    0.    0.    0.    0.    0.    0.  ]"
4063,27.5,30,92.84,198.0,2023-01-27 08:59:16,2320.9,1375.7,21.1,"[2.61 2.61 4.5  4.39 4.39 4.39 4.39 4.39 4.39 4.39 4.39 4.39 4.39 4.39
 4.39 4.39 4.39 4.39 4.39 4.39 0.   0.   0.   0.   0.   0.   0.   0.
 0.   0.   0.   0.   0.   0.   0.   0.   0.   0.   0.   0.   0.   0.
 0.   0.   0.   0.   0.   0.   0.   0.   0.   0.   0.   0.   0.   0.
 0.   0.   0.   0.   0.   0.   0.   0.   0.   0.   0.   0.   0.   0.
 0.   0.   0.   0.   0.   0.   0.   0.   0.   0.   0.   0.   0.   0.
 0.   0.   0.   0.   0.   0.   0.   0.   0.   0.   0.   0.  ]"
4065,27.5,30,18.05,198.0,2023-01-27 09:28:10,686.0,437.4,6.2,"[ 1.39  1.3   1.3   1.3   1.31  1.31  1.31  1.31  1.31  1.31  1.31  1.31
  1.31  1.31  1.31  1.31  1.31  1.31  0.    0.    0.    0.    0.    0.
  0.    0.   -0.   -0.   -0.   -0.   -0.   -0.    0.22  0.22  0.22  0.22
  0.22  0.22  0.    0.    0.    0.    0.    0.    0.    0.    0.    0.
  0.    0.    0.    0.    0.    0.    0.    0.    0.    0.    0.    0.
  0.    0.    0.    0.    0.    0.    0.    0.    0.    0.    0.    0.
  0.    0.    0.    0.    0.    0.    0.    0.    0.    0.    0.    0.
  0.    0.    0.    0.    0.    0.    0.    0.    0.    0.    0.    0.  ]"
4066,27.5,30,20.45,198.0,2023-01-27 09:42:24,552.2,327.3,5.0,"[ 1.25  1.25  1.25  1.17  1.17  1.17  1.17  1.17  1.17  1.17  1.17  1.17
  1.17  1.17  1.17  1.17  1.17  0.    0.    0.    0.    0.    0.    0.
  0.   -0.   -0.    0.    0.    0.    0.    0.    0.    0.    0.    0.
  0.    0.    0.    0.    0.    0.    0.    0.    0.    0.    0.    0.
  0.    0.    0.    0.    0.    0.    0.    0.    0.    0.    0.    0.
  0.    0.    0.    0.    0.    0.    0.    0.    0.    0.    0.    0.
  0.    0.    0.    0.    0.    0.    0.    0.    0.    0.    0.    0.
  0.    0.    0.    0.    0.    0.    0.    0.    0.    0.    0.    0.  ]"
4067,27.5,30,102.76,198.0,2023-01-27 10:24:10,2671.7,1594.5,24.3,"[6.6  6.6  6.6  6.6  6.6  6.6  6.6  6.6  6.6  6.6  6.6  6.6  6.6  6.6
 0.56 0.56 0.56 0.56 0.56 0.64 0.64 0.64 0.   0.   0.   0.   0.   0.
 0.   0.   0.   0.   0.   0.   0.   0.   0.   0.   0.   0.   0.   0.
 0.   0.   0.   0.   0.   0.   0.   0.   0.   0.   0.   0.   0.   0.
 0.   0.   0.   0.   0.   0.   0.   0.   0.   0.   0.   0.   0.   0.
 0.   0.   0.   0.   0.   0.   0.   0.   0.   0.   0.   0.   0.   0.
 0.   0.   0.   0.   0.   0.   0.   0.   0.   0.   0.   0.  ]"
4069,27.5,30,86.68,198.0,2023-01-27 17:18:39,1387.0,1731.2,12.6,"[2.85 2.85 2.85 2.85 2.85 2.85 2.52 2.52 2.52 2.52 2.52 2.52 2.52 2.52
 6.6  6.6  0.   0.   0.   0.   0.   0.   0.   0.   0.   0.   0.   0.
 0.   0.   0.   0.   0.   0.   0.   0.   0.   0.   0.   0.   0.   0.
 0.   0.   0.   0.   0.   0.   0.   0.   0.   0.   0.   0.   0.   0.
 0.   0.   0.   0.   0.   0.   0.   0.   0.   0.   0.   0.   0.   0.
 0.   0.   0.   0.   0.   0.   0.   0.   0.   0.   0.   0.   0.   0.
 0.   0.   0.   0.   0.   0.   0.   0.   0.   0.   0.   0.  ]"
4070,27.5,30,95.48,198.0,2023-01-27 18:47:32,1145.8,1100.1,10.4,"[1.91 1.91 1.91 1.91 1.91 1.91 1.91 1.91 6.6  6.6  6.6  6.6  0.   0.
 0.   0.   0.   0.   0.   0.   0.   0.   0.   0.   0.   0.   0.   0.
 0.   0.   0.   0.   0.   0.   0.   0.   0.   0.   0.   0.   0.   0.
 0.   0.   0.   0.   0.   0.   0.   0.   0.   0.   0.   0.   0.   0.
 0.   0.   0.   0.   0.   0.   0.   0.   0.   0.   0.   0.   0.   0.
 0.   0.   0.   0.   0.   0.   0.   0.   0.   0.   0.   0.   0.   0.
 0.   0.   0.   0.   0.   0.   0.   0.   0.   0.   0.   0.  ]"
4071,27.5,30,74.17,198.0,2023-01-27 21:55:49,296.7,200.7,2.7,"[2.7 2.7 2.7 2.7 0.  0.  0.  0.  0.  0.  0.  0.  0.  0.  0.  0.  0.  0.
 0.  0.  0.  0.  0.  0.  0.  0.  0.  0.  0.  0.  0.  0.  0.  0.  0.  0.
 0.  0.  0.  0.  0.  0.  0.  0.  0.  0.  0.  0.  0.  0.  0.  0.  0.  0.
 0.  0.  0.  0.  0.  0.  0.  0.  0.  0.  0.  0.  0.  0.  0.  0.  0.  0.
 0.  0.  0.  0.  0.  0.  0.  0.  0.  0.  0.  0.  0.  0.  0.  0.  0.  0.
 0.  0.  0.  0.  0.  0. ]"
4072,27.5,30,111.69,198.0,2023-01-27 21:57:17,1452.0,982.1,13.2,"[3.62 3.62 3.62 3.62 4.26 4.26 4.26 4.26 4.26 4.26 4.26 4.26 4.26 0.
 0.   0.   0.   0.   0.   0.   0.   0.   0.   0.   0.   0.   0.   0.
 0.   0.   0.   0.   0.   0.   0.   0.   0.   0.   0.   0.   0.   0.
 0.   0.   0.   0.   0.   0.   0.   0.   0.   0.   0.   0.   0.   0.
 0.   0.   0.   0.   0.   0.   0.   0.   0.   0.   0.   0.   0.   0.
 0.   0.   0.   0.   0.   0.   0.   0.   0.   0.   0.   0.   0.   0.
 0.   0.   0.   0.   0.   0.   0.   0.   0.   0.   0.   0.  ]"
4073,27.5,30,87.13,198.0,2023-01-28 13:52:08,958.4,648.2,8.7,"[ 4.98  4.98  4.98  4.98  3.73  3.73  3.73  3.73 -0.   -0.   -0.    0.
  0.    0.    0.    0.    0.    0.    0.    0.    0.    0.    0.    0.
  0.    0.    0.    0.    0.    0.    0.    0.    0.    0.    0.    0.
  0.    0.    0.    0.    0.    0.    0.    0.    0.    0.    0.    0.
  0.    0.    0.    0.    0.    0.    0.    0.    0.    0.    0.    0.
  0.    0.    0.    0.    0.    0.    0.    0.    0.    0.    0.    0.
  0.    0.    0.    0.    0.    0.    0.    0.    0.    0.    0.    0.
  0.    0.    0.    0.    0.    0.    0.    0.    0.    0.    0.    0.  ]"
4074,27.5,30,93.19,198.0,2023-01-28 14:46:57,1025.1,925.1,9.3,"[6.6  6.6  6.6  6.6  1.48 1.48 1.48 1.61 1.61 1.61 1.61 0.   0.   0.
 0.   0.   0.   0.   0.   0.   0.   0.   0.   0.   0.   0.   0.   0.
 0.   0.   0.   0.   0.   0.   0.   0.   0.   0.   0.   0.   0.   0.
 0.   0.   0.   0.   0.   0.   0.   0.   0.   0.   0.   0.   0.   0.
 0.   0.   0.   0.   0.   0.   0.   0.   0.   0.   0.   0.   0.   0.
 0.   0.   0.   0.   0.   0.   0.   0.   0.   0.   0.   0.   0.   0.
 0.   0.   0.   0.   0.   0.   0.   0.   0.   0.   0.   0.  ]"
4077,27.5,30,99.12,198.0,2023-01-29 11:41:45,1883.2,1137.1,17.1,"[ 6.6   6.6   6.6   6.6   6.6   6.6   6.6   6.6   6.6   1.13  1.13  1.13
  1.13  1.13  1.13  1.13  1.13 -0.   -0.    0.    0.    0.    0.    0.
  0.    0.    0.    0.    0.    0.    0.    0.    0.    0.    0.    0.
  0.    0.    0.    0.    0.    0.    0.    0.    0.    0.    0.    0.
  0.    0.    0.    0.    0.    0.    0.    0.    0.    0.    0.    0.
  0.    0.    0.    0.    0.    0.    0.    0.    0.    0.    0.    0.
  0.    0.    0.    0.    0.    0.    0.    0.    0.    0.    0.    0.
  0.    0.    0.    0.    0.    0.    0.    0.    0.    0.    0.    0.  ]"
4078,27.5,30,80.04,198.0,2023-01-30 07:27:38,3842.1,2356.6,34.9,"[ 0.55  0.55  0.55  0.55  0.55  0.55  6.53  6.53  6.53  5.44  5.44  5.44
  5.44  5.44  5.44  5.44  5.44  5.44  5.44  5.44  6.6   6.6   6.6   6.6
  6.6   6.6   1.49  2.05  2.05  2.05  2.05  2.05  2.05  2.05 -0.   -0.
 -0.   -0.   -0.   -0.    0.19  0.19  0.19  0.19  0.19  0.19  0.19  0.19
  0.    0.    0.    0.    0.    0.    0.    0.    0.    0.    0.    0.
  0.    0.    0.    0.    0.    0.    0.    0.    0.    0.    0.    0.
  0.    0.    0.    0.    0.    0.    0.    0.    0.    0.    0.    0.
  0.    0.    0.    0.    0.    0.    0.    0.    0.    0.    0.    0.  ]"
4079,27.5,30,83.44,198.0,2023-01-30 08:52:35,1251.6,741.8,11.4,"[3.02 3.02 3.02 3.04 3.04 3.04 3.04 3.04 3.04 3.04 3.04 3.04 3.04 3.04
 3.04 0.   0.   0.   0.   0.   0.   0.   0.   0.   0.   0.   0.   0.
 0.   0.   0.   0.   0.   0.   0.   0.   0.   0.   0.   0.   0.   0.
 0.   0.   0.   0.   0.   0.   0.   0.   0.   0.   0.   0.   0.   0.
 0.   0.   0.   0.   0.   0.   0.   0.   0.   0.   0.   0.   0.   0.
 0.   0.   0.   0.   0.   0.   0.   0.   0.   0.   0.   0.   0.   0.
 0.   0.   0.   0.   0.   0.   0.   0.   0.   0.   0.   0.  ]"
4080,27.5,30,181.5,198.0,2023-01-30 08:52:40,2722.5,1613.7,24.8,"[6.6 6.6 6.6 6.6 6.6 6.6 6.6 6.6 6.6 6.6 6.6 6.6 6.6 6.6 6.6 0.  0.  0.
 0.  0.  0.  0.  0.  0.  0.  0.  0.  0.  0.  0.  0.  0.  0.  0.  0.  0.
 0.  0.  0.  0.  0.  0.  0.  0.  0.  0.  0.  0.  0.  0.  0.  0.  0.  0.
 0.  0.  0.  0.  0.  0.  0.  0.  0.  0.  0.  0.  0.  0.  0.  0.  0.  0.
 0.  0.  0.  0.  0.  0.  0.  0.  0.  0.  0.  0.  0.  0.  0.  0.  0.  0.
 0.  0.  0.  0.  0.  0. ]"
4081,27.5,30,70.5,198.0,2023-01-30 09:36:38,2326.4,1397.4,21.1,"[ 3.36  3.36  3.36  3.36  3.36  3.36  3.36  3.36  3.36  3.36  3.36  6.6
  6.6   6.6   6.6   6.6   6.6   0.67  1.05  1.05  1.05  1.05  1.05  1.05
  1.05 -0.   -0.   -0.   -0.   -0.   -0.   -0.   -0.    0.    0.    0.
  0.    0.    0.    0.    0.    0.    0.    0.    0.    0.    0.    0.
  0.    0.    0.    0.    0.    0.    0.    0.    0.    0.    0.    0.
  0.    0.    0.    0.    0.    0.    0.    0.    0.    0.    0.    0.
  0.    0.    0.    0.    0.    0.    0.    0.    0.    0.    0.    0.
  0.    0.    0.    0.    0.    0.    0.    0.    0.    0.    0.    0.  ]"
4082,27.5,30,22.51,198.0,2023-01-30 09:43:38,675.3,402.9,6.1,"[1.12 1.12 1.12 1.12 1.12 1.12 1.12 1.12 1.12 1.12 1.12 1.85 1.85 1.85
 1.85 1.85 1.85 0.   0.16 0.16 0.16 0.16 0.16 0.16 0.16 0.   0.   0.
 0.   0.   0.   0.   0.   0.   0.   0.   0.   0.   0.   0.   0.   0.
 0.   0.   0.   0.   0.   0.   0.   0.   0.   0.   0.   0.   0.   0.
 0.   0.   0.   0.   0.   0.   0.   0.   0.   0.   0.   0.   0.   0.
 0.   0.   0.   0.   0.   0.   0.   0.   0.   0.   0.   0.   0.   0.
 0.   0.   0.   0.   0.   0.   0.   0.   0.   0.   0.   0.  ]"
4083,27.5,30,87.85,198.0,2023-01-30 12:29:05,1669.1,1037.9,15.2,"[ 6.6   6.6   6.6   6.6   6.6   6.6   3.01  2.58  2.58  2.58  2.58  2.58
  2.58  2.58 -0.   -0.   -0.   -0.   -0.    0.    0.    0.    0.    0.
  0.    0.    0.    0.    0.    0.    0.    0.    0.    0.    0.    0.
  0.    0.    0.    0.    0.    0.    0.    0.    0.    0.    0.    0.
  0.    0.    0.    0.    0.    0.    0.    0.    0.    0.    0.    0.
  0.    0.    0.    0.    0.    0.    0.    0.    0.    0.    0.    0.
  0.    0.    0.    0.    0.    0.    0.    0.    0.    0.    0.    0.
  0.    0.    0.    0.    0.    0.    0.    0.    0.    0.    0.    0.  ]"
4084,27.5,30,86.56,198.0,2023-01-30 14:13:50,1125.3,761.1,10.2,"[ 5.85  5.85  5.85  5.85  5.85  5.85  5.85  0.    0.    0.    0.    0.
 -0.    0.    0.    0.    0.    0.    0.    0.    0.    0.    0.    0.
  0.    0.    0.    0.    0.    0.    0.    0.    0.    0.    0.    0.
  0.    0.    0.    0.    0.    0.    0.    0.    0.    0.    0.    0.
  0.    0.    0.    0.    0.    0.    0.    0.    0.    0.    0.    0.
  0.    0.    0.    0.    0.    0.    0.    0.    0.    0.    0.    0.
  0.    0.    0.    0.    0.    0.    0.    0.    0.    0.    0.    0.
  0.    0.    0.    0.    0.    0.    0.    0.    0.    0.    0.    0.  ]"
4085,27.5,30,0.03,198.0,2023-01-30 17:21:01,0.1,0.2,0.0,"[0. 0. 0. 0. 0. 0. 0. 0. 0. 0. 0. 0. 0. 0. 0. 0. 0. 0. 0. 0. 0. 0. 0. 0.
 0. 0. 0. 0. 0. 0. 0. 0. 0. 0. 0. 0. 0. 0. 0. 0. 0. 0. 0. 0. 0. 0. 0. 0.
 0. 0. 0. 0. 0. 0. 0. 0. 0. 0. 0. 0. 0. 0. 0. 0. 0. 0. 0. 0. 0. 0. 0. 0.
 0. 0. 0. 0. 0. 0. 0. 0. 0. 0. 0. 0. 0. 0. 0. 0. 0. 0. 0. 0. 0. 0. 0. 0.]"
4086,27.5,30,86.42,198.0,2023-01-30 21:55:35,345.7,233.8,3.1,"[3.14 3.14 3.14 3.14 0.   0.   0.   0.   0.   0.   0.   0.   0.   0.
 0.   0.   0.   0.   0.   0.   0.   0.   0.   0.   0.   0.   0.   0.
 0.   0.   0.   0.   0.   0.   0.   0.   0.   0.   0.   0.   0.   0.
 0.   0.   0.   0.   0.   0.   0.   0.   0.   0.   0.   0.   0.   0.
 0.   0.   0.   0.   0.   0.   0.   0.   0.   0.   0.   0.   0.   0.
 0.   0.   0.   0.   0.   0.   0.   0.   0.   0.   0.   0.   0.   0.
 0.   0.   0.   0.   0.   0.   0.   0.   0.   0.   0.   0.  ]"
4087,27.5,30,164.63,198.0,2023-01-31 07:38:43,7572.8,6044.7,68.8,"[6.6  6.6  6.6  6.6  6.6  6.6  6.6  6.6  6.6  6.6  6.6  6.6  6.6  6.6
 6.6  6.6  6.6  6.6  6.6  6.6  6.6  6.6  6.6  6.6  6.6  6.6  6.6  6.6
 6.6  6.6  6.6  6.6  6.6  3.96 3.96 3.96 3.62 3.62 3.62 4.37 4.37 4.37
 4.82 4.82 6.05 6.05 0.   0.   0.   0.   0.   0.   0.   0.   0.   0.
 0.   0.   0.   0.   0.   0.   0.   0.   0.   0.   0.   0.   0.   0.
 0.   0.   0.   0.   0.   0.   0.   0.   0.   0.   0.   0.   0.   0.
 0.   0.   0.   0.   0.   0.   0.   0.   0.   0.   0.   0.  ]"
4088,27.5,30,85.81,198.0,2023-01-31 07:41:52,1630.3,966.3,14.8,"[0.   0.   0.   0.   0.   4.24 4.24 4.24 4.23 4.23 4.23 4.23 4.23 4.23
 4.23 4.23 4.23 4.23 4.23 0.   0.   0.   0.   0.   0.   0.   0.   0.
 0.   0.   0.   0.   0.   0.   0.   0.   0.   0.   0.   0.   0.   0.
 0.   0.   0.   0.   0.   0.   0.   0.   0.   0.   0.   0.   0.   0.
 0.   0.   0.   0.   0.   0.   0.   0.   0.   0.   0.   0.   0.   0.
 0.   0.   0.   0.   0.   0.   0.   0.   0.   0.   0.   0.   0.   0.
 0.   0.   0.   0.   0.   0.   0.   0.   0.   0.   0.   0.  ]"
4089,27.5,30,91.25,198.0,2023-01-31 08:21:50,1460.0,865.4,13.3,"[0.   0.   3.79 3.79 3.79 3.79 3.79 3.79 3.79 3.79 3.79 3.79 3.79 3.79
 3.79 3.79 0.   0.   0.   0.   0.   0.   0.   0.   0.   0.   0.   0.
 0.   0.   0.   0.   0.   0.   0.   0.   0.   0.   0.   0.   0.   0.
 0.   0.   0.   0.   0.   0.   0.   0.   0.   0.   0.   0.   0.   0.
 0.   0.   0.   0.   0.   0.   0.   0.   0.   0.   0.   0.   0.   0.
 0.   0.   0.   0.   0.   0.   0.   0.   0.   0.   0.   0.   0.   0.
 0.   0.   0.   0.   0.   0.   0.   0.   0.   0.   0.   0.  ]"
4090,27.5,30,89.97,198.0,2023-01-31 08:32:55,2969.1,1907.1,27.0,"[0.   2.32 2.32 2.32 2.12 2.12 2.12 2.12 2.12 2.12 2.48 2.48 2.48 2.48
 2.48 5.25 5.25 5.25 5.25 5.25 5.25 5.25 5.25 5.25 5.25 5.25 5.25 5.35
 5.35 0.53 0.53 0.53 0.53 0.   0.   0.   0.   0.   0.   0.   0.   0.
 0.   0.   0.   0.   0.   0.   0.   0.   0.   0.   0.   0.   0.   0.
 0.   0.   0.   0.   0.   0.   0.   0.   0.   0.   0.   0.   0.   0.
 0.   0.   0.   0.   0.   0.   0.   0.   0.   0.   0.   0.   0.   0.
 0.   0.   0.   0.   0.   0.   0.   0.   0.   0.   0.   0.  ]"
4091,27.5,30,65.88,198.0,2023-01-31 08:52:52,2371.8,1519.0,21.6,"[1.49 1.49 1.49 1.27 1.27 1.27 1.27 1.27 1.27 1.54 1.54 1.54 1.54 1.54
 4.64 4.64 4.64 4.64 4.64 4.64 4.64 4.64 4.64 4.64 4.64 4.64 4.83 4.83
 0.15 0.15 0.15 0.14 0.14 0.14 0.12 0.12 0.   0.   0.   0.   0.   0.
 0.   0.   0.   0.   0.   0.   0.   0.   0.   0.   0.   0.   0.   0.
 0.   0.   0.   0.   0.   0.   0.   0.   0.   0.   0.   0.   0.   0.
 0.   0.   0.   0.   0.   0.   0.   0.   0.   0.   0.   0.   0.   0.
 0.   0.   0.   0.   0.   0.   0.   0.   0.   0.   0.   0.  ]"
4092,27.5,30,15.98,198.0,2023-01-31 08:56:17,415.5,255.3,3.8,"[0.78 0.78 0.78 0.42 0.42 0.42 0.42 0.42 0.42 0.47 0.47 0.47 0.47 0.47
 0.66 0.66 0.66 0.66 0.66 0.66 0.66 0.66 0.66 0.66 0.66 0.66 0.   0.
 0.   0.   0.   0.   0.   0.   0.   0.   0.   0.   0.   0.   0.   0.
 0.   0.   0.   0.   0.   0.   0.   0.   0.   0.   0.   0.   0.   0.
 0.   0.   0.   0.   0.   0.   0.   0.   0.   0.   0.   0.   0.   0.
 0.   0.   0.   0.   0.   0.   0.   0.   0.   0.   0.   0.   0.   0.
 0.   0.   0.   0.   0.   0.   0.   0.   0.   0.   0.   0.  ]"
4093,27.5,30,82.34,198.0,2023-01-31 09:42:06,2141.0,1326.6,19.5,"[ 4.88  4.88  4.88  4.88  4.88  4.88  1.07  1.07  1.07  1.07  1.07  3.04
  3.04  3.04  3.04  3.04  3.04  3.04  3.04  3.04  3.04  3.04  3.04  3.4
  3.4  -0.    0.    0.    0.    0.    0.    0.    0.    0.    0.    0.
  0.    0.    0.    0.    0.    0.    0.    0.    0.    0.    0.    0.
  0.    0.    0.    0.    0.    0.    0.    0.    0.    0.    0.    0.
  0.    0.    0.    0.    0.    0.    0.    0.    0.    0.    0.    0.
  0.    0.    0.    0.    0.    0.    0.    0.    0.    0.    0.    0.
  0.    0.    0.    0.    0.    0.    0.    0.    0.    0.    0.    0.  ]"
4094,10.0,30,32.52,198.0,2023-01-31 11:01:57,162.6,265.0,4.1,"[3.25 3.25 3.25 3.25 3.25 0.   0.   0.   0.   0.   0.   0.   0.   0.
 0.   0.   0.   0.   0.   0.   0.   0.   0.   0.   0.   0.   0.   0.
 0.   0.   0.   0.   0.   0.   0.   0.   0.   0.   0.   0.   0.   0.
 0.   0.   0.   0.   0.   0.   0.   0.   0.   0.   0.   0.   0.   0.
 0.   0.   0.   0.   0.   0.   0.   0.   0.   0.   0.   0.   0.   0.
 0.   0.   0.   0.   0.   0.   0.   0.   0.   0.   0.   0.   0.   0.
 0.   0.   0.   0.   0.   0.   0.   0.   0.   0.   0.   0.  ]"
4095,27.5,30,74.92,198.0,2023-01-31 15:52:44,449.5,652.2,4.1,"[3.03 3.03 3.03 2.42 2.42 2.42 0.   0.   0.   0.   0.   0.   0.   0.
 0.   0.   0.   0.   0.   0.   0.   0.   0.   0.   0.   0.   0.   0.
 0.   0.   0.   0.   0.   0.   0.   0.   0.   0.   0.   0.   0.   0.
 0.   0.   0.   0.   0.   0.   0.   0.   0.   0.   0.   0.   0.   0.
 0.   0.   0.   0.   0.   0.   0.   0.   0.   0.   0.   0.   0.   0.
 0.   0.   0.   0.   0.   0.   0.   0.   0.   0.   0.   0.   0.   0.
 0.   0.   0.   0.   0.   0.   0.   0.   0.   0.   0.   0.  ]"
4096,27.5,30,80.57,198.0,2023-01-31 16:33:45,644.6,935.2,5.9,"[2.17 2.17 2.17 3.11 3.11 3.11 3.79 3.79 0.   0.   0.   0.   0.   0.
 0.   0.   0.   0.   0.   0.   0.   0.   0.   0.   0.   0.   0.   0.
 0.   0.   0.   0.   0.   0.   0.   0.   0.   0.   0.   0.   0.   0.
 0.   0.   0.   0.   0.   0.   0.   0.   0.   0.   0.   0.   0.   0.
 0.   0.   0.   0.   0.   0.   0.   0.   0.   0.   0.   0.   0.   0.
 0.   0.   0.   0.   0.   0.   0.   0.   0.   0.   0.   0.   0.   0.
 0.   0.   0.   0.   0.   0.   0.   0.   0.   0.   0.   0.  ]"
4097,27.5,30,39.44,198.0,2023-01-31 16:39:10,236.6,343.3,2.2,"[1.63 1.63 1.63 1.24 1.24 1.24 0.   0.   0.   0.   0.   0.   0.   0.
 0.   0.   0.   0.   0.   0.   0.   0.   0.   0.   0.   0.   0.   0.
 0.   0.   0.   0.   0.   0.   0.   0.   0.   0.   0.   0.   0.   0.
 0.   0.   0.   0.   0.   0.   0.   0.   0.   0.   0.   0.   0.   0.
 0.   0.   0.   0.   0.   0.   0.   0.   0.   0.   0.   0.   0.   0.
 0.   0.   0.   0.   0.   0.   0.   0.   0.   0.   0.   0.   0.   0.
 0.   0.   0.   0.   0.   0.   0.   0.   0.   0.   0.   0.  ]"
4098,27.5,30,90.59,198.0,2023-01-31 17:16:40,724.7,1051.5,6.6,"[2.34 2.34 2.34 2.46 2.46 4.27 4.27 5.88 0.   0.   0.   0.   0.   0.
 0.   0.   0.   0.   0.   0.   0.   0.   0.   0.   0.   0.   0.   0.
 0.   0.   0.   0.   0.   0.   0.   0.   0.   0.   0.   0.   0.   0.
 0.   0.   0.   0.   0.   0.   0.   0.   0.   0.   0.   0.   0.   0.
 0.   0.   0.   0.   0.   0.   0.   0.   0.   0.   0.   0.   0.   0.
 0.   0.   0.   0.   0.   0.   0.   0.   0.   0.   0.   0.   0.   0.
 0.   0.   0.   0.   0.   0.   0.   0.   0.   0.   0.   0.  ]"
4099,27.5,30,94.34,198.0,2023-01-31 22:17:00,283.0,191.4,2.6,"[3.43 3.43 3.43 0.   0.   0.   0.   0.   0.   0.   0.   0.   0.   0.
 0.   0.   0.   0.   0.   0.   0.   0.   0.   0.   0.   0.   0.   0.
 0.   0.   0.   0.   0.   0.   0.   0.   0.   0.   0.   0.   0.   0.
 0.   0.   0.   0.   0.   0.   0.   0.   0.   0.   0.   0.   0.   0.
 0.   0.   0.   0.   0.   0.   0.   0.   0.   0.   0.   0.   0.   0.
 0.   0.   0.   0.   0.   0.   0.   0.   0.   0.   0.   0.   0.   0.
 0.   0.   0.   0.   0.   0.   0.   0.   0.   0.   0.   0.  ]"
