dcosId,z_sch,z_reg,hourly_scheduled_price,hourly_regular_price,start_time,charging_revenue,TOU_cost,energy_delivered,power_profile
3854,27.5,30,92.44,198.0,2023-01-02 10:21:06,1756.3,1041.0,16.0,"[3.61 4.63 4.63 4.63 4.63 4.63 4.63 4.63 4.63 4.63 4.63 4.63 4.63 4.63
 0.   0.   0.   0.   0.   0.   0.   0.   0.   0.   0.   0.   0.   0.
 0.   0.   0.   0.   0.   0.   0.   0.   0.   0.   0.   0.   0.   0.
 0.   0.   0.   0.   0.   0.   0.   0.   0.   0.   0.   0.   0.   0.
 0.   0.   0.   0.   0.   0.   0.   0.   0.   0.   0.   0.   0.   0.
 0.   0.   0.   0.   0.   0.   0.   0.   0.   0.   0.   0.   0.   0.
 0.   0.   0.   0.   0.   0.   0.   0.   0.   0.   0.   0.  ]"
3855,27.5,30,89.52,198.0,2023-01-02 10:31:41,1253.3,742.9,11.4,"[ 3.51  3.51  3.51  3.51  3.51  3.51  3.51  3.51  3.51  3.51  3.51  3.51
  3.51  0.   -0.   -0.   -0.   -0.   -0.   -0.   -0.   -0.   -0.   -0.
 -0.   -0.   -0.   -0.   -0.   -0.   -0.   -0.   -0.   -0.   -0.   -0.
 -0.   -0.   -0.   -0.   -0.   -0.   -0.   -0.   -0.   -0.   -0.   -0.
 -0.   -0.   -0.   -0.   -0.   -0.   -0.   -0.   -0.   -0.   -0.   -0.
 -0.   -0.   -0.   -0.   -0.   -0.   -0.   -0.   -0.   -0.   -0.   -0.
 -0.   -0.   -0.   -0.   -0.   -0.   -0.   -0.   -0.   -0.   -0.   -0.
 -0.   -0.   -0.   -0.   -0.   -0.   -0.   -0.   -0.   -0.   -0.   -0.  ]"
3856,27.5,30,93.89,198.0,2023-01-02 10:39:57,1690.0,1077.6,15.4,"[2.19 2.19 2.19 2.19 2.19 2.19 2.19 2.19 2.19 2.19 2.19 2.19 2.19 6.6
 6.6  6.6  6.6  6.6  0.   0.   0.   0.   0.   0.   0.   0.   0.   0.
 0.   0.   0.   0.   0.   0.   0.   0.   0.   0.   0.   0.   0.   0.
 0.   0.   0.   0.   0.   0.   0.   0.   0.   0.   0.   0.   0.   0.
 0.   0.   0.   0.   0.   0.   0.   0.   0.   0.   0.   0.   0.   0.
 0.   0.   0.   0.   0.   0.   0.   0.   0.   0.   0.   0.   0.   0.
 0.   0.   0.   0.   0.   0.   0.   0.   0.   0.   0.   0.  ]"
3858,27.5,30,35.17,198.0,2023-01-03 06:20:28,281.3,190.3,2.6,"[1.28 1.28 1.28 1.28 1.28 1.28 1.28 1.28 0.   0.   0.   0.   0.   0.
 0.   0.   0.   0.   0.   0.   0.   0.   0.   0.   0.   0.   0.   0.
 0.   0.   0.   0.   0.   0.   0.   0.   0.   0.   0.   0.   0.   0.
 0.   0.   0.   0.   0.   0.   0.   0.   0.   0.   0.   0.   0.   0.
 0.   0.   0.   0.   0.   0.   0.   0.   0.   0.   0.   0.   0.   0.
 0.   0.   0.   0.   0.   0.   0.   0.   0.   0.   0.   0.   0.   0.
 0.   0.   0.   0.   0.   0.   0.   0.   0.   0.   0.   0.  ]"
3859,27.5,30,92.72,198.0,2023-01-03 08:56:37,2688.8,1641.9,24.4,"[5.16 5.16 5.16 5.16 5.16 4.82 4.82 4.82 4.82 4.82 4.82 4.82 4.82 1.78
 1.78 1.78 1.78 1.78 1.78 1.78 1.78 1.78 1.78 1.78 1.78 1.78 5.14 5.14
 0.   0.   0.   0.   0.   0.   0.   0.   0.   0.   0.   0.   0.   0.
 0.   0.   0.   0.   0.   0.   0.   0.   0.   0.   0.   0.   0.   0.
 0.   0.   0.   0.   0.   0.   0.   0.   0.   0.   0.   0.   0.   0.
 0.   0.   0.   0.   0.   0.   0.   0.   0.   0.   0.   0.   0.   0.
 0.   0.   0.   0.   0.   0.   0.   0.   0.   0.   0.   0.  ]"
3860,27.5,30,90.19,198.0,2023-01-03 10:14:40,1893.9,1173.5,17.2,"[ 2.62  2.62  2.62  2.62  2.62  2.62  2.62  2.62  3.68  3.68  3.68  3.68
  3.68  3.68  3.68  3.69  3.69  3.69  3.69  3.69  3.69 -0.   -0.   -0.
 -0.   -0.   -0.   -0.   -0.   -0.   -0.   -0.   -0.   -0.   -0.   -0.
 -0.   -0.   -0.   -0.   -0.   -0.   -0.   -0.   -0.   -0.   -0.   -0.
 -0.   -0.   -0.   -0.   -0.   -0.   -0.   -0.   -0.   -0.   -0.   -0.
 -0.   -0.   -0.   -0.   -0.   -0.   -0.   -0.   -0.   -0.   -0.   -0.
 -0.   -0.   -0.   -0.   -0.   -0.   -0.   -0.   -0.   -0.   -0.   -0.
 -0.   -0.   -0.   -0.   -0.   -0.   -0.   -0.   -0.   -0.   -0.   -0.  ]"
3861,27.5,30,87.88,198.0,2023-01-03 12:06:44,2021.2,1282.5,18.4,"[5.25 5.25 5.25 5.25 5.25 5.25 5.25 5.25 5.25 5.25 5.25 5.25 5.25 2.62
 2.62 0.   0.   0.   0.   0.   0.   0.   0.   0.   0.   0.   0.   0.
 0.   0.   0.   0.   0.   0.   0.   0.   0.   0.   0.   0.   0.   0.
 0.   0.   0.   0.   0.   0.   0.   0.   0.   0.   0.   0.   0.   0.
 0.   0.   0.   0.   0.   0.   0.   0.   0.   0.   0.   0.   0.   0.
 0.   0.   0.   0.   0.   0.   0.   0.   0.   0.   0.   0.   0.   0.
 0.   0.   0.   0.   0.   0.   0.   0.   0.   0.   0.   0.  ]"
3862,27.5,30,85.05,198.0,2023-01-03 15:24:24,935.5,1076.2,8.5,"[6.6  6.6  2.28 2.32 2.32 2.32 2.32 2.32 2.32 2.32 2.33 0.   0.   0.
 0.   0.   0.   0.   0.   0.   0.   0.   0.   0.   0.   0.   0.   0.
 0.   0.   0.   0.   0.   0.   0.   0.   0.   0.   0.   0.   0.   0.
 0.   0.   0.   0.   0.   0.   0.   0.   0.   0.   0.   0.   0.   0.
 0.   0.   0.   0.   0.   0.   0.   0.   0.   0.   0.   0.   0.   0.
 0.   0.   0.   0.   0.   0.   0.   0.   0.   0.   0.   0.   0.   0.
 0.   0.   0.   0.   0.   0.   0.   0.   0.   0.   0.   0.  ]"
3863,27.5,30,47.09,198.0,2023-01-04 06:22:36,282.5,191.1,2.6,"[ 1.71  1.71  1.71  1.71  1.71  1.71 -0.   -0.   -0.   -0.   -0.   -0.
 -0.   -0.   -0.   -0.   -0.   -0.   -0.   -0.   -0.   -0.   -0.   -0.
 -0.   -0.   -0.   -0.   -0.   -0.   -0.   -0.   -0.   -0.   -0.   -0.
 -0.   -0.   -0.   -0.   -0.   -0.   -0.   -0.   -0.   -0.   -0.   -0.
 -0.   -0.   -0.   -0.   -0.   -0.   -0.   -0.   -0.   -0.   -0.   -0.
 -0.   -0.   -0.   -0.   -0.   -0.   -0.   -0.   -0.   -0.   -0.   -0.
 -0.   -0.   -0.   -0.   -0.   -0.   -0.   -0.   -0.   -0.   -0.   -0.
 -0.   -0.   -0.   -0.   -0.   -0.   -0.   -0.   -0.   -0.   -0.   -0.  ]"
3864,27.5,30,181.5,198.0,2023-01-04 07:48:17,6534.0,4678.1,59.4,"[6.6 6.6 6.6 6.6 6.6 6.6 6.6 6.6 6.6 6.6 6.6 6.6 6.6 6.6 6.6 6.6 6.6 6.6
 6.6 6.6 6.6 6.6 6.6 6.6 6.6 6.6 6.6 6.6 6.6 6.6 6.6 6.6 6.6 6.6 6.6 6.6
 0.  0.  0.  0.  0.  0.  0.  0.  0.  0.  0.  0.  0.  0.  0.  0.  0.  0.
 0.  0.  0.  0.  0.  0.  0.  0.  0.  0.  0.  0.  0.  0.  0.  0.  0.  0.
 0.  0.  0.  0.  0.  0.  0.  0.  0.  0.  0.  0.  0.  0.  0.  0.  0.  0.
 0.  0.  0.  0.  0.  0. ]"
3865,27.5,30,46.46,198.0,2023-01-04 08:26:36,743.3,448.9,6.8,"[1.8  1.8  1.67 1.67 1.67 1.67 1.67 1.67 1.67 1.67 1.67 1.67 1.67 1.67
 1.67 1.67 0.   0.   0.   0.   0.   0.   0.   0.   0.   0.   0.   0.
 0.   0.   0.   0.   0.   0.   0.   0.   0.   0.   0.   0.   0.   0.
 0.   0.   0.   0.   0.   0.   0.   0.   0.   0.   0.   0.   0.   0.
 0.   0.   0.   0.   0.   0.   0.   0.   0.   0.   0.   0.   0.   0.
 0.   0.   0.   0.   0.   0.   0.   0.   0.   0.   0.   0.   0.   0.
 0.   0.   0.   0.   0.   0.   0.   0.   0.   0.   0.   0.  ]"
3866,27.5,30,81.96,198.0,2023-01-04 08:59:28,1311.4,777.3,11.9,"[ 2.77  2.77  2.77  2.77  2.77  2.77  2.77  2.77  2.77  2.77  2.77  2.77
  2.77  2.77  4.44  4.44 -0.   -0.   -0.   -0.   -0.   -0.   -0.   -0.
 -0.   -0.   -0.   -0.   -0.   -0.   -0.   -0.   -0.   -0.   -0.   -0.
 -0.   -0.   -0.   -0.   -0.   -0.   -0.   -0.   -0.   -0.   -0.   -0.
 -0.   -0.   -0.   -0.   -0.   -0.   -0.   -0.   -0.   -0.   -0.   -0.
 -0.   -0.   -0.   -0.   -0.   -0.   -0.   -0.   -0.   -0.   -0.   -0.
 -0.   -0.   -0.   -0.   -0.   -0.   -0.   -0.   -0.   -0.   -0.   -0.
 -0.   -0.   -0.   -0.   -0.   -0.   -0.   -0.   -0.   -0.   -0.   -0.  ]"
3868,27.5,30,89.77,198.0,2023-01-04 12:32:15,1436.4,925.3,13.1,"[ 4.02  4.02  4.02  4.02  4.02  4.02  4.02  4.02  4.02  4.02  4.02  4.02
  4.02  0.    0.    0.   -0.   -0.   -0.   -0.   -0.   -0.   -0.   -0.
 -0.   -0.   -0.   -0.   -0.   -0.   -0.   -0.   -0.   -0.   -0.   -0.
 -0.   -0.   -0.   -0.   -0.   -0.   -0.   -0.   -0.   -0.   -0.   -0.
 -0.   -0.   -0.   -0.   -0.   -0.   -0.   -0.   -0.   -0.   -0.   -0.
 -0.   -0.   -0.   -0.   -0.   -0.   -0.   -0.   -0.   -0.   -0.   -0.
 -0.   -0.   -0.   -0.   -0.   -0.   -0.   -0.   -0.   -0.   -0.   -0.
 -0.   -0.   -0.   -0.   -0.   -0.   -0.   -0.   -0.   -0.   -0.   -0.  ]"
3869,27.5,30,138.29,198.0,2023-01-05 06:19:10,968.0,654.7,8.8,"[5.03 5.03 5.03 5.03 5.03 5.03 5.03 0.   0.   0.   0.   0.   0.   0.
 0.   0.   0.   0.   0.   0.   0.   0.   0.   0.   0.   0.   0.   0.
 0.   0.   0.   0.   0.   0.   0.   0.   0.   0.   0.   0.   0.   0.
 0.   0.   0.   0.   0.   0.   0.   0.   0.   0.   0.   0.   0.   0.
 0.   0.   0.   0.   0.   0.   0.   0.   0.   0.   0.   0.   0.   0.
 0.   0.   0.   0.   0.   0.   0.   0.   0.   0.   0.   0.   0.   0.
 0.   0.   0.   0.   0.   0.   0.   0.   0.   0.   0.   0.  ]"
3870,27.5,30,45.12,198.0,2023-01-05 07:39:15,1579.2,942.6,14.4,"[0.   0.   0.   0.   0.   2.87 2.72 2.72 2.72 2.72 2.72 2.72 2.72 2.72
 2.72 2.72 2.72 2.72 2.72 2.72 2.72 2.72 2.72 2.72 2.72 0.   0.   0.
 0.   0.   0.96 0.96 0.96 0.   0.   0.   0.   0.   0.   0.   0.   0.
 0.   0.   0.   0.   0.   0.   0.   0.   0.   0.   0.   0.   0.   0.
 0.   0.   0.   0.   0.   0.   0.   0.   0.   0.   0.   0.   0.   0.
 0.   0.   0.   0.   0.   0.   0.   0.   0.   0.   0.   0.   0.   0.
 0.   0.   0.   0.   0.   0.   0.   0.   0.   0.   0.   0.  ]"
3871,27.5,30,90.3,198.0,2023-01-05 09:03:50,1264.2,749.3,11.5,"[3.28 3.28 3.28 3.28 3.28 3.28 3.28 3.28 3.28 3.28 3.28 3.28 3.28 3.28
 0.   0.   0.   0.   0.   0.   0.   0.   0.   0.   0.   0.   0.   0.
 0.   0.   0.   0.   0.   0.   0.   0.   0.   0.   0.   0.   0.   0.
 0.   0.   0.   0.   0.   0.   0.   0.   0.   0.   0.   0.   0.   0.
 0.   0.   0.   0.   0.   0.   0.   0.   0.   0.   0.   0.   0.   0.
 0.   0.   0.   0.   0.   0.   0.   0.   0.   0.   0.   0.   0.   0.
 0.   0.   0.   0.   0.   0.   0.   0.   0.   0.   0.   0.  ]"
3872,27.5,30,92.58,198.0,2023-01-05 15:06:51,1018.4,1055.8,9.3,"[6.6  6.6  6.6  2.15 2.15 2.15 2.15 2.15 2.15 2.15 2.15 0.   0.   0.
 0.   0.   0.   0.   0.   0.   0.   0.   0.   0.   0.   0.   0.   0.
 0.   0.   0.   0.   0.   0.   0.   0.   0.   0.   0.   0.   0.   0.
 0.   0.   0.   0.   0.   0.   0.   0.   0.   0.   0.   0.   0.   0.
 0.   0.   0.   0.   0.   0.   0.   0.   0.   0.   0.   0.   0.   0.
 0.   0.   0.   0.   0.   0.   0.   0.   0.   0.   0.   0.   0.   0.
 0.   0.   0.   0.   0.   0.   0.   0.   0.   0.   0.   0.  ]"
3873,27.5,30,108.11,198.0,2023-01-06 07:39:24,3784.0,2281.2,34.4,"[0.73 0.73 0.73 0.95 0.95 6.6  6.6  6.6  6.6  6.6  6.6  6.6  6.6  6.6
 6.6  6.6  6.6  6.6  6.6  6.6  6.6  6.6  6.6  1.06 1.06 1.07 1.07 1.07
 1.55 1.55 1.55 1.55 3.18 0.   0.   0.   0.   0.   0.   0.   0.   0.
 0.   0.   0.   0.   0.   0.   0.   0.   0.   0.   0.   0.   0.   0.
 0.   0.   0.   0.   0.   0.   0.   0.   0.   0.   0.   0.   0.   0.
 0.   0.   0.   0.   0.   0.   0.   0.   0.   0.   0.   0.   0.   0.
 0.   0.   0.   0.   0.   0.   0.   0.   0.   0.   0.   0.  ]"
3874,27.5,30,82.28,198.0,2023-01-06 07:40:46,1398.8,874.7,12.7,"[6.6  6.6  6.6  0.   0.   2.26 2.65 2.61 2.61 2.62 2.62 2.62 2.62 2.62
 2.62 2.62 2.62 0.   0.   0.   0.   0.   0.   0.   0.   0.   0.   0.
 0.   0.   0.   0.   0.   0.   0.   0.   0.   0.   0.   0.   0.   0.
 0.   0.   0.   0.   0.   0.   0.   0.   0.   0.   0.   0.   0.   0.
 0.   0.   0.   0.   0.   0.   0.   0.   0.   0.   0.   0.   0.   0.
 0.   0.   0.   0.   0.   0.   0.   0.   0.   0.   0.   0.   0.   0.
 0.   0.   0.   0.   0.   0.   0.   0.   0.   0.   0.   0.  ]"
3875,27.5,30,53.01,198.0,2023-01-06 08:21:48,1696.3,1018.0,15.4,"[0.   0.   2.37 2.08 2.57 2.57 2.82 2.82 2.82 2.84 2.84 2.84 2.84 2.84
 3.8  3.8  3.8  3.8  3.8  3.8  0.58 0.58 0.58 0.58 0.58 0.69 0.69 0.69
 0.69 0.94 0.   0.   0.   0.   0.   0.   0.   0.   0.   0.   0.   0.
 0.   0.   0.   0.   0.   0.   0.   0.   0.   0.   0.   0.   0.   0.
 0.   0.   0.   0.   0.   0.   0.   0.   0.   0.   0.   0.   0.   0.
 0.   0.   0.   0.   0.   0.   0.   0.   0.   0.   0.   0.   0.   0.
 0.   0.   0.   0.   0.   0.   0.   0.   0.   0.   0.   0.  ]"
3876,27.5,30,89.56,198.0,2023-01-06 09:05:02,2328.6,1397.0,21.2,"[ 4.71  3.99  3.99  4.23  4.23  4.23  4.22  4.22  4.22  4.22  4.22  4.85
  4.85  4.85  4.85  4.85  4.85  0.89  0.89  0.89  0.89  0.89  1.16  1.16
  1.16  1.16 -0.   -0.   -0.   -0.   -0.   -0.   -0.   -0.   -0.   -0.
 -0.   -0.   -0.   -0.   -0.   -0.   -0.   -0.   -0.   -0.   -0.   -0.
 -0.   -0.   -0.   -0.   -0.   -0.   -0.   -0.   -0.   -0.   -0.   -0.
 -0.   -0.   -0.   -0.   -0.   -0.   -0.   -0.   -0.   -0.   -0.   -0.
 -0.   -0.   -0.   -0.   -0.   -0.   -0.   -0.   -0.   -0.   -0.   -0.
 -0.   -0.   -0.   -0.   -0.   -0.   -0.   -0.   -0.   -0.   -0.   -0.  ]"
3877,27.5,30,90.71,198.0,2023-01-06 09:17:37,1904.8,1139.7,17.3,"[4.09 4.09 3.36 3.36 3.36 3.46 3.46 3.46 3.46 3.46 4.34 4.34 4.34 4.34
 4.34 4.34 1.54 1.54 1.54 1.54 1.54 0.   0.   0.   0.   0.   0.   0.
 0.   0.   0.   0.   0.   0.   0.   0.   0.   0.   0.   0.   0.   0.
 0.   0.   0.   0.   0.   0.   0.   0.   0.   0.   0.   0.   0.   0.
 0.   0.   0.   0.   0.   0.   0.   0.   0.   0.   0.   0.   0.   0.
 0.   0.   0.   0.   0.   0.   0.   0.   0.   0.   0.   0.   0.   0.
 0.   0.   0.   0.   0.   0.   0.   0.   0.   0.   0.   0.  ]"
3878,27.5,30,93.05,198.0,2023-01-06 09:52:23,2140.1,1283.4,19.5,"[ 2.34  2.34  2.34  5.62  5.62  5.62  5.62  5.62  5.77  5.77  5.77  5.77
  5.77  5.77  0.8   0.8   0.8   0.8   0.8   1.02  1.02  1.02  1.02 -0.
 -0.   -0.   -0.   -0.   -0.   -0.   -0.   -0.   -0.   -0.   -0.   -0.
 -0.   -0.   -0.   -0.   -0.   -0.   -0.   -0.   -0.   -0.   -0.   -0.
 -0.   -0.   -0.   -0.   -0.   -0.   -0.   -0.   -0.   -0.   -0.   -0.
 -0.   -0.   -0.   -0.   -0.   -0.   -0.   -0.   -0.   -0.   -0.   -0.
 -0.   -0.   -0.   -0.   -0.   -0.   -0.   -0.   -0.   -0.   -0.   -0.
 -0.   -0.   -0.   -0.   -0.   -0.   -0.   -0.   -0.   -0.   -0.   -0.  ]"
3879,27.5,30,74.95,198.0,2023-01-06 10:39:35,1573.8,1031.9,14.3,"[ 0.37  0.37  0.37  0.37  0.37  0.37  0.37  0.37  0.37  0.37  0.37  5.07
  5.07  5.06  5.06  5.06  5.51  5.51  5.51  5.51  5.82 -0.   -0.   -0.
 -0.   -0.   -0.   -0.   -0.   -0.   -0.   -0.   -0.   -0.   -0.   -0.
 -0.   -0.   -0.   -0.   -0.   -0.   -0.   -0.   -0.   -0.   -0.   -0.
 -0.   -0.   -0.   -0.   -0.   -0.   -0.   -0.   -0.   -0.   -0.   -0.
 -0.   -0.   -0.   -0.   -0.   -0.   -0.   -0.   -0.   -0.   -0.   -0.
 -0.   -0.   -0.   -0.   -0.   -0.   -0.   -0.   -0.   -0.   -0.   -0.
 -0.   -0.   -0.   -0.   -0.   -0.   -0.   -0.   -0.   -0.   -0.   -0.  ]"
3880,27.5,30,65.29,198.0,2023-01-06 13:29:11,848.8,559.9,7.7,"[ 3.09  3.09  3.09  3.09  3.09  3.09  3.09  3.09  3.09  3.09  0.    0.
  0.   -0.   -0.   -0.   -0.   -0.   -0.   -0.   -0.   -0.   -0.   -0.
 -0.   -0.   -0.   -0.   -0.   -0.   -0.   -0.   -0.   -0.   -0.   -0.
 -0.   -0.   -0.   -0.   -0.   -0.   -0.   -0.   -0.   -0.   -0.   -0.
 -0.   -0.   -0.   -0.   -0.   -0.   -0.   -0.   -0.   -0.   -0.   -0.
 -0.   -0.   -0.   -0.   -0.   -0.   -0.   -0.   -0.   -0.   -0.   -0.
 -0.   -0.   -0.   -0.   -0.   -0.   -0.   -0.   -0.   -0.   -0.   -0.
 -0.   -0.   -0.   -0.   -0.   -0.   -0.   -0.   -0.   -0.   -0.   -0.  ]"
3881,27.5,30,103.71,198.0,2023-01-06 18:50:49,1348.3,1253.3,12.3,"[2.  2.  2.  2.  2.  2.  2.  2.  6.6 6.6 6.6 6.6 6.6 0.  0.  0.  0.  0.
 0.  0.  0.  0.  0.  0.  0.  0.  0.  0.  0.  0.  0.  0.  0.  0.  0.  0.
 0.  0.  0.  0.  0.  0.  0.  0.  0.  0.  0.  0.  0.  0.  0.  0.  0.  0.
 0.  0.  0.  0.  0.  0.  0.  0.  0.  0.  0.  0.  0.  0.  0.  0.  0.  0.
 0.  0.  0.  0.  0.  0.  0.  0.  0.  0.  0.  0.  0.  0.  0.  0.  0.  0.
 0.  0.  0.  0.  0.  0. ]"
3882,27.5,30,181.5,198.0,2023-01-07 07:59:07,3267.0,1997.2,29.7,"[6.6 6.6 6.6 6.6 6.6 6.6 6.6 6.6 6.6 6.6 6.6 6.6 6.6 6.6 6.6 6.6 6.6 6.6
 0.  0.  0.  0.  0.  0.  0.  0.  0.  0.  0.  0.  0.  0.  0.  0.  0.  0.
 0.  0.  0.  0.  0.  0.  0.  0.  0.  0.  0.  0.  0.  0.  0.  0.  0.  0.
 0.  0.  0.  0.  0.  0.  0.  0.  0.  0.  0.  0.  0.  0.  0.  0.  0.  0.
 0.  0.  0.  0.  0.  0.  0.  0.  0.  0.  0.  0.  0.  0.  0.  0.  0.  0.
 0.  0.  0.  0.  0.  0. ]"
3884,27.5,30,116.68,198.0,2023-01-07 17:04:27,1400.2,2031.5,12.7,"[4.24 4.24 4.24 4.24 4.24 4.24 4.24 4.24 4.24 4.24 4.24 4.24 0.   0.
 0.   0.   0.   0.   0.   0.   0.   0.   0.   0.   0.   0.   0.   0.
 0.   0.   0.   0.   0.   0.   0.   0.   0.   0.   0.   0.   0.   0.
 0.   0.   0.   0.   0.   0.   0.   0.   0.   0.   0.   0.   0.   0.
 0.   0.   0.   0.   0.   0.   0.   0.   0.   0.   0.   0.   0.   0.
 0.   0.   0.   0.   0.   0.   0.   0.   0.   0.   0.   0.   0.   0.
 0.   0.   0.   0.   0.   0.   0.   0.   0.   0.   0.   0.  ]"
3885,27.5,30,30.62,198.0,2023-01-07 23:27:35,183.7,124.3,1.7,"[1.11 1.11 1.11 1.11 1.11 1.11 0.   0.   0.   0.   0.   0.   0.   0.
 0.   0.   0.   0.   0.   0.   0.   0.   0.   0.   0.   0.   0.   0.
 0.   0.   0.   0.   0.   0.   0.   0.   0.   0.   0.   0.   0.   0.
 0.   0.   0.   0.   0.   0.   0.   0.   0.   0.   0.   0.   0.   0.
 0.   0.   0.   0.   0.   0.   0.   0.   0.   0.   0.   0.   0.   0.
 0.   0.   0.   0.   0.   0.   0.   0.   0.   0.   0.   0.   0.   0.
 0.   0.   0.   0.   0.   0.   0.   0.   0.   0.   0.   0.  ]"
3886,27.5,30,90.63,198.0,2023-01-08 10:06:59,2084.5,1235.5,18.9,"[5.05 5.05 5.05 5.05 5.05 5.05 5.05 5.05 5.05 5.05 5.05 5.05 5.05 5.05
 5.05 0.   0.   0.   0.   0.   0.   0.   0.   0.   0.   0.   0.   0.
 0.   0.   0.   0.   0.   0.   0.   0.   0.   0.   0.   0.   0.   0.
 0.   0.   0.   0.   0.   0.   0.   0.   0.   0.   0.   0.   0.   0.
 0.   0.   0.   0.   0.   0.   0.   0.   0.   0.   0.   0.   0.   0.
 0.   0.   0.   0.   0.   0.   0.   0.   0.   0.   0.   0.   0.   0.
 0.   0.   0.   0.   0.   0.   0.   0.   0.   0.   0.   0.  ]"
3888,27.5,30,90.27,198.0,2023-01-08 14:44:52,1354.1,1261.7,12.3,"[ 6.6   6.6   6.6   6.6   6.6   1.62  1.62  1.62  1.62  1.62  1.62  1.62
  1.62  1.62  1.62 -0.   -0.   -0.   -0.   -0.   -0.   -0.   -0.   -0.
 -0.   -0.   -0.   -0.   -0.   -0.   -0.   -0.   -0.   -0.   -0.   -0.
 -0.   -0.   -0.   -0.   -0.   -0.   -0.   -0.   -0.   -0.   -0.   -0.
 -0.   -0.   -0.   -0.   -0.   -0.   -0.   -0.   -0.   -0.   -0.   -0.
 -0.   -0.   -0.   -0.   -0.   -0.   -0.   -0.   -0.   -0.   -0.   -0.
 -0.   -0.   -0.   -0.   -0.   -0.   -0.   -0.   -0.   -0.   -0.   -0.
 -0.   -0.   -0.   -0.   -0.   -0.   -0.   -0.   -0.   -0.   -0.   -0.  ]"
3891,27.5,30,105.87,198.0,2023-01-09 06:50:35,847.0,572.9,7.7,"[ 4.4   4.4   4.4   4.4   4.4   2.93  2.93  2.93 -0.   -0.   -0.   -0.
 -0.   -0.   -0.   -0.   -0.   -0.   -0.   -0.   -0.   -0.   -0.   -0.
 -0.   -0.   -0.   -0.   -0.   -0.   -0.   -0.   -0.   -0.   -0.   -0.
 -0.   -0.   -0.   -0.   -0.   -0.   -0.   -0.   -0.   -0.   -0.   -0.
 -0.   -0.   -0.   -0.   -0.   -0.   -0.   -0.   -0.   -0.   -0.   -0.
 -0.   -0.   -0.   -0.   -0.   -0.   -0.   -0.   -0.   -0.   -0.   -0.
 -0.   -0.   -0.   -0.   -0.   -0.   -0.   -0.   -0.   -0.   -0.   -0.
 -0.   -0.   -0.   -0.   -0.   -0.   -0.   -0.   -0.   -0.   -0.   -0.  ]"
3892,27.5,30,181.5,198.0,2023-01-09 08:06:24,6715.5,5082.0,61.0,"[6.6 6.6 6.6 6.6 6.6 6.6 6.6 6.6 6.6 6.6 6.6 6.6 6.6 6.6 6.6 6.6 6.6 6.6
 6.6 6.6 6.6 6.6 6.6 6.6 6.6 6.6 6.6 6.6 6.6 6.6 6.6 6.6 6.6 6.6 6.6 6.6
 6.6 0.  0.  0.  0.  0.  0.  0.  0.  0.  0.  0.  0.  0.  0.  0.  0.  0.
 0.  0.  0.  0.  0.  0.  0.  0.  0.  0.  0.  0.  0.  0.  0.  0.  0.  0.
 0.  0.  0.  0.  0.  0.  0.  0.  0.  0.  0.  0.  0.  0.  0.  0.  0.  0.
 0.  0.  0.  0.  0.  0. ]"
3893,27.5,30,96.5,198.0,2023-01-09 08:26:50,2798.4,1696.3,25.4,"[ 0.    0.    5.31  5.04  5.04  5.04  5.04  5.04  5.04  5.04  4.43  4.43
  4.43  4.43  4.43  4.43  4.43  4.43  2.33  2.33  2.33  2.33  2.34  2.34
  2.34  2.34  2.34  2.34  2.34 -0.   -0.   -0.   -0.   -0.   -0.   -0.
 -0.   -0.   -0.   -0.   -0.   -0.   -0.   -0.   -0.   -0.   -0.   -0.
 -0.   -0.   -0.   -0.   -0.   -0.   -0.   -0.   -0.   -0.   -0.   -0.
 -0.   -0.   -0.   -0.   -0.   -0.   -0.   -0.   -0.   -0.   -0.   -0.
 -0.   -0.   -0.   -0.   -0.   -0.   -0.   -0.   -0.   -0.   -0.   -0.
 -0.   -0.   -0.   -0.   -0.   -0.   -0.   -0.   -0.   -0.   -0.   -0.  ]"
3894,27.5,30,47.44,198.0,2023-01-09 09:03:51,1518.1,924.5,13.8,"[ 2.87  2.87  2.87  2.87  2.87  2.87  2.88  2.4   2.4   2.4   2.4   2.4
  2.4   2.4   2.4   1.29  1.29  1.29  1.29  1.29  1.29  1.29  1.29  1.29
  1.29  1.29  1.68  0.    0.    0.    0.    0.   -0.   -0.   -0.   -0.
 -0.   -0.   -0.   -0.   -0.   -0.   -0.   -0.   -0.   -0.   -0.   -0.
 -0.   -0.   -0.   -0.   -0.   -0.   -0.   -0.   -0.   -0.   -0.   -0.
 -0.   -0.   -0.   -0.   -0.   -0.   -0.   -0.   -0.   -0.   -0.   -0.
 -0.   -0.   -0.   -0.   -0.   -0.   -0.   -0.   -0.   -0.   -0.   -0.
 -0.   -0.   -0.   -0.   -0.   -0.   -0.   -0.   -0.   -0.   -0.   -0.  ]"
3895,27.5,30,75.68,198.0,2023-01-09 09:14:08,2270.5,1380.3,20.6,"[4.54 4.54 4.54 4.54 4.54 4.54 4.19 3.62 3.62 3.62 3.62 3.62 3.62 3.62
 3.62 1.79 1.79 1.79 1.79 1.79 1.79 1.79 1.79 1.79 1.79 1.79 2.51 0.
 0.   0.   0.   0.   0.   0.   0.   0.   0.   0.   0.   0.   0.   0.
 0.   0.   0.   0.   0.   0.   0.   0.   0.   0.   0.   0.   0.   0.
 0.   0.   0.   0.   0.   0.   0.   0.   0.   0.   0.   0.   0.   0.
 0.   0.   0.   0.   0.   0.   0.   0.   0.   0.   0.   0.   0.   0.
 0.   0.   0.   0.   0.   0.   0.   0.   0.   0.   0.   0.  ]"
3896,27.5,30,91.12,198.0,2023-01-09 10:34:34,2095.7,1291.0,19.1,"[2.21 5.34 5.34 5.34 5.34 5.34 5.34 5.34 5.34 2.52 2.52 2.52 2.52 2.52
 2.52 2.52 2.52 2.52 2.52 2.52 3.58 0.   0.   0.   0.   0.   0.   0.
 0.   0.   0.   0.   0.   0.   0.   0.   0.   0.   0.   0.   0.   0.
 0.   0.   0.   0.   0.   0.   0.   0.   0.   0.   0.   0.   0.   0.
 0.   0.   0.   0.   0.   0.   0.   0.   0.   0.   0.   0.   0.   0.
 0.   0.   0.   0.   0.   0.   0.   0.   0.   0.   0.   0.   0.   0.
 0.   0.   0.   0.   0.   0.   0.   0.   0.   0.   0.   0.  ]"
3897,27.5,30,95.97,198.0,2023-01-09 10:54:15,3263.0,2169.8,29.7,"[ 5.49  5.49  5.49  5.49  5.49  5.49  5.49  5.49  5.76  5.76  5.76  5.76
  5.75  5.75  5.75  5.75  5.75  5.75  5.75  5.93  0.    0.    0.    0.
  0.    0.61  0.61  0.61  0.61  0.61  0.61  0.61  0.61  0.61 -0.   -0.
 -0.   -0.   -0.   -0.   -0.   -0.   -0.   -0.   -0.   -0.   -0.   -0.
 -0.   -0.   -0.   -0.   -0.   -0.   -0.   -0.   -0.   -0.   -0.   -0.
 -0.   -0.   -0.   -0.   -0.   -0.   -0.   -0.   -0.   -0.   -0.   -0.
 -0.   -0.   -0.   -0.   -0.   -0.   -0.   -0.   -0.   -0.   -0.   -0.
 -0.   -0.   -0.   -0.   -0.   -0.   -0.   -0.   -0.   -0.   -0.   -0.  ]"
3898,27.5,30,85.57,198.0,2023-01-09 12:47:07,1540.2,998.8,14.0,"[4.67 4.67 4.67 4.67 4.67 4.67 4.67 4.67 4.67 4.67 4.67 4.67 0.   0.
 0.   0.   0.   0.   0.   0.   0.   0.   0.   0.   0.   0.   0.   0.
 0.   0.   0.   0.   0.   0.   0.   0.   0.   0.   0.   0.   0.   0.
 0.   0.   0.   0.   0.   0.   0.   0.   0.   0.   0.   0.   0.   0.
 0.   0.   0.   0.   0.   0.   0.   0.   0.   0.   0.   0.   0.   0.
 0.   0.   0.   0.   0.   0.   0.   0.   0.   0.   0.   0.   0.   0.
 0.   0.   0.   0.   0.   0.   0.   0.   0.   0.   0.   0.  ]"
3899,27.5,30,181.5,198.0,2023-01-09 17:07:42,1633.5,2370.1,14.8,"[6.6 6.6 6.6 6.6 6.6 6.6 6.6 6.6 6.6 0.  0.  0.  0.  0.  0.  0.  0.  0.
 0.  0.  0.  0.  0.  0.  0.  0.  0.  0.  0.  0.  0.  0.  0.  0.  0.  0.
 0.  0.  0.  0.  0.  0.  0.  0.  0.  0.  0.  0.  0.  0.  0.  0.  0.  0.
 0.  0.  0.  0.  0.  0.  0.  0.  0.  0.  0.  0.  0.  0.  0.  0.  0.  0.
 0.  0.  0.  0.  0.  0.  0.  0.  0.  0.  0.  0.  0.  0.  0.  0.  0.  0.
 0.  0.  0.  0.  0.  0. ]"
3900,27.5,30,138.29,198.0,2023-01-10 07:11:47,968.0,654.7,8.8,"[5.03 5.03 5.03 5.03 5.03 5.03 5.03 0.   0.   0.   0.   0.   0.   0.
 0.   0.   0.   0.   0.   0.   0.   0.   0.   0.   0.   0.   0.   0.
 0.   0.   0.   0.   0.   0.   0.   0.   0.   0.   0.   0.   0.   0.
 0.   0.   0.   0.   0.   0.   0.   0.   0.   0.   0.   0.   0.   0.
 0.   0.   0.   0.   0.   0.   0.   0.   0.   0.   0.   0.   0.   0.
 0.   0.   0.   0.   0.   0.   0.   0.   0.   0.   0.   0.   0.   0.
 0.   0.   0.   0.   0.   0.   0.   0.   0.   0.   0.   0.  ]"
3901,27.5,30,88.24,198.0,2023-01-10 08:56:02,970.7,575.3,8.8,"[ 3.49  3.49  3.1   3.15  3.15  3.15  3.15  3.15  3.15  3.15  3.15 -0.
 -0.   -0.   -0.   -0.   -0.   -0.   -0.   -0.   -0.   -0.   -0.   -0.
 -0.   -0.   -0.   -0.   -0.   -0.   -0.   -0.   -0.   -0.   -0.   -0.
 -0.   -0.   -0.   -0.   -0.   -0.   -0.   -0.   -0.   -0.   -0.   -0.
 -0.   -0.   -0.   -0.   -0.   -0.   -0.   -0.   -0.   -0.   -0.   -0.
 -0.   -0.   -0.   -0.   -0.   -0.   -0.   -0.   -0.   -0.   -0.   -0.
 -0.   -0.   -0.   -0.   -0.   -0.   -0.   -0.   -0.   -0.   -0.   -0.
 -0.   -0.   -0.   -0.   -0.   -0.   -0.   -0.   -0.   -0.   -0.   -0.  ]"
3902,27.5,30,82.84,198.0,2023-01-10 09:22:18,1408.3,834.7,12.8,"[1.84 1.7  1.7  1.7  1.7  1.7  1.7  1.7  1.7  4.85 4.42 4.42 4.42 4.42
 4.42 4.42 4.42 0.   0.   0.   0.   0.   0.   0.   0.   0.   0.   0.
 0.   0.   0.   0.   0.   0.   0.   0.   0.   0.   0.   0.   0.   0.
 0.   0.   0.   0.   0.   0.   0.   0.   0.   0.   0.   0.   0.   0.
 0.   0.   0.   0.   0.   0.   0.   0.   0.   0.   0.   0.   0.   0.
 0.   0.   0.   0.   0.   0.   0.   0.   0.   0.   0.   0.   0.   0.
 0.   0.   0.   0.   0.   0.   0.   0.   0.   0.   0.   0.  ]"
3903,27.5,30,80.78,198.0,2023-01-10 09:37:55,2504.3,1530.6,22.8,"[5.69 5.69 5.69 5.69 5.69 5.69 5.69 5.69 5.69 2.46 2.46 2.46 2.46 2.46
 2.46 2.46 2.5  2.51 2.51 2.51 2.51 2.51 2.51 2.51 2.51 0.   0.   0.
 0.   0.   0.   0.   0.   0.   0.   0.   0.   0.   0.   0.   0.   0.
 0.   0.   0.   0.   0.   0.   0.   0.   0.   0.   0.   0.   0.   0.
 0.   0.   0.   0.   0.   0.   0.   0.   0.   0.   0.   0.   0.   0.
 0.   0.   0.   0.   0.   0.   0.   0.   0.   0.   0.   0.   0.   0.
 0.   0.   0.   0.   0.   0.   0.   0.   0.   0.   0.   0.  ]"
3904,27.5,30,85.9,198.0,2023-01-10 11:46:04,1803.9,1177.1,16.4,"[1.83 1.83 1.83 1.83 1.83 1.83 1.83 5.87 5.87 5.87 5.87 5.87 5.87 5.87
 5.87 5.87 0.   0.   0.   0.   0.   0.   0.   0.   0.   0.   0.   0.
 0.   0.   0.   0.   0.   0.   0.   0.   0.   0.   0.   0.   0.   0.
 0.   0.   0.   0.   0.   0.   0.   0.   0.   0.   0.   0.   0.   0.
 0.   0.   0.   0.   0.   0.   0.   0.   0.   0.   0.   0.   0.   0.
 0.   0.   0.   0.   0.   0.   0.   0.   0.   0.   0.   0.   0.   0.
 0.   0.   0.   0.   0.   0.   0.   0.   0.   0.   0.   0.  ]"
3905,27.5,30,92.55,198.0,2023-01-10 13:34:57,1850.9,1405.1,16.8,"[ 6.6   6.6   6.6   6.6   6.6   6.6   6.6   6.6   6.6   0.74  0.74  0.74
  0.74  0.74  0.65  0.71  0.71  0.71  0.71  0.71 -0.   -0.   -0.   -0.
 -0.   -0.   -0.   -0.   -0.   -0.   -0.   -0.   -0.   -0.   -0.   -0.
 -0.   -0.   -0.   -0.   -0.   -0.   -0.   -0.   -0.   -0.   -0.   -0.
 -0.   -0.   -0.   -0.   -0.   -0.   -0.   -0.   -0.   -0.   -0.   -0.
 -0.   -0.   -0.   -0.   -0.   -0.   -0.   -0.   -0.   -0.   -0.   -0.
 -0.   -0.   -0.   -0.   -0.   -0.   -0.   -0.   -0.   -0.   -0.   -0.
 -0.   -0.   -0.   -0.   -0.   -0.   -0.   -0.   -0.   -0.   -0.   -0.  ]"
3906,27.5,30,36.49,198.0,2023-01-11 06:30:25,218.9,148.1,2.0,"[1.33 1.33 1.33 1.33 1.33 1.33 0.   0.   0.   0.   0.   0.   0.   0.
 0.   0.   0.   0.   0.   0.   0.   0.   0.   0.   0.   0.   0.   0.
 0.   0.   0.   0.   0.   0.   0.   0.   0.   0.   0.   0.   0.   0.
 0.   0.   0.   0.   0.   0.   0.   0.   0.   0.   0.   0.   0.   0.
 0.   0.   0.   0.   0.   0.   0.   0.   0.   0.   0.   0.   0.   0.
 0.   0.   0.   0.   0.   0.   0.   0.   0.   0.   0.   0.   0.   0.
 0.   0.   0.   0.   0.   0.   0.   0.   0.   0.   0.   0.  ]"
3907,27.5,30,85.97,198.0,2023-01-11 07:51:43,2407.3,1446.1,21.9,"[0.   0.   0.   0.   3.6  3.6  3.6  4.09 4.09 4.22 4.22 4.22 4.22 4.22
 4.22 4.22 4.22 4.22 5.3  5.3  5.3  2.1  2.1  2.1  2.09 2.09 2.09 2.09
 0.   0.   0.   0.   0.   0.   0.   0.   0.   0.   0.   0.   0.   0.
 0.   0.   0.   0.   0.   0.   0.   0.   0.   0.   0.   0.   0.   0.
 0.   0.   0.   0.   0.   0.   0.   0.   0.   0.   0.   0.   0.   0.
 0.   0.   0.   0.   0.   0.   0.   0.   0.   0.   0.   0.   0.   0.
 0.   0.   0.   0.   0.   0.   0.   0.   0.   0.   0.   0.  ]"
3908,27.5,30,97.13,198.0,2023-01-11 08:07:56,3205.4,1937.0,29.1,"[ 0.    0.    0.    5.46  5.46  5.46  5.67  5.67  5.7   5.7   5.7   5.7
  5.7   5.7   5.7   5.7   5.7   5.94  5.94  5.94  1.21  1.21  1.21  1.21
  1.21  1.21  1.21  1.87  3.13  3.13  3.13  0.    0.   -0.   -0.   -0.
 -0.   -0.   -0.   -0.   -0.   -0.   -0.   -0.   -0.   -0.   -0.   -0.
 -0.   -0.   -0.   -0.   -0.   -0.   -0.   -0.   -0.   -0.   -0.   -0.
 -0.   -0.   -0.   -0.   -0.   -0.   -0.   -0.   -0.   -0.   -0.   -0.
 -0.   -0.   -0.   -0.   -0.   -0.   -0.   -0.   -0.   -0.   -0.   -0.
 -0.   -0.   -0.   -0.   -0.   -0.   -0.   -0.   -0.   -0.   -0.   -0.  ]"
3909,27.5,30,86.2,198.0,2023-01-11 08:16:13,1379.2,817.5,12.5,"[0.   0.   3.56 3.56 3.56 3.59 3.59 3.59 3.59 3.59 3.59 3.59 3.59 3.59
 3.59 3.59 0.   0.   0.   0.   0.   0.   0.   0.   0.   0.   0.   0.
 0.   0.   0.   0.   0.   0.   0.   0.   0.   0.   0.   0.   0.   0.
 0.   0.   0.   0.   0.   0.   0.   0.   0.   0.   0.   0.   0.   0.
 0.   0.   0.   0.   0.   0.   0.   0.   0.   0.   0.   0.   0.   0.
 0.   0.   0.   0.   0.   0.   0.   0.   0.   0.   0.   0.   0.   0.
 0.   0.   0.   0.   0.   0.   0.   0.   0.   0.   0.   0.  ]"
3910,27.5,30,36.36,198.0,2023-01-11 08:55:47,981.7,592.8,8.9,"[1.92 1.92 1.92 1.19 1.19 1.43 1.43 1.43 1.43 1.43 1.43 1.43 1.43 1.43
 2.7  2.7  2.7  0.61 0.61 0.61 0.62 0.62 0.62 0.62 0.76 0.76 0.76 0.
 0.   0.   0.   0.   0.   0.   0.   0.   0.   0.   0.   0.   0.   0.
 0.   0.   0.   0.   0.   0.   0.   0.   0.   0.   0.   0.   0.   0.
 0.   0.   0.   0.   0.   0.   0.   0.   0.   0.   0.   0.   0.   0.
 0.   0.   0.   0.   0.   0.   0.   0.   0.   0.   0.   0.   0.   0.
 0.   0.   0.   0.   0.   0.   0.   0.   0.   0.   0.   0.  ]"
3911,27.5,30,92.71,198.0,2023-01-11 09:40:30,2225.1,1345.9,20.2,"[5.07 5.07 4.33 4.33 4.33 4.33 4.33 4.33 4.33 4.33 4.33 5.34 5.34 5.34
 1.34 1.34 1.34 1.34 1.34 1.34 1.34 2.12 2.12 2.12 0.   0.   0.   0.
 0.   0.   0.   0.   0.   0.   0.   0.   0.   0.   0.   0.   0.   0.
 0.   0.   0.   0.   0.   0.   0.   0.   0.   0.   0.   0.   0.   0.
 0.   0.   0.   0.   0.   0.   0.   0.   0.   0.   0.   0.   0.   0.
 0.   0.   0.   0.   0.   0.   0.   0.   0.   0.   0.   0.   0.   0.
 0.   0.   0.   0.   0.   0.   0.   0.   0.   0.   0.   0.  ]"
3913,27.5,30,84.66,198.0,2023-01-11 10:11:24,2370.5,1438.3,21.5,"[5.71 5.71 5.71 5.71 5.71 5.71 5.71 5.71 5.71 5.71 5.71 5.71 1.07 1.07
 1.07 1.07 1.07 1.07 1.07 1.58 2.87 2.87 2.87 0.   0.   0.   0.   0.
 0.   0.   0.   0.   0.   0.   0.   0.   0.   0.   0.   0.   0.   0.
 0.   0.   0.   0.   0.   0.   0.   0.   0.   0.   0.   0.   0.   0.
 0.   0.   0.   0.   0.   0.   0.   0.   0.   0.   0.   0.   0.   0.
 0.   0.   0.   0.   0.   0.   0.   0.   0.   0.   0.   0.   0.   0.
 0.   0.   0.   0.   0.   0.   0.   0.   0.   0.   0.   0.  ]"
3914,27.5,30,73.07,198.0,2023-01-11 13:03:26,1022.9,663.3,9.3,"[4.13 4.13 4.13 4.13 4.13 4.13 4.13 4.13 1.38 1.38 1.38 0.   0.   0.
 0.   0.   0.   0.   0.   0.   0.   0.   0.   0.   0.   0.   0.   0.
 0.   0.   0.   0.   0.   0.   0.   0.   0.   0.   0.   0.   0.   0.
 0.   0.   0.   0.   0.   0.   0.   0.   0.   0.   0.   0.   0.   0.
 0.   0.   0.   0.   0.   0.   0.   0.   0.   0.   0.   0.   0.   0.
 0.   0.   0.   0.   0.   0.   0.   0.   0.   0.   0.   0.   0.   0.
 0.   0.   0.   0.   0.   0.   0.   0.   0.   0.   0.   0.  ]"
3915,27.5,30,98.04,198.0,2023-01-11 15:15:15,1274.6,1427.5,11.6,"[6.6  6.6  6.6  2.61 2.61 2.64 2.62 2.62 2.69 2.69 2.69 2.69 2.69 0.
 0.   0.   0.   0.   0.   0.   0.   0.   0.   0.   0.   0.   0.   0.
 0.   0.   0.   0.   0.   0.   0.   0.   0.   0.   0.   0.   0.   0.
 0.   0.   0.   0.   0.   0.   0.   0.   0.   0.   0.   0.   0.   0.
 0.   0.   0.   0.   0.   0.   0.   0.   0.   0.   0.   0.   0.   0.
 0.   0.   0.   0.   0.   0.   0.   0.   0.   0.   0.   0.   0.   0.
 0.   0.   0.   0.   0.   0.   0.   0.   0.   0.   0.   0.  ]"
3916,27.5,30,87.1,198.0,2023-01-11 17:54:08,1132.3,1566.6,10.3,"[ 0.89  0.89  3.58  3.58  3.58  3.58  3.58  3.58  3.58  3.58  3.58  3.58
  3.58 -0.   -0.   -0.   -0.   -0.   -0.   -0.   -0.   -0.   -0.   -0.
 -0.   -0.   -0.   -0.   -0.   -0.   -0.   -0.   -0.   -0.   -0.   -0.
 -0.   -0.   -0.   -0.   -0.   -0.   -0.   -0.   -0.   -0.   -0.   -0.
 -0.   -0.   -0.   -0.   -0.   -0.   -0.   -0.   -0.   -0.   -0.   -0.
 -0.   -0.   -0.   -0.   -0.   -0.   -0.   -0.   -0.   -0.   -0.   -0.
 -0.   -0.   -0.   -0.   -0.   -0.   -0.   -0.   -0.   -0.   -0.   -0.
 -0.   -0.   -0.   -0.   -0.   -0.   -0.   -0.   -0.   -0.   -0.   -0.  ]"
3917,27.5,30,34.49,198.0,2023-01-12 06:17:33,275.9,186.6,2.5,"[1.25 1.25 1.25 1.25 1.25 1.25 1.25 1.25 0.   0.   0.   0.   0.   0.
 0.   0.   0.   0.   0.   0.   0.   0.   0.   0.   0.   0.   0.   0.
 0.   0.   0.   0.   0.   0.   0.   0.   0.   0.   0.   0.   0.   0.
 0.   0.   0.   0.   0.   0.   0.   0.   0.   0.   0.   0.   0.   0.
 0.   0.   0.   0.   0.   0.   0.   0.   0.   0.   0.   0.   0.   0.
 0.   0.   0.   0.   0.   0.   0.   0.   0.   0.   0.   0.   0.   0.
 0.   0.   0.   0.   0.   0.   0.   0.   0.   0.   0.   0.  ]"
3918,27.5,30,181.5,198.0,2023-01-12 08:34:09,2722.5,1628.9,24.7,"[6.6 6.6 6.6 6.6 6.6 6.6 6.6 6.6 6.6 6.6 6.6 6.6 6.6 6.6 6.6 0.  0.  0.
 0.  0.  0.  0.  0.  0.  0.  0.  0.  0.  0.  0.  0.  0.  0.  0.  0.  0.
 0.  0.  0.  0.  0.  0.  0.  0.  0.  0.  0.  0.  0.  0.  0.  0.  0.  0.
 0.  0.  0.  0.  0.  0.  0.  0.  0.  0.  0.  0.  0.  0.  0.  0.  0.  0.
 0.  0.  0.  0.  0.  0.  0.  0.  0.  0.  0.  0.  0.  0.  0.  0.  0.  0.
 0.  0.  0.  0.  0.  0. ]"
3919,27.5,30,174.82,198.0,2023-01-12 08:37:07,2797.2,1673.1,25.4,"[ 6.6   6.6   6.6   6.25  6.25  6.3   6.3   6.3   6.3   6.3   6.3   6.3
  6.3   6.3   6.3   6.41 -0.   -0.   -0.   -0.   -0.   -0.   -0.   -0.
 -0.   -0.   -0.   -0.   -0.   -0.   -0.   -0.   -0.   -0.   -0.   -0.
 -0.   -0.   -0.   -0.   -0.   -0.   -0.   -0.   -0.   -0.   -0.   -0.
 -0.   -0.   -0.   -0.   -0.   -0.   -0.   -0.   -0.   -0.   -0.   -0.
 -0.   -0.   -0.   -0.   -0.   -0.   -0.   -0.   -0.   -0.   -0.   -0.
 -0.   -0.   -0.   -0.   -0.   -0.   -0.   -0.   -0.   -0.   -0.   -0.
 -0.   -0.   -0.   -0.   -0.   -0.   -0.   -0.   -0.   -0.   -0.   -0.  ]"
3920,27.5,30,77.16,198.0,2023-01-12 09:23:49,1311.7,777.5,11.9,"[2.17 2.17 2.02 2.02 2.02 2.02 2.02 2.02 2.02 2.02 2.02 2.02 5.67 4.38
 4.38 4.38 4.38 0.   0.   0.   0.   0.   0.   0.   0.   0.   0.   0.
 0.   0.   0.   0.   0.   0.   0.   0.   0.   0.   0.   0.   0.   0.
 0.   0.   0.   0.   0.   0.   0.   0.   0.   0.   0.   0.   0.   0.
 0.   0.   0.   0.   0.   0.   0.   0.   0.   0.   0.   0.   0.   0.
 0.   0.   0.   0.   0.   0.   0.   0.   0.   0.   0.   0.   0.   0.
 0.   0.   0.   0.   0.   0.   0.   0.   0.   0.   0.   0.  ]"
3921,27.5,30,90.51,198.0,2023-01-12 09:46:59,1991.3,1235.2,18.1,"[3.87 3.87 3.87 3.87 3.87 3.87 3.87 3.87 3.87 3.87 0.   1.67 1.67 1.67
 1.67 3.21 3.17 3.17 4.38 4.38 4.38 4.38 0.   0.   0.   0.   0.   0.
 0.   0.   0.   0.   0.   0.   0.   0.   0.   0.   0.   0.   0.   0.
 0.   0.   0.   0.   0.   0.   0.   0.   0.   0.   0.   0.   0.   0.
 0.   0.   0.   0.   0.   0.   0.   0.   0.   0.   0.   0.   0.   0.
 0.   0.   0.   0.   0.   0.   0.   0.   0.   0.   0.   0.   0.   0.
 0.   0.   0.   0.   0.   0.   0.   0.   0.   0.   0.   0.  ]"
3922,27.5,30,80.87,198.0,2023-01-12 09:53:05,1455.7,886.7,13.2,"[ 1.57  1.57  1.57  1.57  1.57  1.57  1.57  1.57  1.57  1.57  5.28  4.08
  4.08  4.08  4.08  5.21  5.2   5.2  -0.   -0.   -0.   -0.   -0.   -0.
 -0.   -0.   -0.   -0.   -0.   -0.   -0.   -0.   -0.   -0.   -0.   -0.
 -0.   -0.   -0.   -0.   -0.   -0.   -0.   -0.   -0.   -0.   -0.   -0.
 -0.   -0.   -0.   -0.   -0.   -0.   -0.   -0.   -0.   -0.   -0.   -0.
 -0.   -0.   -0.   -0.   -0.   -0.   -0.   -0.   -0.   -0.   -0.   -0.
 -0.   -0.   -0.   -0.   -0.   -0.   -0.   -0.   -0.   -0.   -0.   -0.
 -0.   -0.   -0.   -0.   -0.   -0.   -0.   -0.   -0.   -0.   -0.   -0.  ]"
3925,27.5,30,79.65,198.0,2023-01-12 12:17:12,1513.3,994.7,13.8,"[2.03 1.77 1.77 1.77 1.77 3.47 3.52 3.52 5.56 5.56 5.56 5.56 6.6  6.6
 0.   0.   0.   0.   0.   0.   0.   0.   0.   0.   0.   0.   0.   0.
 0.   0.   0.   0.   0.   0.   0.   0.   0.   0.   0.   0.   0.   0.
 0.   0.   0.   0.   0.   0.   0.   0.   0.   0.   0.   0.   0.   0.
 0.   0.   0.   0.   0.   0.   0.   0.   0.   0.   0.   0.   0.   0.
 0.   0.   0.   0.   0.   0.   0.   0.   0.   0.   0.   0.   0.   0.
 0.   0.   0.   0.   0.   0.   0.   0.   0.   0.   0.   0.  ]"
3926,27.5,30,100.5,198.0,2023-01-12 12:45:56,2813.9,2179.3,25.6,"[6.6  6.6  6.6  6.6  6.6  6.6  6.6  6.6  6.6  6.6  6.6  6.6  6.6  0.98
 0.98 0.98 0.98 0.98 1.16 1.16 1.16 1.16 1.16 1.16 1.16 1.16 1.16 1.16
 0.   0.   0.   0.   0.   0.   0.   0.   0.   0.   0.   0.   0.   0.
 0.   0.   0.   0.   0.   0.   0.   0.   0.   0.   0.   0.   0.   0.
 0.   0.   0.   0.   0.   0.   0.   0.   0.   0.   0.   0.   0.   0.
 0.   0.   0.   0.   0.   0.   0.   0.   0.   0.   0.   0.   0.   0.
 0.   0.   0.   0.   0.   0.   0.   0.   0.   0.   0.   0.  ]"
3927,27.5,30,96.14,198.0,2023-01-12 14:25:41,1057.6,715.3,9.6,"[ 6.31  6.31  6.31  6.31  6.6   6.6   0.    0.    0.    0.    0.   -0.
 -0.   -0.   -0.   -0.   -0.   -0.   -0.   -0.   -0.   -0.   -0.   -0.
 -0.   -0.   -0.   -0.   -0.   -0.   -0.   -0.   -0.   -0.   -0.   -0.
 -0.   -0.   -0.   -0.   -0.   -0.   -0.   -0.   -0.   -0.   -0.   -0.
 -0.   -0.   -0.   -0.   -0.   -0.   -0.   -0.   -0.   -0.   -0.   -0.
 -0.   -0.   -0.   -0.   -0.   -0.   -0.   -0.   -0.   -0.   -0.   -0.
 -0.   -0.   -0.   -0.   -0.   -0.   -0.   -0.   -0.   -0.   -0.   -0.
 -0.   -0.   -0.   -0.   -0.   -0.   -0.   -0.   -0.   -0.   -0.   -0.  ]"
3929,27.5,30,88.95,198.0,2023-01-13 07:29:52,2401.7,1423.6,21.8,"[0.   0.   0.   0.   0.   0.   4.57 4.57 4.57 4.57 4.14 4.14 4.14 4.19
 4.19 4.19 4.19 4.19 4.19 4.19 4.19 4.19 4.19 4.19 5.25 5.25 0.   0.
 0.   0.   0.   0.   0.   0.   0.   0.   0.   0.   0.   0.   0.   0.
 0.   0.   0.   0.   0.   0.   0.   0.   0.   0.   0.   0.   0.   0.
 0.   0.   0.   0.   0.   0.   0.   0.   0.   0.   0.   0.   0.   0.
 0.   0.   0.   0.   0.   0.   0.   0.   0.   0.   0.   0.   0.   0.
 0.   0.   0.   0.   0.   0.   0.   0.   0.   0.   0.   0.  ]"
3930,27.5,30,56.19,198.0,2023-01-13 07:53:29,2135.3,1273.5,19.4,"[0.   0.   0.   0.   3.88 3.88 3.88 3.88 3.42 3.42 3.42 3.5  3.5  3.5
 3.5  3.5  3.5  3.5  3.5  3.5  3.5  3.5  4.98 4.98 0.   0.   0.   0.
 0.   0.   0.   3.42 0.   0.   0.   0.   0.   0.   0.   0.   0.   0.
 0.   0.   0.   0.   0.   0.   0.   0.   0.   0.   0.   0.   0.   0.
 0.   0.   0.   0.   0.   0.   0.   0.   0.   0.   0.   0.   0.   0.
 0.   0.   0.   0.   0.   0.   0.   0.   0.   0.   0.   0.   0.   0.
 0.   0.   0.   0.   0.   0.   0.   0.   0.   0.   0.   0.  ]"
3931,27.5,30,76.75,198.0,2023-01-13 08:43:21,1458.3,864.4,13.3,"[0.   3.11 3.11 3.11 3.11 2.88 2.88 2.88 2.9  2.9  2.9  2.9  2.9  2.9
 2.9  2.9  2.9  2.9  2.9  0.   0.   0.   0.   0.   0.   0.   0.   0.
 0.   0.   0.   0.   0.   0.   0.   0.   0.   0.   0.   0.   0.   0.
 0.   0.   0.   0.   0.   0.   0.   0.   0.   0.   0.   0.   0.   0.
 0.   0.   0.   0.   0.   0.   0.   0.   0.   0.   0.   0.   0.   0.
 0.   0.   0.   0.   0.   0.   0.   0.   0.   0.   0.   0.   0.   0.
 0.   0.   0.   0.   0.   0.   0.   0.   0.   0.   0.   0.  ]"
3932,27.5,30,89.19,198.0,2023-01-13 09:48:22,2586.6,1546.6,23.5,"[5.88 5.88 5.88 5.37 5.37 5.37 5.37 5.37 5.37 5.37 5.37 5.37 5.37 5.37
 5.74 5.74 0.   0.   0.   0.   0.   0.   0.   5.88 0.   0.   0.   0.
 0.   0.   0.   0.   0.   0.   0.   0.   0.   0.   0.   0.   0.   0.
 0.   0.   0.   0.   0.   0.   0.   0.   0.   0.   0.   0.   0.   0.
 0.   0.   0.   0.   0.   0.   0.   0.   0.   0.   0.   0.   0.   0.
 0.   0.   0.   0.   0.   0.   0.   0.   0.   0.   0.   0.   0.   0.
 0.   0.   0.   0.   0.   0.   0.   0.   0.   0.   0.   0.  ]"
3935,27.5,30,88.38,198.0,2023-01-13 10:40:02,2209.5,1415.9,20.1,"[2.63 2.63 2.63 2.63 2.63 2.63 2.63 2.63 2.63 2.63 2.63 2.63 2.63 6.6
 6.6  6.6  6.6  6.6  6.6  6.6  0.   0.   0.   0.   0.   0.   0.   0.
 0.   0.   0.   0.   0.   0.   0.   0.   0.   0.   0.   0.   0.   0.
 0.   0.   0.   0.   0.   0.   0.   0.   0.   0.   0.   0.   0.   0.
 0.   0.   0.   0.   0.   0.   0.   0.   0.   0.   0.   0.   0.   0.
 0.   0.   0.   0.   0.   0.   0.   0.   0.   0.   0.   0.   0.   0.
 0.   0.   0.   0.   0.   0.   0.   0.   0.   0.   0.   0.  ]"
3936,27.5,30,92.73,198.0,2023-01-13 15:41:05,741.8,1076.3,6.7,"[ 0.    3.87  3.87  3.87  3.87  3.88  3.81  3.81 -0.   -0.   -0.   -0.
 -0.   -0.   -0.   -0.   -0.   -0.   -0.   -0.   -0.   -0.   -0.   -0.
 -0.   -0.   -0.   -0.   -0.   -0.   -0.   -0.   -0.   -0.   -0.   -0.
 -0.   -0.   -0.   -0.   -0.   -0.   -0.   -0.   -0.   -0.   -0.   -0.
 -0.   -0.   -0.   -0.   -0.   -0.   -0.   -0.   -0.   -0.   -0.   -0.
 -0.   -0.   -0.   -0.   -0.   -0.   -0.   -0.   -0.   -0.   -0.   -0.
 -0.   -0.   -0.   -0.   -0.   -0.   -0.   -0.   -0.   -0.   -0.   -0.
 -0.   -0.   -0.   -0.   -0.   -0.   -0.   -0.   -0.   -0.   -0.   -0.  ]"
3937,27.5,30,92.36,198.0,2023-01-13 17:47:24,1754.8,1562.0,16.0,"[1.47 1.47 1.47 1.47 1.47 1.47 1.47 1.47 1.47 1.47 1.47 1.47 6.6  6.6
 6.6  6.6  6.6  6.6  6.6  0.   0.   0.   0.   0.   0.   0.   0.   0.
 0.   0.   0.   0.   0.   0.   0.   0.   0.   0.   0.   0.   0.   0.
 0.   0.   0.   0.   0.   0.   0.   0.   0.   0.   0.   0.   0.   0.
 0.   0.   0.   0.   0.   0.   0.   0.   0.   0.   0.   0.   0.   0.
 0.   0.   0.   0.   0.   0.   0.   0.   0.   0.   0.   0.   0.   0.
 0.   0.   0.   0.   0.   0.   0.   0.   0.   0.   0.   0.  ]"
3941,27.5,30,48.71,198.0,2023-01-14 23:40:55,341.0,230.6,3.1,"[1.77 1.77 1.77 1.77 1.77 1.77 1.77 0.   0.   0.   0.   0.   0.   0.
 0.   0.   0.   0.   0.   0.   0.   0.   0.   0.   0.   0.   0.   0.
 0.   0.   0.   0.   0.   0.   0.   0.   0.   0.   0.   0.   0.   0.
 0.   0.   0.   0.   0.   0.   0.   0.   0.   0.   0.   0.   0.   0.
 0.   0.   0.   0.   0.   0.   0.   0.   0.   0.   0.   0.   0.   0.
 0.   0.   0.   0.   0.   0.   0.   0.   0.   0.   0.   0.   0.   0.
 0.   0.   0.   0.   0.   0.   0.   0.   0.   0.   0.   0.  ]"
3943,27.5,30,86.7,198.0,2023-01-15 14:40:33,953.7,680.8,8.7,"[6.6  6.6  6.6  6.6  6.6  0.34 0.34 0.34 0.34 0.17 0.17 0.   0.   0.
 0.   0.   0.   0.   0.   0.   0.   0.   0.   0.   0.   0.   0.   0.
 0.   0.   0.   0.   0.   0.   0.   0.   0.   0.   0.   0.   0.   0.
 0.   0.   0.   0.   0.   0.   0.   0.   0.   0.   0.   0.   0.   0.
 0.   0.   0.   0.   0.   0.   0.   0.   0.   0.   0.   0.   0.   0.
 0.   0.   0.   0.   0.   0.   0.   0.   0.   0.   0.   0.   0.   0.
 0.   0.   0.   0.   0.   0.   0.   0.   0.   0.   0.   0.  ]"
3944,27.5,30,80.38,198.0,2023-01-15 16:59:41,401.9,583.1,3.7,"[2.82 2.82 2.99 2.99 2.99 0.   0.   0.   0.   0.   0.   0.   0.   0.
 0.   0.   0.   0.   0.   0.   0.   0.   0.   0.   0.   0.   0.   0.
 0.   0.   0.   0.   0.   0.   0.   0.   0.   0.   0.   0.   0.   0.
 0.   0.   0.   0.   0.   0.   0.   0.   0.   0.   0.   0.   0.   0.
 0.   0.   0.   0.   0.   0.   0.   0.   0.   0.   0.   0.   0.   0.
 0.   0.   0.   0.   0.   0.   0.   0.   0.   0.   0.   0.   0.   0.
 0.   0.   0.   0.   0.   0.   0.   0.   0.   0.   0.   0.  ]"
3945,27.5,30,72.31,198.0,2023-01-16 07:20:35,3470.7,2242.7,31.6,"[ 0.    0.    0.    0.    0.    0.    6.32  6.32  6.32  6.32  6.32  6.32
  6.32  5.83  5.83  5.88  5.88  5.88  5.88  3.58  3.58  3.58  3.58  3.58
  3.58  3.58  0.44  0.44  0.44  0.44  3.56  3.56  3.56  2.89  0.19  0.
  0.    0.    0.    0.69  0.69  0.69  0.69  0.69  0.69  0.69  0.69  0.69
 -0.   -0.   -0.   -0.   -0.   -0.   -0.   -0.   -0.   -0.   -0.   -0.
 -0.   -0.   -0.   -0.   -0.   -0.   -0.   -0.   -0.   -0.   -0.   -0.
 -0.   -0.   -0.   -0.   -0.   -0.   -0.   -0.   -0.   -0.   -0.   -0.
 -0.   -0.   -0.   -0.   -0.   -0.   -0.   -0.   -0.   -0.   -0.   -0.  ]"
3946,27.5,30,63.87,198.0,2023-01-16 10:31:21,1532.9,955.1,13.9,"[ 4.47  4.47  4.06  4.06  4.06  4.06  2.36  2.36  2.36  2.36  2.36  2.36
  2.36  0.71  0.71  0.71  0.71  2.38  2.38  2.38  3.4   0.22  0.22  0.22
 -0.   -0.   -0.   -0.   -0.   -0.   -0.   -0.   -0.   -0.   -0.   -0.
 -0.   -0.   -0.   -0.   -0.   -0.   -0.   -0.   -0.   -0.   -0.   -0.
 -0.   -0.   -0.   -0.   -0.   -0.   -0.   -0.   -0.   -0.   -0.   -0.
 -0.   -0.   -0.   -0.   -0.   -0.   -0.   -0.   -0.   -0.   -0.   -0.
 -0.   -0.   -0.   -0.   -0.   -0.   -0.   -0.   -0.   -0.   -0.   -0.
 -0.   -0.   -0.   -0.   -0.   -0.   -0.   -0.   -0.   -0.   -0.   -0.  ]"
3947,27.5,30,181.5,198.0,2023-01-16 11:04:58,4356.0,3482.2,39.6,"[6.6 6.6 6.6 6.6 6.6 6.6 6.6 6.6 6.6 6.6 6.6 6.6 6.6 6.6 6.6 6.6 6.6 6.6
 6.6 6.6 6.6 6.6 6.6 6.6 0.  0.  0.  0.  0.  0.  0.  0.  0.  0.  0.  0.
 0.  0.  0.  0.  0.  0.  0.  0.  0.  0.  0.  0.  0.  0.  0.  0.  0.  0.
 0.  0.  0.  0.  0.  0.  0.  0.  0.  0.  0.  0.  0.  0.  0.  0.  0.  0.
 0.  0.  0.  0.  0.  0.  0.  0.  0.  0.  0.  0.  0.  0.  0.  0.  0.  0.
 0.  0.  0.  0.  0.  0. ]"
3948,27.5,30,97.63,198.0,2023-01-16 12:02:13,1073.9,697.3,9.8,"[ 1.81  1.81  1.81  1.81  1.81  1.81  1.81  6.6   6.6   6.6   6.6  -0.
 -0.   -0.   -0.   -0.   -0.   -0.   -0.   -0.   -0.   -0.   -0.   -0.
 -0.   -0.   -0.   -0.   -0.   -0.   -0.   -0.   -0.   -0.   -0.   -0.
 -0.   -0.   -0.   -0.   -0.   -0.   -0.   -0.   -0.   -0.   -0.   -0.
 -0.   -0.   -0.   -0.   -0.   -0.   -0.   -0.   -0.   -0.   -0.   -0.
 -0.   -0.   -0.   -0.   -0.   -0.   -0.   -0.   -0.   -0.   -0.   -0.
 -0.   -0.   -0.   -0.   -0.   -0.   -0.   -0.   -0.   -0.   -0.   -0.
 -0.   -0.   -0.   -0.   -0.   -0.   -0.   -0.   -0.   -0.   -0.   -0.  ]"
3951,27.5,30,97.97,198.0,2023-01-16 15:35:11,2449.3,2991.4,22.3,"[ 0.    2.7   0.    0.    0.    0.    3.85  3.85  3.85  3.85  3.85  3.85
  3.85  3.85  3.85  4.22  4.22  4.22  4.22  4.22  4.22  6.6   6.6   6.6
  6.6  -0.   -0.   -0.   -0.   -0.   -0.   -0.   -0.   -0.   -0.   -0.
 -0.   -0.   -0.   -0.   -0.   -0.   -0.   -0.   -0.   -0.   -0.   -0.
 -0.   -0.   -0.   -0.   -0.   -0.   -0.   -0.   -0.   -0.   -0.   -0.
 -0.   -0.   -0.   -0.   -0.   -0.   -0.   -0.   -0.   -0.   -0.   -0.
 -0.   -0.   -0.   -0.   -0.   -0.   -0.   -0.   -0.   -0.   -0.   -0.
 -0.   -0.   -0.   -0.   -0.   -0.   -0.   -0.   -0.   -0.   -0.   -0.  ]"
3952,27.5,30,71.12,198.0,2023-01-16 16:08:25,1351.4,1960.7,12.3,"[0.86 0.86 0.86 0.86 2.92 2.92 2.92 2.92 2.92 2.92 2.92 2.92 2.92 3.24
 3.24 3.24 3.24 3.24 3.24 0.   0.   0.   0.   0.   0.   0.   0.   0.
 0.   0.   0.   0.   0.   0.   0.   0.   0.   0.   0.   0.   0.   0.
 0.   0.   0.   0.   0.   0.   0.   0.   0.   0.   0.   0.   0.   0.
 0.   0.   0.   0.   0.   0.   0.   0.   0.   0.   0.   0.   0.   0.
 0.   0.   0.   0.   0.   0.   0.   0.   0.   0.   0.   0.   0.   0.
 0.   0.   0.   0.   0.   0.   0.   0.   0.   0.   0.   0.  ]"
3953,27.5,30,113.44,198.0,2023-01-17 06:20:42,907.5,613.8,8.2,"[ 4.4  4.4  4.4  4.4  4.4  4.4  3.3  3.3 -0.  -0.  -0.  -0.  -0.  -0.
 -0.  -0.  -0.  -0.  -0.  -0.  -0.  -0.  -0.  -0.  -0.  -0.  -0.  -0.
 -0.  -0.  -0.  -0.  -0.  -0.  -0.  -0.  -0.  -0.  -0.  -0.  -0.  -0.
 -0.  -0.  -0.  -0.  -0.  -0.  -0.  -0.  -0.  -0.  -0.  -0.  -0.  -0.
 -0.  -0.  -0.  -0.  -0.  -0.  -0.  -0.  -0.  -0.  -0.  -0.  -0.  -0.
 -0.  -0.  -0.  -0.  -0.  -0.  -0.  -0.  -0.  -0.  -0.  -0.  -0.  -0.
 -0.  -0.  -0.  -0.  -0.  -0.  -0.  -0.  -0.  -0.  -0.  -0. ]"
3954,27.5,30,154.71,198.0,2023-01-17 07:46:58,5878.9,3813.3,53.4,"[ 4.59  6.6   6.6   6.38  6.6   6.6   6.6   6.6   6.6   6.6   6.6   6.6
  6.6   6.6   6.6   6.6   6.6   6.6   6.6   6.6   6.6   6.6   6.6   6.6
  6.38  6.38  6.37  6.37  6.37  6.37  6.37  6.4   0.58  0.58  0.58  1.62
  1.62  1.62 -0.   -0.   -0.   -0.   -0.   -0.   -0.   -0.   -0.   -0.
 -0.   -0.   -0.   -0.   -0.   -0.   -0.   -0.   -0.   -0.   -0.   -0.
 -0.   -0.   -0.   -0.   -0.   -0.   -0.   -0.   -0.   -0.   -0.   -0.
 -0.   -0.   -0.   -0.   -0.   -0.   -0.   -0.   -0.   -0.   -0.   -0.
 -0.   -0.   -0.   -0.   -0.   -0.   -0.   -0.   -0.   -0.   -0.   -0.  ]"
3955,27.5,30,76.0,198.0,2023-01-17 07:58:44,2355.9,1396.4,21.4,"[0.   0.   0.   0.   4.27 4.27 4.28 4.28 4.28 4.28 4.28 4.28 4.28 4.28
 4.28 4.28 4.28 4.28 4.28 4.28 4.28 4.28 4.28 4.28 0.   0.   0.   0.
 0.   0.   0.   0.   0.   0.   0.   0.   0.   0.   0.   0.   0.   0.
 0.   0.   0.   0.   0.   0.   0.   0.   0.   0.   0.   0.   0.   0.
 0.   0.   0.   0.   0.   0.   0.   0.   0.   0.   0.   0.   0.   0.
 0.   0.   0.   0.   0.   0.   0.   0.   0.   0.   0.   0.   0.   0.
 0.   0.   0.   0.   0.   0.   0.   0.   0.   0.   0.   0.  ]"
3956,27.5,30,90.67,198.0,2023-01-17 08:06:38,3445.3,2183.0,31.3,"[ 0.    0.    0.    5.95  5.95  5.97  5.97  5.97  5.97  5.97  5.97  5.97
  5.97  5.97  5.97  5.97  5.97  5.97  5.97  5.97  5.97  5.97  5.97  0.
  0.    0.    0.    0.    0.    0.    0.    0.22  0.22  0.22  0.92  0.92
  0.92  2.54 -0.   -0.   -0.   -0.   -0.   -0.   -0.   -0.   -0.   -0.
 -0.   -0.   -0.   -0.   -0.   -0.   -0.   -0.   -0.   -0.   -0.   -0.
 -0.   -0.   -0.   -0.   -0.   -0.   -0.   -0.   -0.   -0.   -0.   -0.
 -0.   -0.   -0.   -0.   -0.   -0.   -0.   -0.   -0.   -0.   -0.   -0.
 -0.   -0.   -0.   -0.   -0.   -0.   -0.   -0.   -0.   -0.   -0.   -0.  ]"
3957,27.5,30,86.02,198.0,2023-01-17 08:42:33,2580.6,1529.6,23.5,"[0.   4.68 4.68 4.69 4.69 4.69 4.69 4.69 4.69 4.69 4.69 4.69 4.69 4.69
 4.69 4.69 4.69 4.69 4.69 4.69 4.69 0.   0.   0.   0.   0.   0.   0.
 0.   0.   0.   0.   0.   0.   0.   0.   0.   0.   0.   0.   0.   0.
 0.   0.   0.   0.   0.   0.   0.   0.   0.   0.   0.   0.   0.   0.
 0.   0.   0.   0.   0.   0.   0.   0.   0.   0.   0.   0.   0.   0.
 0.   0.   0.   0.   0.   0.   0.   0.   0.   0.   0.   0.   0.   0.
 0.   0.   0.   0.   0.   0.   0.   0.   0.   0.   0.   0.  ]"
3958,27.5,30,55.9,198.0,2023-01-17 08:55:20,1509.2,894.5,13.7,"[2.88 2.88 2.73 2.73 2.73 2.73 2.73 2.73 2.73 2.73 2.73 2.73 2.73 2.73
 2.73 2.73 2.73 2.73 2.73 2.73 0.   0.   0.   0.   0.   0.   0.   0.
 0.   0.   0.   0.   0.   0.   0.   0.   0.   0.   0.   0.   0.   0.
 0.   0.   0.   0.   0.   0.   0.   0.   0.   0.   0.   0.   0.   0.
 0.   0.   0.   0.   0.   0.   0.   0.   0.   0.   0.   0.   0.   0.
 0.   0.   0.   0.   0.   0.   0.   0.   0.   0.   0.   0.   0.   0.
 0.   0.   0.   0.   0.   0.   0.   0.   0.   0.   0.   0.  ]"
3959,27.5,30,89.13,198.0,2023-01-17 09:16:00,2584.9,1655.4,23.5,"[4.93 4.93 4.93 4.93 4.93 4.93 4.93 4.93 4.93 4.93 4.93 4.93 4.93 4.93
 4.93 4.93 4.93 4.93 0.   0.   0.   0.   0.   0.   0.   0.   1.74 1.74
 1.74 0.   0.   0.   0.   0.   0.   0.   0.   0.   0.   0.   0.   0.
 0.   0.   0.   0.   0.   0.   0.   0.   0.   0.   0.   0.   0.   0.
 0.   0.   0.   0.   0.   0.   0.   0.   0.   0.   0.   0.   0.   0.
 0.   0.   0.   0.   0.   0.   0.   0.   0.   0.   0.   0.   0.   0.
 0.   0.   0.   0.   0.   0.   0.   0.   0.   0.   0.   0.  ]"
3960,27.5,30,176.58,198.0,2023-01-17 09:18:11,3531.5,2115.4,32.1,"[6.6  6.6  6.6  6.6  6.6  6.6  6.6  6.6  6.6  6.6  6.6  6.6  6.6  6.6
 6.6  6.6  6.6  6.6  4.81 4.81 0.   0.   0.   0.   0.   0.   0.   0.
 0.   0.   0.   0.   0.   0.   0.   0.   0.   0.   0.   0.   0.   0.
 0.   0.   0.   0.   0.   0.   0.   0.   0.   0.   0.   0.   0.   0.
 0.   0.   0.   0.   0.   0.   0.   0.   0.   0.   0.   0.   0.   0.
 0.   0.   0.   0.   0.   0.   0.   0.   0.   0.   0.   0.   0.   0.
 0.   0.   0.   0.   0.   0.   0.   0.   0.   0.   0.   0.  ]"
3961,27.5,30,90.0,198.0,2023-01-17 15:54:37,720.0,1044.6,6.5,"[2.95 2.95 2.95 2.95 2.95 2.95 2.95 5.5  0.   0.   0.   0.   0.   0.
 0.   0.   0.   0.   0.   0.   0.   0.   0.   0.   0.   0.   0.   0.
 0.   0.   0.   0.   0.   0.   0.   0.   0.   0.   0.   0.   0.   0.
 0.   0.   0.   0.   0.   0.   0.   0.   0.   0.   0.   0.   0.   0.
 0.   0.   0.   0.   0.   0.   0.   0.   0.   0.   0.   0.   0.   0.
 0.   0.   0.   0.   0.   0.   0.   0.   0.   0.   0.   0.   0.   0.
 0.   0.   0.   0.   0.   0.   0.   0.   0.   0.   0.   0.  ]"
3962,27.5,30,107.56,198.0,2023-01-18 06:12:33,968.0,654.7,8.8,"[3.91 3.91 3.91 3.91 3.91 3.91 3.91 3.91 3.91 0.   0.   0.   0.   0.
 0.   0.   0.   0.   0.   0.   0.   0.   0.   0.   0.   0.   0.   0.
 0.   0.   0.   0.   0.   0.   0.   0.   0.   0.   0.   0.   0.   0.
 0.   0.   0.   0.   0.   0.   0.   0.   0.   0.   0.   0.   0.   0.
 0.   0.   0.   0.   0.   0.   0.   0.   0.   0.   0.   0.   0.   0.
 0.   0.   0.   0.   0.   0.   0.   0.   0.   0.   0.   0.   0.   0.
 0.   0.   0.   0.   0.   0.   0.   0.   0.   0.   0.   0.  ]"
3963,27.5,30,181.5,198.0,2023-01-18 08:04:22,3448.5,2089.6,31.3,"[ 6.6  6.6  6.6  6.6  6.6  6.6  6.6  6.6  6.6  6.6  6.6  6.6  6.6  6.6
  6.6  6.6  6.6  6.6  6.6 -0.  -0.  -0.  -0.  -0.  -0.  -0.  -0.  -0.
 -0.  -0.  -0.  -0.  -0.  -0.  -0.  -0.  -0.  -0.  -0.  -0.  -0.  -0.
 -0.  -0.  -0.  -0.  -0.  -0.  -0.  -0.  -0.  -0.  -0.  -0.  -0.  -0.
 -0.  -0.  -0.  -0.  -0.  -0.  -0.  -0.  -0.  -0.  -0.  -0.  -0.  -0.
 -0.  -0.  -0.  -0.  -0.  -0.  -0.  -0.  -0.  -0.  -0.  -0.  -0.  -0.
 -0.  -0.  -0.  -0.  -0.  -0.  -0.  -0.  -0.  -0.  -0.  -0. ]"
3964,27.5,30,181.5,198.0,2023-01-18 08:45:36,4356.0,2642.6,39.6,"[ 6.6  6.6  6.6  6.6  6.6  6.6  6.6  6.6  6.6  6.6  6.6  6.6  6.6  6.6
  6.6  6.6  6.6  6.6  6.6  6.6  6.6  6.6  6.6  6.6 -0.  -0.  -0.  -0.
 -0.  -0.  -0.  -0.  -0.  -0.  -0.  -0.  -0.  -0.  -0.  -0.  -0.  -0.
 -0.  -0.  -0.  -0.  -0.  -0.  -0.  -0.  -0.  -0.  -0.  -0.  -0.  -0.
 -0.  -0.  -0.  -0.  -0.  -0.  -0.  -0.  -0.  -0.  -0.  -0.  -0.  -0.
 -0.  -0.  -0.  -0.  -0.  -0.  -0.  -0.  -0.  -0.  -0.  -0.  -0.  -0.
 -0.  -0.  -0.  -0.  -0.  -0.  -0.  -0.  -0.  -0.  -0.  -0. ]"
3965,27.5,30,123.6,198.0,2023-01-18 09:11:13,4078.9,2646.3,37.1,"[ 6.6   6.6   6.6   6.6   6.6   6.6   6.6   6.6   6.6   6.6   6.6   2.43
  2.43  2.43  2.43  5.04  4.62  4.62  4.62  4.62  4.62  4.62  5.65  5.49
  5.49  5.49  5.49  0.66  0.66  0.66  1.22  1.22  1.22 -0.   -0.   -0.
 -0.   -0.   -0.   -0.   -0.   -0.   -0.   -0.   -0.   -0.   -0.   -0.
 -0.   -0.   -0.   -0.   -0.   -0.   -0.   -0.   -0.   -0.   -0.   -0.
 -0.   -0.   -0.   -0.   -0.   -0.   -0.   -0.   -0.   -0.   -0.   -0.
 -0.   -0.   -0.   -0.   -0.   -0.   -0.   -0.   -0.   -0.   -0.   -0.
 -0.   -0.   -0.   -0.   -0.   -0.   -0.   -0.   -0.   -0.   -0.   -0.  ]"
3966,27.5,30,96.25,198.0,2023-01-18 09:30:28,2598.8,1610.9,23.6,"[ 4.86  4.86  4.86  4.86  4.86  4.86  4.86  4.86  4.86  4.86  1.35  1.35
  1.35  1.35  3.04  2.25  2.25  2.25  2.26  2.26  2.26  4.76  4.78  4.78
  4.78  4.78  0.   -0.   -0.   -0.   -0.   -0.   -0.   -0.   -0.   -0.
 -0.   -0.   -0.   -0.   -0.   -0.   -0.   -0.   -0.   -0.   -0.   -0.
 -0.   -0.   -0.   -0.   -0.   -0.   -0.   -0.   -0.   -0.   -0.   -0.
 -0.   -0.   -0.   -0.   -0.   -0.   -0.   -0.   -0.   -0.   -0.   -0.
 -0.   -0.   -0.   -0.   -0.   -0.   -0.   -0.   -0.   -0.   -0.   -0.
 -0.   -0.   -0.   -0.   -0.   -0.   -0.   -0.   -0.   -0.   -0.   -0.  ]"
3968,27.5,30,72.46,198.0,2023-01-18 09:47:07,1956.3,1356.4,17.8,"[ 1.74  1.74  1.74  1.74  1.74  1.74  1.74  1.74  1.69  1.69  1.69  1.69
  3.99  2.82  2.82  2.82  2.81  2.81  2.81  5.13  4.84  4.84  4.84  4.84
  1.71  1.71  1.71 -0.   -0.   -0.   -0.   -0.   -0.   -0.   -0.   -0.
 -0.   -0.   -0.   -0.   -0.   -0.   -0.   -0.   -0.   -0.   -0.   -0.
 -0.   -0.   -0.   -0.   -0.   -0.   -0.   -0.   -0.   -0.   -0.   -0.
 -0.   -0.   -0.   -0.   -0.   -0.   -0.   -0.   -0.   -0.   -0.   -0.
 -0.   -0.   -0.   -0.   -0.   -0.   -0.   -0.   -0.   -0.   -0.   -0.
 -0.   -0.   -0.   -0.   -0.   -0.   -0.   -0.   -0.   -0.   -0.   -0.  ]"
3969,27.5,30,87.61,198.0,2023-01-18 11:48:55,2102.6,1475.7,19.1,"[ 2.96  2.96  2.96  2.96  2.96  5.01  5.01  5.01  5.    5.    5.    5.75
  5.04  5.04  5.04  5.04  0.29  0.29  0.29  0.36  0.36  0.36  1.9   1.9
 -0.   -0.   -0.   -0.   -0.   -0.   -0.   -0.   -0.   -0.   -0.   -0.
 -0.   -0.   -0.   -0.   -0.   -0.   -0.   -0.   -0.   -0.   -0.   -0.
 -0.   -0.   -0.   -0.   -0.   -0.   -0.   -0.   -0.   -0.   -0.   -0.
 -0.   -0.   -0.   -0.   -0.   -0.   -0.   -0.   -0.   -0.   -0.   -0.
 -0.   -0.   -0.   -0.   -0.   -0.   -0.   -0.   -0.   -0.   -0.   -0.
 -0.   -0.   -0.   -0.   -0.   -0.   -0.   -0.   -0.   -0.   -0.   -0.  ]"
3970,27.5,30,46.23,198.0,2023-01-18 13:08:51,323.6,207.3,2.9,"[1.68 1.68 1.68 1.68 1.68 1.68 1.68 0.   0.   0.   0.   0.   0.   0.
 0.   0.   0.   0.   0.   0.   0.   0.   0.   0.   0.   0.   0.   0.
 0.   0.   0.   0.   0.   0.   0.   0.   0.   0.   0.   0.   0.   0.
 0.   0.   0.   0.   0.   0.   0.   0.   0.   0.   0.   0.   0.   0.
 0.   0.   0.   0.   0.   0.   0.   0.   0.   0.   0.   0.   0.   0.
 0.   0.   0.   0.   0.   0.   0.   0.   0.   0.   0.   0.   0.   0.
 0.   0.   0.   0.   0.   0.   0.   0.   0.   0.   0.   0.  ]"
3971,27.5,30,95.36,198.0,2023-01-18 14:49:28,2193.3,2620.0,19.9,"[ 6.6   6.6   6.6   6.6   0.35  0.35  0.35  0.41  0.41  0.41  2.32  2.32
  4.22  4.22  4.22  4.22  4.22  4.22  4.22  4.22  4.22  4.22  4.22 -0.
 -0.   -0.   -0.   -0.   -0.   -0.   -0.   -0.   -0.   -0.   -0.   -0.
 -0.   -0.   -0.   -0.   -0.   -0.   -0.   -0.   -0.   -0.   -0.   -0.
 -0.   -0.   -0.   -0.   -0.   -0.   -0.   -0.   -0.   -0.   -0.   -0.
 -0.   -0.   -0.   -0.   -0.   -0.   -0.   -0.   -0.   -0.   -0.   -0.
 -0.   -0.   -0.   -0.   -0.   -0.   -0.   -0.   -0.   -0.   -0.   -0.
 -0.   -0.   -0.   -0.   -0.   -0.   -0.   -0.   -0.   -0.   -0.   -0.  ]"
3972,27.5,30,47.33,198.0,2023-01-18 15:55:52,284.0,412.0,2.6,"[ 1.21  1.21  1.21  2.23  2.23  2.23  0.    0.   -0.   -0.   -0.   -0.
 -0.   -0.   -0.   -0.   -0.   -0.   -0.   -0.   -0.   -0.   -0.   -0.
 -0.   -0.   -0.   -0.   -0.   -0.   -0.   -0.   -0.   -0.   -0.   -0.
 -0.   -0.   -0.   -0.   -0.   -0.   -0.   -0.   -0.   -0.   -0.   -0.
 -0.   -0.   -0.   -0.   -0.   -0.   -0.   -0.   -0.   -0.   -0.   -0.
 -0.   -0.   -0.   -0.   -0.   -0.   -0.   -0.   -0.   -0.   -0.   -0.
 -0.   -0.   -0.   -0.   -0.   -0.   -0.   -0.   -0.   -0.   -0.   -0.
 -0.   -0.   -0.   -0.   -0.   -0.   -0.   -0.   -0.   -0.   -0.   -0.  ]"
3974,27.5,30,113.44,198.0,2023-01-19 06:12:32,907.5,613.8,8.2,"[4.4 4.4 4.4 4.4 4.4 4.4 3.3 3.3 0.  0.  0.  0.  0.  0.  0.  0.  0.  0.
 0.  0.  0.  0.  0.  0.  0.  0.  0.  0.  0.  0.  0.  0.  0.  0.  0.  0.
 0.  0.  0.  0.  0.  0.  0.  0.  0.  0.  0.  0.  0.  0.  0.  0.  0.  0.
 0.  0.  0.  0.  0.  0.  0.  0.  0.  0.  0.  0.  0.  0.  0.  0.  0.  0.
 0.  0.  0.  0.  0.  0.  0.  0.  0.  0.  0.  0.  0.  0.  0.  0.  0.  0.
 0.  0.  0.  0.  0.  0. ]"
3975,27.5,30,71.74,198.0,2023-01-19 07:38:24,2654.4,1748.7,24.1,"[ 0.    0.    0.    0.    0.    4.51  4.51  4.21  4.21  4.21  4.21  4.21
  4.24  4.24  4.24  4.24  4.24  4.24  0.72  0.72  0.72  0.72  1.19  1.19
  1.19  1.64  2.35  2.35  3.8   3.8   3.8   5.67  6.6   1.13  1.13  1.13
  1.13 -0.   -0.   -0.   -0.   -0.   -0.   -0.   -0.   -0.   -0.   -0.
 -0.   -0.   -0.   -0.   -0.   -0.   -0.   -0.   -0.   -0.   -0.   -0.
 -0.   -0.   -0.   -0.   -0.   -0.   -0.   -0.   -0.   -0.   -0.   -0.
 -0.   -0.   -0.   -0.   -0.   -0.   -0.   -0.   -0.   -0.   -0.   -0.
 -0.   -0.   -0.   -0.   -0.   -0.   -0.   -0.   -0.   -0.   -0.   -0.  ]"
3976,27.5,30,86.55,198.0,2023-01-19 07:44:36,1904.0,1128.6,17.3,"[ 0.    0.    0.    0.    0.    4.58  4.58  4.27  4.27  4.27  4.27  4.27
  4.3   4.3   4.3   4.3   4.3   4.3   3.22  3.22  3.22  3.22 -0.   -0.
 -0.   -0.   -0.   -0.   -0.   -0.   -0.   -0.   -0.   -0.   -0.   -0.
 -0.   -0.   -0.   -0.   -0.   -0.   -0.   -0.   -0.   -0.   -0.   -0.
 -0.   -0.   -0.   -0.   -0.   -0.   -0.   -0.   -0.   -0.   -0.   -0.
 -0.   -0.   -0.   -0.   -0.   -0.   -0.   -0.   -0.   -0.   -0.   -0.
 -0.   -0.   -0.   -0.   -0.   -0.   -0.   -0.   -0.   -0.   -0.   -0.
 -0.   -0.   -0.   -0.   -0.   -0.   -0.   -0.   -0.   -0.   -0.   -0.  ]"
3977,27.5,30,81.77,198.0,2023-01-19 08:04:38,1880.6,1114.7,17.1,"[0.   0.   0.   3.21 3.21 3.   3.   3.   3.   3.   3.02 3.02 3.02 3.02
 3.02 3.02 3.18 3.18 3.18 3.18 5.38 5.38 5.38 0.   0.   0.   0.   0.
 0.   0.   0.   0.   0.   0.   0.   0.   0.   0.   0.   0.   0.   0.
 0.   0.   0.   0.   0.   0.   0.   0.   0.   0.   0.   0.   0.   0.
 0.   0.   0.   0.   0.   0.   0.   0.   0.   0.   0.   0.   0.   0.
 0.   0.   0.   0.   0.   0.   0.   0.   0.   0.   0.   0.   0.   0.
 0.   0.   0.   0.   0.   0.   0.   0.   0.   0.   0.   0.  ]"
3978,27.5,30,132.08,198.0,2023-01-19 08:11:50,2641.6,1565.7,24.0,"[0.   0.   0.   6.35 6.35 5.93 5.93 5.93 5.93 5.93 5.97 5.97 5.97 5.97
 5.97 5.97 4.47 4.47 4.47 4.47 0.   0.   0.   0.   0.   0.   0.   0.
 0.   0.   0.   0.   0.   0.   0.   0.   0.   0.   0.   0.   0.   0.
 0.   0.   0.   0.   0.   0.   0.   0.   0.   0.   0.   0.   0.   0.
 0.   0.   0.   0.   0.   0.   0.   0.   0.   0.   0.   0.   0.   0.
 0.   0.   0.   0.   0.   0.   0.   0.   0.   0.   0.   0.   0.   0.
 0.   0.   0.   0.   0.   0.   0.   0.   0.   0.   0.   0.  ]"
3979,27.5,30,86.23,198.0,2023-01-19 08:12:08,2500.6,1541.9,22.7,"[0.   0.   0.   4.5  4.5  4.2  4.2  4.2  4.2  4.2  4.23 4.23 4.23 4.23
 4.23 4.23 0.88 0.88 0.88 0.88 2.02 2.02 2.02 3.09 4.48 4.48 4.64 4.64
 4.64 0.   0.   0.   0.   0.   0.   0.   0.   0.   0.   0.   0.   0.
 0.   0.   0.   0.   0.   0.   0.   0.   0.   0.   0.   0.   0.   0.
 0.   0.   0.   0.   0.   0.   0.   0.   0.   0.   0.   0.   0.   0.
 0.   0.   0.   0.   0.   0.   0.   0.   0.   0.   0.   0.   0.   0.
 0.   0.   0.   0.   0.   0.   0.   0.   0.   0.   0.   0.  ]"
3980,27.5,30,96.33,198.0,2023-01-19 09:21:34,3564.2,2343.9,32.4,"[6.6  6.6  6.6  6.6  6.6  6.6  6.6  6.6  6.6  6.6  6.6  1.   1.   1.
 1.   1.97 1.97 1.97 2.9  5.52 5.52 5.02 5.02 5.02 5.74 6.6  0.45 0.45
 0.45 0.45 0.57 0.57 0.57 0.57 0.57 0.57 0.57 0.   0.   0.   0.   0.
 0.   0.   0.   0.   0.   0.   0.   0.   0.   0.   0.   0.   0.   0.
 0.   0.   0.   0.   0.   0.   0.   0.   0.   0.   0.   0.   0.   0.
 0.   0.   0.   0.   0.   0.   0.   0.   0.   0.   0.   0.   0.   0.
 0.   0.   0.   0.   0.   0.   0.   0.   0.   0.   0.   0.  ]"
3981,27.5,30,87.88,198.0,2023-01-19 10:44:03,1406.2,868.7,12.8,"[2.36 2.36 2.36 2.36 2.36 2.36 1.84 1.84 1.84 1.84 4.76 4.76 4.76 5.29
 5.01 5.01 0.   0.   0.   0.   0.   0.   0.   0.   0.   0.   0.   0.
 0.   0.   0.   0.   0.   0.   0.   0.   0.   0.   0.   0.   0.   0.
 0.   0.   0.   0.   0.   0.   0.   0.   0.   0.   0.   0.   0.   0.
 0.   0.   0.   0.   0.   0.   0.   0.   0.   0.   0.   0.   0.   0.
 0.   0.   0.   0.   0.   0.   0.   0.   0.   0.   0.   0.   0.   0.
 0.   0.   0.   0.   0.   0.   0.   0.   0.   0.   0.   0.  ]"
3982,27.5,30,47.61,198.0,2023-01-19 12:15:18,666.5,447.9,6.1,"[0.18 0.18 0.18 0.18 0.18 0.18 0.18 2.57 1.8  1.8  3.69 3.69 3.69 5.74
 0.   0.   0.   0.   0.   0.   0.   0.   0.   0.   0.   0.   0.   0.
 0.   0.   0.   0.   0.   0.   0.   0.   0.   0.   0.   0.   0.   0.
 0.   0.   0.   0.   0.   0.   0.   0.   0.   0.   0.   0.   0.   0.
 0.   0.   0.   0.   0.   0.   0.   0.   0.   0.   0.   0.   0.   0.
 0.   0.   0.   0.   0.   0.   0.   0.   0.   0.   0.   0.   0.   0.
 0.   0.   0.   0.   0.   0.   0.   0.   0.   0.   0.   0.  ]"
3983,27.5,30,81.28,198.0,2023-01-19 14:14:38,1707.0,1492.6,15.5,"[ 6.6   6.6   6.6   6.6   6.6   6.6   6.6   0.63  0.63  0.63  0.63  0.81
  0.81  0.81  0.81  0.81  0.81  0.81  0.89  3.39  3.39 -0.   -0.   -0.
 -0.   -0.   -0.   -0.   -0.   -0.   -0.   -0.   -0.   -0.   -0.   -0.
 -0.   -0.   -0.   -0.   -0.   -0.   -0.   -0.   -0.   -0.   -0.   -0.
 -0.   -0.   -0.   -0.   -0.   -0.   -0.   -0.   -0.   -0.   -0.   -0.
 -0.   -0.   -0.   -0.   -0.   -0.   -0.   -0.   -0.   -0.   -0.   -0.
 -0.   -0.   -0.   -0.   -0.   -0.   -0.   -0.   -0.   -0.   -0.   -0.
 -0.   -0.   -0.   -0.   -0.   -0.   -0.   -0.   -0.   -0.   -0.   -0.  ]"
3984,27.5,30,87.78,198.0,2023-01-19 14:37:33,1492.2,1462.1,13.6,"[ 6.6   6.6   6.6   6.6   6.6   1.18  1.18  1.18  1.18  2.01  2.01  2.01
  2.01  2.01  2.01  2.01  2.5  -0.   -0.   -0.   -0.   -0.   -0.   -0.
 -0.   -0.   -0.   -0.   -0.   -0.   -0.   -0.   -0.   -0.   -0.   -0.
 -0.   -0.   -0.   -0.   -0.   -0.   -0.   -0.   -0.   -0.   -0.   -0.
 -0.   -0.   -0.   -0.   -0.   -0.   -0.   -0.   -0.   -0.   -0.   -0.
 -0.   -0.   -0.   -0.   -0.   -0.   -0.   -0.   -0.   -0.   -0.   -0.
 -0.   -0.   -0.   -0.   -0.   -0.   -0.   -0.   -0.   -0.   -0.   -0.
 -0.   -0.   -0.   -0.   -0.   -0.   -0.   -0.   -0.   -0.   -0.   -0.  ]"
3985,27.5,30,89.83,198.0,2023-01-19 15:52:42,1976.4,2586.4,18.0,"[2.12 2.12 2.12 2.12 2.13 2.13 2.13 2.13 2.13 2.13 2.13 2.14 2.2  2.2
 4.79 4.79 4.79 4.79 4.79 4.79 6.6  6.6  0.   0.   0.   0.   0.   0.
 0.   0.   0.   0.   0.   0.   0.   0.   0.   0.   0.   0.   0.   0.
 0.   0.   0.   0.   0.   0.   0.   0.   0.   0.   0.   0.   0.   0.
 0.   0.   0.   0.   0.   0.   0.   0.   0.   0.   0.   0.   0.   0.
 0.   0.   0.   0.   0.   0.   0.   0.   0.   0.   0.   0.   0.   0.
 0.   0.   0.   0.   0.   0.   0.   0.   0.   0.   0.   0.  ]"
3986,27.5,30,92.59,198.0,2023-01-19 22:18:45,277.8,187.9,2.5,"[3.37 3.37 3.37 0.   0.   0.   0.   0.   0.   0.   0.   0.   0.   0.
 0.   0.   0.   0.   0.   0.   0.   0.   0.   0.   0.   0.   0.   0.
 0.   0.   0.   0.   0.   0.   0.   0.   0.   0.   0.   0.   0.   0.
 0.   0.   0.   0.   0.   0.   0.   0.   0.   0.   0.   0.   0.   0.
 0.   0.   0.   0.   0.   0.   0.   0.   0.   0.   0.   0.   0.   0.
 0.   0.   0.   0.   0.   0.   0.   0.   0.   0.   0.   0.   0.   0.
 0.   0.   0.   0.   0.   0.   0.   0.   0.   0.   0.   0.  ]"
3987,27.5,30,118.53,198.0,2023-01-20 06:26:49,829.7,561.2,7.5,"[ 5.03  5.03  5.03  5.03  5.03  2.51  2.51 -0.   -0.   -0.   -0.   -0.
 -0.   -0.   -0.   -0.   -0.   -0.   -0.   -0.   -0.   -0.   -0.   -0.
 -0.   -0.   -0.   -0.   -0.   -0.   -0.   -0.   -0.   -0.   -0.   -0.
 -0.   -0.   -0.   -0.   -0.   -0.   -0.   -0.   -0.   -0.   -0.   -0.
 -0.   -0.   -0.   -0.   -0.   -0.   -0.   -0.   -0.   -0.   -0.   -0.
 -0.   -0.   -0.   -0.   -0.   -0.   -0.   -0.   -0.   -0.   -0.   -0.
 -0.   -0.   -0.   -0.   -0.   -0.   -0.   -0.   -0.   -0.   -0.   -0.
 -0.   -0.   -0.   -0.   -0.   -0.   -0.   -0.   -0.   -0.   -0.   -0.  ]"
3988,27.5,30,71.09,198.0,2023-01-20 07:36:20,1421.8,842.7,12.9,"[0.   0.   0.   0.   0.   3.38 3.45 3.45 3.45 3.45 3.45 3.45 3.45 3.45
 3.45 3.45 3.45 3.45 3.45 3.45 0.   0.   0.   0.   0.   0.   0.   0.
 0.   0.   0.   0.   0.   0.   0.   0.   0.   0.   0.   0.   0.   0.
 0.   0.   0.   0.   0.   0.   0.   0.   0.   0.   0.   0.   0.   0.
 0.   0.   0.   0.   0.   0.   0.   0.   0.   0.   0.   0.   0.   0.
 0.   0.   0.   0.   0.   0.   0.   0.   0.   0.   0.   0.   0.   0.
 0.   0.   0.   0.   0.   0.   0.   0.   0.   0.   0.   0.  ]"
3989,27.5,30,31.56,198.0,2023-01-20 09:00:30,852.2,505.1,7.7,"[ 0.74  0.68  0.68  0.68  0.68  0.68  0.68  0.68  0.68  0.68  0.68  0.68
  0.68  0.68  0.68  4.14  4.14  4.14  4.14  4.14  0.    0.    0.    0.
  0.    0.    0.   -0.   -0.   -0.   -0.   -0.   -0.   -0.   -0.   -0.
 -0.   -0.   -0.   -0.   -0.   -0.   -0.   -0.   -0.   -0.   -0.   -0.
 -0.   -0.   -0.   -0.   -0.   -0.   -0.   -0.   -0.   -0.   -0.   -0.
 -0.   -0.   -0.   -0.   -0.   -0.   -0.   -0.   -0.   -0.   -0.   -0.
 -0.   -0.   -0.   -0.   -0.   -0.   -0.   -0.   -0.   -0.   -0.   -0.
 -0.   -0.   -0.   -0.   -0.   -0.   -0.   -0.   -0.   -0.   -0.   -0.  ]"
3990,27.5,30,95.28,198.0,2023-01-20 09:15:53,2000.9,1186.0,18.2,"[3.83 3.83 3.83 3.83 3.83 3.83 3.83 3.83 3.83 3.83 3.83 3.83 3.83 3.83
 3.83 3.83 3.83 3.83 3.83 0.   0.   0.   0.   0.   0.   0.   0.   0.
 0.   0.   0.   0.   0.   0.   0.   0.   0.   0.   0.   0.   0.   0.
 0.   0.   0.   0.   0.   0.   0.   0.   0.   0.   0.   0.   0.   0.
 0.   0.   0.   0.   0.   0.   0.   0.   0.   0.   0.   0.   0.   0.
 0.   0.   0.   0.   0.   0.   0.   0.   0.   0.   0.   0.   0.   0.
 0.   0.   0.   0.   0.   0.   0.   0.   0.   0.   0.   0.  ]"
3992,27.5,30,83.15,198.0,2023-01-20 21:31:56,498.9,337.4,4.5,"[3.02 3.02 3.02 3.02 3.02 3.02 0.   0.   0.   0.   0.   0.   0.   0.
 0.   0.   0.   0.   0.   0.   0.   0.   0.   0.   0.   0.   0.   0.
 0.   0.   0.   0.   0.   0.   0.   0.   0.   0.   0.   0.   0.   0.
 0.   0.   0.   0.   0.   0.   0.   0.   0.   0.   0.   0.   0.   0.
 0.   0.   0.   0.   0.   0.   0.   0.   0.   0.   0.   0.   0.   0.
 0.   0.   0.   0.   0.   0.   0.   0.   0.   0.   0.   0.   0.   0.
 0.   0.   0.   0.   0.   0.   0.   0.   0.   0.   0.   0.  ]"
3993,27.5,30,91.51,198.0,2023-01-21 08:58:02,2470.8,1464.5,22.5,"[4.49 4.49 4.49 4.49 4.49 4.49 4.49 4.49 4.49 4.49 4.49 4.49 4.49 4.49
 4.49 4.49 4.49 4.49 4.49 4.49 0.   0.   0.   0.   0.   0.   0.   0.
 0.   0.   0.   0.   0.   0.   0.   0.   0.   0.   0.   0.   0.   0.
 0.   0.   0.   0.   0.   0.   0.   0.   0.   0.   0.   0.   0.   0.
 0.   0.   0.   0.   0.   0.   0.   0.   0.   0.   0.   0.   0.   0.
 0.   0.   0.   0.   0.   0.   0.   0.   0.   0.   0.   0.   0.   0.
 0.   0.   0.   0.   0.   0.   0.   0.   0.   0.   0.   0.  ]"
3997,27.5,30,89.82,198.0,2023-01-21 16:10:38,538.9,781.9,4.9,"[3.27 3.27 3.27 3.27 3.27 3.27 0.   0.   0.   0.   0.   0.   0.   0.
 0.   0.   0.   0.   0.   0.   0.   0.   0.   0.   0.   0.   0.   0.
 0.   0.   0.   0.   0.   0.   0.   0.   0.   0.   0.   0.   0.   0.
 0.   0.   0.   0.   0.   0.   0.   0.   0.   0.   0.   0.   0.   0.
 0.   0.   0.   0.   0.   0.   0.   0.   0.   0.   0.   0.   0.   0.
 0.   0.   0.   0.   0.   0.   0.   0.   0.   0.   0.   0.   0.   0.
 0.   0.   0.   0.   0.   0.   0.   0.   0.   0.   0.   0.  ]"
3998,27.5,30,55.75,198.0,2023-01-21 17:17:45,1115.0,914.8,10.1,"[0.54 0.54 0.54 0.54 0.54 0.54 0.54 0.54 0.54 0.54 0.54 0.54 0.54 0.54
 6.6  5.28 5.28 5.28 5.28 5.28 0.   0.   0.   0.   0.   0.   0.   0.
 0.   0.   0.   0.   0.   0.   0.   0.   0.   0.   0.   0.   0.   0.
 0.   0.   0.   0.   0.   0.   0.   0.   0.   0.   0.   0.   0.   0.
 0.   0.   0.   0.   0.   0.   0.   0.   0.   0.   0.   0.   0.   0.
 0.   0.   0.   0.   0.   0.   0.   0.   0.   0.   0.   0.   0.   0.
 0.   0.   0.   0.   0.   0.   0.   0.   0.   0.   0.   0.  ]"
3999,27.5,30,88.62,198.0,2023-01-21 21:12:29,708.9,479.5,6.4,"[1.24 1.24 1.24 1.24 1.24 6.52 6.52 6.52 0.   0.   0.   0.   0.   0.
 0.   0.   0.   0.   0.   0.   0.   0.   0.   0.   0.   0.   0.   0.
 0.   0.   0.   0.   0.   0.   0.   0.   0.   0.   0.   0.   0.   0.
 0.   0.   0.   0.   0.   0.   0.   0.   0.   0.   0.   0.   0.   0.
 0.   0.   0.   0.   0.   0.   0.   0.   0.   0.   0.   0.   0.   0.
 0.   0.   0.   0.   0.   0.   0.   0.   0.   0.   0.   0.   0.   0.
 0.   0.   0.   0.   0.   0.   0.   0.   0.   0.   0.   0.  ]"
4001,27.5,30,86.96,198.0,2023-01-22 22:03:34,347.9,235.3,3.2,"[3.16 3.16 3.16 3.16 0.   0.   0.   0.   0.   0.   0.   0.   0.   0.
 0.   0.   0.   0.   0.   0.   0.   0.   0.   0.   0.   0.   0.   0.
 0.   0.   0.   0.   0.   0.   0.   0.   0.   0.   0.   0.   0.   0.
 0.   0.   0.   0.   0.   0.   0.   0.   0.   0.   0.   0.   0.   0.
 0.   0.   0.   0.   0.   0.   0.   0.   0.   0.   0.   0.   0.   0.
 0.   0.   0.   0.   0.   0.   0.   0.   0.   0.   0.   0.   0.   0.
 0.   0.   0.   0.   0.   0.   0.   0.   0.   0.   0.   0.  ]"
4002,27.5,30,94.52,198.0,2023-01-23 07:30:24,1512.3,896.4,13.7,"[0.  0.  0.  0.  0.  0.  5.5 5.5 5.5 5.5 5.5 5.5 5.5 5.5 5.5 5.5 0.  0.
 0.  0.  0.  0.  0.  0.  0.  0.  0.  0.  0.  0.  0.  0.  0.  0.  0.  0.
 0.  0.  0.  0.  0.  0.  0.  0.  0.  0.  0.  0.  0.  0.  0.  0.  0.  0.
 0.  0.  0.  0.  0.  0.  0.  0.  0.  0.  0.  0.  0.  0.  0.  0.  0.  0.
 0.  0.  0.  0.  0.  0.  0.  0.  0.  0.  0.  0.  0.  0.  0.  0.  0.  0.
 0.  0.  0.  0.  0.  0. ]"
4003,27.5,30,71.31,198.0,2023-01-23 08:19:44,2567.3,1529.3,23.3,"[ 0.    0.    3.34  3.6   3.32  3.46  3.46  3.46  3.46  3.46  3.46  3.46
  5.43  5.43  5.43  5.43  5.43  5.43  5.43  5.43  6.08  6.08  0.    0.
  0.    0.    0.    0.    1.66  1.66  0.    0.    0.    0.    0.    0.
 -0.   -0.   -0.   -0.   -0.   -0.   -0.   -0.   -0.   -0.   -0.   -0.
 -0.   -0.   -0.   -0.   -0.   -0.   -0.   -0.   -0.   -0.   -0.   -0.
 -0.   -0.   -0.   -0.   -0.   -0.   -0.   -0.   -0.   -0.   -0.   -0.
 -0.   -0.   -0.   -0.   -0.   -0.   -0.   -0.   -0.   -0.   -0.   -0.
 -0.   -0.   -0.   -0.   -0.   -0.   -0.   -0.   -0.   -0.   -0.   -0.  ]"
4004,27.5,30,85.24,198.0,2023-01-23 08:46:06,1534.4,909.5,13.9,"[1.59 2.19 1.8  1.9  1.9  1.9  1.9  1.9  1.9  1.9  4.61 4.61 4.61 4.61
 4.61 4.61 4.61 4.61 0.   0.   0.   0.   0.   0.   0.   0.   0.   0.
 0.   0.   0.   0.   0.   0.   0.   0.   0.   0.   0.   0.   0.   0.
 0.   0.   0.   0.   0.   0.   0.   0.   0.   0.   0.   0.   0.   0.
 0.   0.   0.   0.   0.   0.   0.   0.   0.   0.   0.   0.   0.   0.
 0.   0.   0.   0.   0.   0.   0.   0.   0.   0.   0.   0.   0.   0.
 0.   0.   0.   0.   0.   0.   0.   0.   0.   0.   0.   0.  ]"
4005,27.5,30,93.11,198.0,2023-01-23 08:52:32,2327.7,1379.7,21.2,"[ 4.12  3.02  2.78  2.92  2.92  2.92  2.92  2.92  2.92  2.92  5.27  5.27
  5.27  5.27  5.27  5.27  5.27  5.27  6.08  6.08  0.    0.    0.    0.
  0.   -0.   -0.   -0.    0.    0.    0.    0.    0.    0.    0.    0.
  0.    0.    0.    0.    0.    0.    0.    0.    0.    0.    0.    0.
  0.    0.    0.    0.    0.    0.    0.    0.    0.    0.    0.    0.
  0.    0.    0.    0.    0.    0.    0.    0.    0.    0.    0.    0.
  0.    0.    0.    0.    0.    0.    0.    0.    0.    0.    0.    0.
  0.    0.    0.    0.    0.    0.    0.    0.    0.    0.    0.    0.  ]"
4006,27.5,30,56.59,198.0,2023-01-23 09:03:20,1188.3,704.3,10.8,"[2.21 1.06 1.1  1.1  1.1  1.1  1.1  1.1  1.1  2.6  2.6  2.6  2.6  2.6
 2.6  2.6  2.6  5.74 5.74 0.   0.   0.   0.   0.   0.   0.   0.   0.
 0.   0.   0.   0.   0.   0.   0.   0.   0.   0.   0.   0.   0.   0.
 0.   0.   0.   0.   0.   0.   0.   0.   0.   0.   0.   0.   0.   0.
 0.   0.   0.   0.   0.   0.   0.   0.   0.   0.   0.   0.   0.   0.
 0.   0.   0.   0.   0.   0.   0.   0.   0.   0.   0.   0.   0.   0.
 0.   0.   0.   0.   0.   0.   0.   0.   0.   0.   0.   0.  ]"
4008,27.5,30,100.02,198.0,2023-01-23 09:22:40,3500.5,2099.5,31.8,"[6.6  6.6  6.6  6.6  6.6  6.6  6.6  6.6  6.6  6.6  6.6  6.6  6.6  6.6
 6.6  6.6  6.6  6.6  0.23 0.23 0.24 0.24 0.24 0.24 3.42 3.42 0.03 0.03
 0.03 0.03 0.03 0.03 0.03 0.03 0.03 0.   0.   0.   0.   0.   0.   0.
 0.   0.   0.   0.   0.   0.   0.   0.   0.   0.   0.   0.   0.   0.
 0.   0.   0.   0.   0.   0.   0.   0.   0.   0.   0.   0.   0.   0.
 0.   0.   0.   0.   0.   0.   0.   0.   0.   0.   0.   0.   0.   0.
 0.   0.   0.   0.   0.   0.   0.   0.   0.   0.   0.   0.  ]"
4009,27.5,30,84.89,198.0,2023-01-23 09:28:53,679.1,402.5,6.2,"[ 3.53  3.02  3.02  3.02  3.02  3.02  3.02  3.02 -0.   -0.   -0.   -0.
 -0.   -0.   -0.   -0.    0.    0.    0.    0.    0.    0.    0.    0.
  0.    0.    0.    0.    0.    0.    0.    0.    0.    0.    0.    0.
  0.    0.    0.    0.    0.    0.    0.    0.    0.    0.    0.    0.
  0.    0.    0.    0.    0.    0.    0.    0.    0.    0.    0.    0.
  0.    0.    0.    0.    0.    0.    0.    0.    0.    0.    0.    0.
  0.    0.    0.    0.    0.    0.    0.    0.    0.    0.    0.    0.
  0.    0.    0.    0.    0.    0.    0.    0.    0.    0.    0.    0.  ]"
4012,27.5,30,96.45,198.0,2023-01-23 09:33:01,3375.7,2054.6,30.7,"[6.6  6.6  6.6  6.6  6.6  6.6  6.6  6.6  6.6  6.6  6.6  6.6  6.6  6.6
 6.6  6.6  6.6  1.2  1.2  1.33 1.33 1.33 1.38 0.69 0.69 0.13 0.13 0.13
 0.13 0.13 0.14 0.14 0.14 0.14 0.14 0.   0.   0.   0.   0.   0.   0.
 0.   0.   0.   0.   0.   0.   0.   0.   0.   0.   0.   0.   0.   0.
 0.   0.   0.   0.   0.   0.   0.   0.   0.   0.   0.   0.   0.   0.
 0.   0.   0.   0.   0.   0.   0.   0.   0.   0.   0.   0.   0.   0.
 0.   0.   0.   0.   0.   0.   0.   0.   0.   0.   0.   0.  ]"
4013,27.5,30,66.69,198.0,2023-01-23 15:18:21,1000.4,1170.3,9.1,"[6.6  6.6  1.32 1.32 1.32 1.32 1.32 2.01 2.01 2.01 2.01 2.03 2.18 2.18
 2.18 0.   0.   0.   0.   0.   0.   0.   0.   0.   0.   0.   0.   0.
 0.   0.   0.   0.   0.   0.   0.   0.   0.   0.   0.   0.   0.   0.
 0.   0.   0.   0.   0.   0.   0.   0.   0.   0.   0.   0.   0.   0.
 0.   0.   0.   0.   0.   0.   0.   0.   0.   0.   0.   0.   0.   0.
 0.   0.   0.   0.   0.   0.   0.   0.   0.   0.   0.   0.   0.   0.
 0.   0.   0.   0.   0.   0.   0.   0.   0.   0.   0.   0.  ]"
4015,27.5,30,19.21,198.0,2023-01-23 16:00:44,96.0,139.3,0.9,"[ 0.7  0.7  0.7  0.7  0.7 -0.  -0.  -0.  -0.  -0.  -0.  -0.  -0.  -0.
 -0.  -0.  -0.  -0.  -0.  -0.  -0.  -0.  -0.  -0.  -0.  -0.  -0.  -0.
 -0.  -0.  -0.  -0.  -0.  -0.  -0.  -0.  -0.  -0.  -0.  -0.  -0.  -0.
 -0.  -0.  -0.  -0.  -0.  -0.  -0.  -0.  -0.  -0.  -0.  -0.  -0.  -0.
 -0.  -0.  -0.  -0.  -0.  -0.  -0.  -0.  -0.  -0.  -0.  -0.  -0.  -0.
 -0.  -0.  -0.  -0.  -0.  -0.  -0.  -0.  -0.  -0.  -0.  -0.  -0.  -0.
 -0.  -0.  -0.  -0.  -0.  -0.  -0.  -0.  -0.  -0.  -0.  -0. ]"
4017,27.5,30,86.26,198.0,2023-01-23 22:04:02,345.0,233.4,3.1,"[3.14 3.14 3.14 3.14 0.   0.   0.   0.   0.   0.   0.   0.   0.   0.
 0.   0.   0.   0.   0.   0.   0.   0.   0.   0.   0.   0.   0.   0.
 0.   0.   0.   0.   0.   0.   0.   0.   0.   0.   0.   0.   0.   0.
 0.   0.   0.   0.   0.   0.   0.   0.   0.   0.   0.   0.   0.   0.
 0.   0.   0.   0.   0.   0.   0.   0.   0.   0.   0.   0.   0.   0.
 0.   0.   0.   0.   0.   0.   0.   0.   0.   0.   0.   0.   0.   0.
 0.   0.   0.   0.   0.   0.   0.   0.   0.   0.   0.   0.  ]"
4018,27.5,30,84.13,198.0,2023-01-24 08:16:10,1346.1,797.9,12.2,"[0.   0.   3.73 3.18 3.36 3.33 3.4  3.4  3.4  3.4  3.4  3.4  3.4  3.4
 3.4  4.74 0.   0.   0.   0.   0.   0.   0.   0.   0.   0.   0.   0.
 0.   0.   0.   0.   0.   0.   0.   0.   0.   0.   0.   0.   0.   0.
 0.   0.   0.   0.   0.   0.   0.   0.   0.   0.   0.   0.   0.   0.
 0.   0.   0.   0.   0.   0.   0.   0.   0.   0.   0.   0.   0.   0.
 0.   0.   0.   0.   0.   0.   0.   0.   0.   0.   0.   0.   0.   0.
 0.   0.   0.   0.   0.   0.   0.   0.   0.   0.   0.   0.  ]"
4019,27.5,30,90.32,198.0,2023-01-24 08:43:46,1264.5,749.5,11.5,"[0.   3.81 3.49 3.52 3.52 3.52 3.52 3.52 3.52 3.52 3.52 3.52 3.52 3.52
 0.   0.   0.   0.   0.   0.   0.   0.   0.   0.   0.   0.   0.   0.
 0.   0.   0.   0.   0.   0.   0.   0.   0.   0.   0.   0.   0.   0.
 0.   0.   0.   0.   0.   0.   0.   0.   0.   0.   0.   0.   0.   0.
 0.   0.   0.   0.   0.   0.   0.   0.   0.   0.   0.   0.   0.   0.
 0.   0.   0.   0.   0.   0.   0.   0.   0.   0.   0.   0.   0.   0.
 0.   0.   0.   0.   0.   0.   0.   0.   0.   0.   0.   0.  ]"
4020,27.5,30,56.51,198.0,2023-01-24 09:02:01,1525.8,958.0,13.9,"[1.38 1.14 1.17 1.25 1.25 1.25 1.25 1.25 1.25 1.25 1.25 1.25 2.46 2.46
 2.46 2.46 2.46 2.46 2.46 2.11 3.03 3.03 3.03 3.03 3.03 3.03 3.03 0.
 0.   0.   0.   0.   0.   0.   0.   0.   0.   0.   0.   0.   0.   0.
 0.   0.   0.   0.   0.   0.   0.   0.   0.   0.   0.   0.   0.   0.
 0.   0.   0.   0.   0.   0.   0.   0.   0.   0.   0.   0.   0.   0.
 0.   0.   0.   0.   0.   0.   0.   0.   0.   0.   0.   0.   0.   0.
 0.   0.   0.   0.   0.   0.   0.   0.   0.   0.   0.   0.  ]"
4023,27.5,30,97.82,198.0,2023-01-24 09:29:47,3912.9,2483.9,35.6,"[6.6  6.6  6.6  6.6  6.6  6.6  6.6  6.6  6.6  6.6  6.6  4.05 4.05 4.05
 4.05 4.05 4.05 4.05 3.56 4.93 4.93 4.93 4.93 4.93 4.93 4.93 0.   0.
 0.3  0.3  0.3  0.3  0.3  0.3  0.22 0.22 0.22 0.27 0.27 0.27 0.   0.
 0.   0.   0.   0.   0.   0.   0.   0.   0.   0.   0.   0.   0.   0.
 0.   0.   0.   0.   0.   0.   0.   0.   0.   0.   0.   0.   0.   0.
 0.   0.   0.   0.   0.   0.   0.   0.   0.   0.   0.   0.   0.   0.
 0.   0.   0.   0.   0.   0.   0.   0.   0.   0.   0.   0.  ]"
4024,27.5,30,71.52,198.0,2023-01-24 09:33:43,786.7,466.3,7.2,"[2.86 2.42 2.42 2.42 2.42 2.42 2.42 2.42 2.42 2.42 3.95 0.   0.   0.
 0.   0.   0.   0.   0.   0.   0.   0.   0.   0.   0.   0.   0.   0.
 0.   0.   0.   0.   0.   0.   0.   0.   0.   0.   0.   0.   0.   0.
 0.   0.   0.   0.   0.   0.   0.   0.   0.   0.   0.   0.   0.   0.
 0.   0.   0.   0.   0.   0.   0.   0.   0.   0.   0.   0.   0.   0.
 0.   0.   0.   0.   0.   0.   0.   0.   0.   0.   0.   0.   0.   0.
 0.   0.   0.   0.   0.   0.   0.   0.   0.   0.   0.   0.  ]"
4025,27.5,30,85.09,198.0,2023-01-24 09:47:28,3233.4,2150.4,29.4,"[2.61 2.61 2.61 2.61 2.61 2.61 2.61 2.61 2.61 5.75 5.75 5.75 5.75 5.75
 5.75 5.75 5.64 6.15 6.15 6.15 6.15 6.15 6.15 6.15 0.   0.   0.47 0.47
 0.47 0.47 0.47 0.47 0.35 0.35 0.35 0.43 0.43 0.43 0.   0.   0.   0.
 0.   0.   0.   0.   0.   0.   0.   0.   0.   0.   0.   0.   0.   0.
 0.   0.   0.   0.   0.   0.   0.   0.   0.   0.   0.   0.   0.   0.
 0.   0.   0.   0.   0.   0.   0.   0.   0.   0.   0.   0.   0.   0.
 0.   0.   0.   0.   0.   0.   0.   0.   0.   0.   0.   0.  ]"
4022,27.5,30,97.64,198.0,2023-01-24 12:15:14,2538.7,1626.2,23.1,"[ 5.64  5.64  5.64  5.64  5.64  5.64  5.64  6.6   6.6   6.6   6.6   6.6
  6.6   6.6   6.6  -0.   -0.    0.    0.    0.    0.    0.    0.    0.
  0.    0.   -0.   -0.   -0.   -0.   -0.   -0.   -0.   -0.   -0.   -0.
 -0.   -0.   -0.   -0.   -0.   -0.   -0.   -0.   -0.   -0.   -0.   -0.
 -0.   -0.   -0.   -0.   -0.   -0.   -0.   -0.   -0.   -0.   -0.   -0.
 -0.   -0.   -0.   -0.   -0.   -0.   -0.   -0.   -0.   -0.   -0.   -0.
 -0.   -0.   -0.   -0.   -0.   -0.   -0.   -0.   -0.   -0.   -0.   -0.
 -0.   -0.   -0.   -0.   -0.   -0.   -0.   -0.   -0.   -0.   -0.   -0.  ]"
4027,27.5,30,90.91,198.0,2023-01-24 14:02:13,1181.8,799.3,10.7,"[6.14 6.14 6.14 6.14 6.14 6.14 6.14 0.   0.   0.   0.   0.   0.   0.
 0.   0.   0.   0.   0.   0.   0.   0.   0.   0.   0.   0.   0.   0.
 0.   0.   0.   0.   0.   0.   0.   0.   0.   0.   0.   0.   0.   0.
 0.   0.   0.   0.   0.   0.   0.   0.   0.   0.   0.   0.   0.   0.
 0.   0.   0.   0.   0.   0.   0.   0.   0.   0.   0.   0.   0.   0.
 0.   0.   0.   0.   0.   0.   0.   0.   0.   0.   0.   0.   0.   0.
 0.   0.   0.   0.   0.   0.   0.   0.   0.   0.   0.   0.  ]"
4030,27.5,30,88.99,198.0,2023-01-24 16:21:09,1067.8,1549.3,9.7,"[3.53 3.53 3.53 3.53 3.53 3.53 3.01 3.01 3.01 2.88 2.88 2.88 0.   0.
 0.   0.   0.   0.   0.   0.   0.   0.   0.   0.   0.   0.   0.   0.
 0.   0.   0.   0.   0.   0.   0.   0.   0.   0.   0.   0.   0.   0.
 0.   0.   0.   0.   0.   0.   0.   0.   0.   0.   0.   0.   0.   0.
 0.   0.   0.   0.   0.   0.   0.   0.   0.   0.   0.   0.   0.   0.
 0.   0.   0.   0.   0.   0.   0.   0.   0.   0.   0.   0.   0.   0.
 0.   0.   0.   0.   0.   0.   0.   0.   0.   0.   0.   0.  ]"
4032,27.5,30,88.16,198.0,2023-01-24 17:53:08,264.5,383.7,2.4,"[ 3.21  3.21  3.21 -0.   -0.   -0.   -0.   -0.   -0.   -0.   -0.   -0.
 -0.   -0.   -0.   -0.   -0.   -0.   -0.   -0.   -0.   -0.   -0.   -0.
 -0.   -0.   -0.   -0.   -0.   -0.   -0.   -0.   -0.   -0.   -0.   -0.
 -0.   -0.   -0.   -0.   -0.   -0.   -0.   -0.   -0.   -0.   -0.   -0.
 -0.   -0.   -0.   -0.   -0.   -0.   -0.   -0.   -0.   -0.   -0.   -0.
 -0.   -0.   -0.   -0.   -0.   -0.   -0.   -0.   -0.   -0.   -0.   -0.
 -0.   -0.   -0.   -0.   -0.   -0.   -0.   -0.   -0.   -0.   -0.   -0.
 -0.   -0.   -0.   -0.   -0.   -0.   -0.   -0.   -0.   -0.   -0.   -0.  ]"
4034,27.5,30,84.96,198.0,2023-01-25 07:37:09,2293.9,1372.3,20.9,"[0.   0.   0.   0.   0.   4.38 4.38 4.38 4.14 4.13 4.13 4.13 4.13 4.13
 4.13 4.13 4.13 4.13 4.13 4.13 4.13 2.76 2.76 2.76 2.76 2.76 2.76 0.
 0.   0.   0.   0.   0.   0.   0.   0.   0.   0.   0.   0.   0.   0.
 0.   0.   0.   0.   0.   0.   0.   0.   0.   0.   0.   0.   0.   0.
 0.   0.   0.   0.   0.   0.   0.   0.   0.   0.   0.   0.   0.   0.
 0.   0.   0.   0.   0.   0.   0.   0.   0.   0.   0.   0.   0.   0.
 0.   0.   0.   0.   0.   0.   0.   0.   0.   0.   0.   0.  ]"
4035,27.5,30,104.58,198.0,2023-01-25 07:42:22,3974.0,2432.0,36.1,"[1.34 1.34 1.34 1.34 1.34 6.6  6.6  6.6  6.6  6.6  6.6  6.6  6.6  6.6
 6.6  6.6  6.6  6.6  6.6  6.6  6.6  1.41 1.41 1.41 1.41 1.41 1.41 3.39
 3.39 4.42 4.42 4.06 4.06 0.   0.   0.   0.   0.   0.   0.   0.   0.
 0.   0.   0.   0.   0.   0.   0.   0.   0.   0.   0.   0.   0.   0.
 0.   0.   0.   0.   0.   0.   0.   0.   0.   0.   0.   0.   0.   0.
 0.   0.   0.   0.   0.   0.   0.   0.   0.   0.   0.   0.   0.   0.
 0.   0.   0.   0.   0.   0.   0.   0.   0.   0.   0.   0.  ]"
4037,27.5,30,57.54,198.0,2023-01-25 09:31:25,2014.0,1295.2,18.3,"[4.05 4.07 4.07 4.07 4.07 4.07 4.07 4.07 4.07 4.07 4.07 4.07 4.07 0.92
 0.92 0.92 0.92 0.92 0.92 1.64 1.64 2.   2.   2.3  2.3  0.   0.   0.
 0.   0.   0.59 0.59 0.59 0.59 0.59 0.   0.   0.   0.   0.   0.   0.
 0.   0.   0.   0.   0.   0.   0.   0.   0.   0.   0.   0.   0.   0.
 0.   0.   0.   0.   0.   0.   0.   0.   0.   0.   0.   0.   0.   0.
 0.   0.   0.   0.   0.   0.   0.   0.   0.   0.   0.   0.   0.   0.
 0.   0.   0.   0.   0.   0.   0.   0.   0.   0.   0.   0.  ]"
4039,27.5,30,16.12,198.0,2023-01-25 09:43:21,306.2,183.5,2.8,"[0.69 0.65 0.65 0.65 0.65 0.65 0.65 0.65 0.65 0.65 0.65 0.65 0.65 0.43
 0.43 0.43 0.43 0.44 0.44 0.   0.   0.   0.   0.   0.   0.   0.   0.
 0.   0.   0.   0.   0.   0.   0.   0.   0.   0.   0.   0.   0.   0.
 0.   0.   0.   0.   0.   0.   0.   0.   0.   0.   0.   0.   0.   0.
 0.   0.   0.   0.   0.   0.   0.   0.   0.   0.   0.   0.   0.   0.
 0.   0.   0.   0.   0.   0.   0.   0.   0.   0.   0.   0.   0.   0.
 0.   0.   0.   0.   0.   0.   0.   0.   0.   0.   0.   0.  ]"
4040,27.5,30,10.85,198.0,2023-01-25 09:53:31,368.9,234.6,3.4,"[0.84 0.84 0.78 0.78 0.78 0.78 0.78 0.78 0.78 0.78 0.78 0.78 0.25 0.25
 0.25 0.25 0.25 0.25 0.28 0.28 0.38 0.38 0.36 0.36 0.   0.   0.   0.
 0.   0.09 0.09 0.09 0.09 0.09 0.   0.   0.   0.   0.   0.   0.   0.
 0.   0.   0.   0.   0.   0.   0.   0.   0.   0.   0.   0.   0.   0.
 0.   0.   0.   0.   0.   0.   0.   0.   0.   0.   0.   0.   0.   0.
 0.   0.   0.   0.   0.   0.   0.   0.   0.   0.   0.   0.   0.   0.
 0.   0.   0.   0.   0.   0.   0.   0.   0.   0.   0.   0.  ]"
4041,27.5,30,60.53,198.0,2023-01-25 10:22:37,1210.5,737.1,11.0,"[ 3.23  3.23  3.23  3.23  3.23  3.23  3.23  3.23  3.23  3.23  0.79  0.79
  0.79  0.79  0.79  0.79  1.25  1.25  2.24  2.24 -0.   -0.   -0.   -0.
 -0.   -0.   -0.   -0.   -0.   -0.   -0.   -0.   -0.   -0.   -0.   -0.
 -0.   -0.   -0.   -0.   -0.   -0.   -0.   -0.   -0.   -0.   -0.   -0.
 -0.   -0.   -0.   -0.   -0.   -0.   -0.   -0.   -0.   -0.   -0.   -0.
 -0.   -0.   -0.   -0.   -0.   -0.   -0.   -0.   -0.   -0.   -0.   -0.
 -0.   -0.   -0.   -0.   -0.   -0.   -0.   -0.   -0.   -0.   -0.   -0.
 -0.   -0.   -0.   -0.   -0.   -0.   -0.   -0.   -0.   -0.   -0.   -0.  ]"
4042,27.5,30,90.49,198.0,2023-01-25 12:52:04,1538.3,994.4,14.0,"[ 5.01  5.01  5.01  5.01  5.01  5.01  5.01  5.01  3.31  3.31  4.61  4.61
  0.    0.    0.    0.    0.   -0.   -0.   -0.   -0.   -0.   -0.   -0.
 -0.   -0.   -0.   -0.   -0.   -0.   -0.   -0.   -0.   -0.   -0.   -0.
 -0.   -0.   -0.   -0.   -0.   -0.   -0.   -0.   -0.   -0.   -0.   -0.
 -0.   -0.   -0.   -0.   -0.   -0.   -0.   -0.   -0.   -0.   -0.   -0.
 -0.   -0.   -0.   -0.   -0.   -0.   -0.   -0.   -0.   -0.   -0.   -0.
 -0.   -0.   -0.   -0.   -0.   -0.   -0.   -0.   -0.   -0.   -0.   -0.
 -0.   -0.   -0.   -0.   -0.   -0.   -0.   -0.   -0.   -0.   -0.   -0.  ]"
4043,27.5,30,79.73,198.0,2023-01-25 14:55:23,2551.4,2274.3,23.2,"[6.6  6.6  6.6  6.6  1.02 1.02 1.02 1.02 1.02 0.65 0.65 0.65 0.65 0.65
 0.68 0.68 1.04 1.04 1.04 1.04 1.04 3.63 3.63 3.63 6.6  6.6  6.6  6.6
 3.56 3.56 3.56 3.56 0.   0.   0.   0.   0.   0.   0.   0.   0.   0.
 0.   0.   0.   0.   0.   0.   0.   0.   0.   0.   0.   0.   0.   0.
 0.   0.   0.   0.   0.   0.   0.   0.   0.   0.   0.   0.   0.   0.
 0.   0.   0.   0.   0.   0.   0.   0.   0.   0.   0.   0.   0.   0.
 0.   0.   0.   0.   0.   0.   0.   0.   0.   0.   0.   0.  ]"
4044,27.5,30,91.6,198.0,2023-01-25 15:25:11,1740.4,2244.0,15.8,"[6.6  6.6  3.17 3.17 3.17 3.17 3.17 1.55 1.55 1.55 1.55 1.55 1.77 1.77
 4.59 4.59 4.59 4.59 4.59 0.   0.   0.   0.   0.   0.   0.   0.   0.
 0.   0.   0.   0.   0.   0.   0.   0.   0.   0.   0.   0.   0.   0.
 0.   0.   0.   0.   0.   0.   0.   0.   0.   0.   0.   0.   0.   0.
 0.   0.   0.   0.   0.   0.   0.   0.   0.   0.   0.   0.   0.   0.
 0.   0.   0.   0.   0.   0.   0.   0.   0.   0.   0.   0.   0.   0.
 0.   0.   0.   0.   0.   0.   0.   0.   0.   0.   0.   0.  ]"
4046,27.5,30,92.06,198.0,2023-01-25 17:01:39,644.4,935.0,5.9,"[ 3.23  3.23  3.23  3.23  3.23  3.65  3.65 -0.   -0.   -0.   -0.   -0.
 -0.   -0.   -0.   -0.   -0.   -0.   -0.   -0.   -0.   -0.   -0.   -0.
 -0.   -0.   -0.   -0.   -0.   -0.   -0.   -0.   -0.   -0.   -0.   -0.
 -0.   -0.   -0.   -0.   -0.   -0.   -0.   -0.   -0.   -0.   -0.   -0.
 -0.   -0.   -0.   -0.   -0.   -0.   -0.   -0.   -0.   -0.   -0.   -0.
 -0.   -0.   -0.   -0.   -0.   -0.   -0.   -0.   -0.   -0.   -0.   -0.
 -0.   -0.   -0.   -0.   -0.   -0.   -0.   -0.   -0.   -0.   -0.   -0.
 -0.   -0.   -0.   -0.   -0.   -0.   -0.   -0.   -0.   -0.   -0.   -0.  ]"
4048,27.5,30,98.34,198.0,2023-01-25 22:00:30,393.4,266.1,3.6,"[3.58 3.58 3.58 3.58 0.   0.   0.   0.   0.   0.   0.   0.   0.   0.
 0.   0.   0.   0.   0.   0.   0.   0.   0.   0.   0.   0.   0.   0.
 0.   0.   0.   0.   0.   0.   0.   0.   0.   0.   0.   0.   0.   0.
 0.   0.   0.   0.   0.   0.   0.   0.   0.   0.   0.   0.   0.   0.
 0.   0.   0.   0.   0.   0.   0.   0.   0.   0.   0.   0.   0.   0.
 0.   0.   0.   0.   0.   0.   0.   0.   0.   0.   0.   0.   0.   0.
 0.   0.   0.   0.   0.   0.   0.   0.   0.   0.   0.   0.  ]"
4049,27.5,30,70.94,198.0,2023-01-26 07:38:59,2979.5,1814.2,27.1,"[0.   0.   0.   0.   0.   4.92 4.92 4.92 4.92 5.28 5.28 5.28 5.28 5.28
 5.28 5.28 5.28 5.28 5.28 5.28 5.28 1.09 1.09 1.09 1.09 2.14 2.14 2.14
 2.14 2.14 2.14 4.05 4.05 0.   0.   0.   0.   0.   0.   0.   0.   0.
 0.   0.   0.   0.   0.   0.   0.   0.   0.   0.   0.   0.   0.   0.
 0.   0.   0.   0.   0.   0.   0.   0.   0.   0.   0.   0.   0.   0.
 0.   0.   0.   0.   0.   0.   0.   0.   0.   0.   0.   0.   0.   0.
 0.   0.   0.   0.   0.   0.   0.   0.   0.   0.   0.   0.  ]"
4050,27.5,30,95.25,198.0,2023-01-26 08:11:02,2762.2,1677.1,25.1,"[0.   0.   0.   4.4  4.4  4.4  4.4  4.96 4.96 4.96 4.96 4.96 4.96 4.96
 4.96 4.96 4.96 4.96 4.96 1.49 1.49 1.49 1.49 2.89 2.89 2.89 2.89 2.89
 2.89 0.   0.   0.   0.   0.   0.   0.   0.   0.   0.   0.   0.   0.
 0.   0.   0.   0.   0.   0.   0.   0.   0.   0.   0.   0.   0.   0.
 0.   0.   0.   0.   0.   0.   0.   0.   0.   0.   0.   0.   0.   0.
 0.   0.   0.   0.   0.   0.   0.   0.   0.   0.   0.   0.   0.   0.
 0.   0.   0.   0.   0.   0.   0.   0.   0.   0.   0.   0.  ]"
4051,27.5,30,37.29,198.0,2023-01-26 08:19:49,1267.9,772.2,11.5,"[0.   0.   1.68 1.68 1.68 1.68 2.35 2.35 2.35 2.35 2.35 2.35 2.35 2.35
 2.35 2.35 2.35 2.35 0.54 0.54 0.54 0.54 1.   1.   1.   1.   1.   1.
 1.51 1.51 0.   0.   0.   0.   0.   0.   0.   0.   0.   0.   0.   0.
 0.   0.   0.   0.   0.   0.   0.   0.   0.   0.   0.   0.   0.   0.
 0.   0.   0.   0.   0.   0.   0.   0.   0.   0.   0.   0.   0.   0.
 0.   0.   0.   0.   0.   0.   0.   0.   0.   0.   0.   0.   0.   0.
 0.   0.   0.   0.   0.   0.   0.   0.   0.   0.   0.   0.  ]"
4052,27.5,30,73.41,198.0,2023-01-26 08:40:23,367.0,232.7,3.3,"[ 6.6   1.69  1.69  1.69  1.69 -0.   -0.   -0.   -0.   -0.   -0.   -0.
 -0.   -0.   -0.   -0.   -0.   -0.   -0.   -0.   -0.    0.    0.    0.
  0.    0.    0.    0.    0.    0.    0.    0.    0.    0.    0.    0.
  0.    0.    0.    0.    0.    0.    0.    0.    0.    0.    0.    0.
  0.    0.    0.    0.    0.    0.    0.    0.    0.    0.    0.    0.
  0.    0.    0.    0.    0.    0.    0.    0.    0.    0.    0.    0.
  0.    0.    0.    0.    0.    0.    0.    0.    0.    0.    0.    0.
  0.    0.    0.    0.    0.    0.    0.    0.    0.    0.    0.    0.  ]"
4053,27.5,30,26.54,198.0,2023-01-26 08:56:22,822.6,500.0,7.5,"[1.51 1.51 1.51 1.51 1.42 1.42 1.42 1.42 1.42 1.42 1.42 1.42 1.42 1.42
 1.42 1.42 0.34 0.34 0.34 0.34 0.63 0.63 0.63 0.63 0.63 0.63 0.81 0.81
 0.   0.   0.   0.   0.   0.   0.   0.   0.   0.   0.   0.   0.   0.
 0.   0.   0.   0.   0.   0.   0.   0.   0.   0.   0.   0.   0.   0.
 0.   0.   0.   0.   0.   0.   0.   0.   0.   0.   0.   0.   0.   0.
 0.   0.   0.   0.   0.   0.   0.   0.   0.   0.   0.   0.   0.   0.
 0.   0.   0.   0.   0.   0.   0.   0.   0.   0.   0.   0.  ]"
4055,27.5,30,75.68,198.0,2023-01-26 09:48:42,1665.0,1016.3,15.1,"[3.61 3.61 3.61 3.61 3.61 3.61 3.61 3.61 3.61 3.61 3.61 3.61 1.11 1.11
 1.11 1.11 2.13 2.13 2.13 2.13 2.13 2.13 0.   0.   0.   0.   0.   0.
 0.   0.   0.   0.   0.   0.   0.   0.   0.   0.   0.   0.   0.   0.
 0.   0.   0.   0.   0.   0.   0.   0.   0.   0.   0.   0.   0.   0.
 0.   0.   0.   0.   0.   0.   0.   0.   0.   0.   0.   0.   0.   0.
 0.   0.   0.   0.   0.   0.   0.   0.   0.   0.   0.   0.   0.   0.
 0.   0.   0.   0.   0.   0.   0.   0.   0.   0.   0.   0.  ]"
4054,27.5,30,91.05,198.0,2023-01-26 09:49:23,2731.4,1666.3,24.8,"[6.26 6.26 6.26 6.26 6.26 6.26 6.26 6.26 6.26 6.26 6.26 6.26 0.9  0.9
 0.9  0.9  2.12 2.12 2.12 2.12 2.12 2.12 3.93 3.93 0.   0.   0.   0.
 0.   0.   0.   0.   0.   0.   0.   0.   0.   0.   0.   0.   0.   0.
 0.   0.   0.   0.   0.   0.   0.   0.   0.   0.   0.   0.   0.   0.
 0.   0.   0.   0.   0.   0.   0.   0.   0.   0.   0.   0.   0.   0.
 0.   0.   0.   0.   0.   0.   0.   0.   0.   0.   0.   0.   0.   0.
 0.   0.   0.   0.   0.   0.   0.   0.   0.   0.   0.   0.  ]"
4056,27.5,30,93.6,198.0,2023-01-26 13:00:26,1591.3,1031.9,14.5,"[ 4.82  4.82  4.82  4.82  4.67  4.67  4.67  4.67  4.67  4.67  5.29  5.29
  0.    0.    0.    0.    0.   -0.   -0.   -0.   -0.   -0.   -0.   -0.
 -0.   -0.   -0.   -0.   -0.   -0.   -0.   -0.   -0.   -0.   -0.   -0.
 -0.   -0.   -0.   -0.   -0.   -0.   -0.   -0.   -0.   -0.   -0.   -0.
 -0.   -0.   -0.   -0.   -0.   -0.   -0.   -0.   -0.   -0.   -0.   -0.
 -0.   -0.   -0.   -0.   -0.   -0.   -0.   -0.   -0.   -0.   -0.   -0.
 -0.   -0.   -0.   -0.   -0.   -0.   -0.   -0.   -0.   -0.   -0.   -0.
 -0.   -0.   -0.   -0.   -0.   -0.   -0.   -0.   -0.   -0.   -0.   -0.  ]"
4057,27.5,30,47.73,198.0,2023-01-26 13:50:02,668.3,452.0,6.1,"[ 3.04  3.04  3.04  3.04  3.04  3.04  3.04  3.04  0.    0.    0.    0.
  0.    0.   -0.   -0.   -0.   -0.   -0.   -0.   -0.   -0.   -0.   -0.
 -0.   -0.   -0.   -0.   -0.   -0.   -0.   -0.   -0.   -0.   -0.   -0.
 -0.   -0.   -0.   -0.   -0.   -0.   -0.   -0.   -0.   -0.   -0.   -0.
 -0.   -0.   -0.   -0.   -0.   -0.   -0.   -0.   -0.   -0.   -0.   -0.
 -0.   -0.   -0.   -0.   -0.   -0.   -0.   -0.   -0.   -0.   -0.   -0.
 -0.   -0.   -0.   -0.   -0.   -0.   -0.   -0.   -0.   -0.   -0.   -0.
 -0.   -0.   -0.   -0.   -0.   -0.   -0.   -0.   -0.   -0.   -0.   -0.  ]"
4058,27.5,30,94.94,198.0,2023-01-26 17:58:16,2088.7,1624.8,19.0,"[0.9  0.   0.   0.   0.   0.   0.   0.   0.   0.   4.52 4.52 6.6  6.6
 6.6  6.6  6.6  6.6  6.6  6.6  6.6  6.6  0.   0.   0.   0.   0.   0.
 0.   0.   0.   0.   0.   0.   0.   0.   0.   0.   0.   0.   0.   0.
 0.   0.   0.   0.   0.   0.   0.   0.   0.   0.   0.   0.   0.   0.
 0.   0.   0.   0.   0.   0.   0.   0.   0.   0.   0.   0.   0.   0.
 0.   0.   0.   0.   0.   0.   0.   0.   0.   0.   0.   0.   0.   0.
 0.   0.   0.   0.   0.   0.   0.   0.   0.   0.   0.   0.  ]"
4059,27.5,30,181.5,198.0,2023-01-26 18:10:37,1633.5,2370.1,14.8,"[ 6.6  6.6  6.6  6.6  6.6  6.6  6.6  6.6  6.6 -0.  -0.  -0.  -0.  -0.
 -0.  -0.  -0.  -0.  -0.  -0.  -0.  -0.  -0.  -0.  -0.  -0.  -0.  -0.
 -0.  -0.  -0.  -0.  -0.  -0.  -0.  -0.  -0.  -0.  -0.  -0.  -0.  -0.
 -0.  -0.  -0.  -0.  -0.  -0.  -0.  -0.  -0.  -0.  -0.  -0.  -0.  -0.
 -0.  -0.  -0.  -0.  -0.  -0.  -0.  -0.  -0.  -0.  -0.  -0.  -0.  -0.
 -0.  -0.  -0.  -0.  -0.  -0.  -0.  -0.  -0.  -0.  -0.  -0.  -0.  -0.
 -0.  -0.  -0.  -0.  -0.  -0.  -0.  -0.  -0.  -0.  -0.  -0. ]"
4060,27.5,30,84.97,198.0,2023-01-27 07:41:27,679.8,439.9,6.2,"[3.46 3.46 3.46 2.77 2.94 2.88 2.88 2.88 0.   0.   0.   0.   0.   0.
 0.   0.   0.   0.   0.   0.   0.   0.   0.   0.   0.   0.   0.   0.
 0.   0.   0.   0.   0.   0.   0.   0.   0.   0.   0.   0.   0.   0.
 0.   0.   0.   0.   0.   0.   0.   0.   0.   0.   0.   0.   0.   0.
 0.   0.   0.   0.   0.   0.   0.   0.   0.   0.   0.   0.   0.   0.
 0.   0.   0.   0.   0.   0.   0.   0.   0.   0.   0.   0.   0.   0.
 0.   0.   0.   0.   0.   0.   0.   0.   0.   0.   0.   0.  ]"
4061,27.5,30,77.27,198.0,2023-01-27 08:27:58,386.3,242.3,3.5,"[ 3.31  2.48  2.75  2.75  2.75 -0.   -0.   -0.   -0.   -0.   -0.   -0.
 -0.   -0.   -0.   -0.   -0.   -0.   -0.   -0.   -0.   -0.   -0.   -0.
 -0.   -0.   -0.   -0.   -0.   -0.   -0.   -0.   -0.   -0.   -0.   -0.
 -0.   -0.   -0.   -0.   -0.   -0.   -0.   -0.   -0.   -0.   -0.   -0.
 -0.   -0.   -0.   -0.   -0.   -0.   -0.   -0.   -0.   -0.   -0.   -0.
 -0.   -0.   -0.   -0.   -0.   -0.   -0.   -0.   -0.   -0.   -0.   -0.
 -0.   -0.   -0.   -0.   -0.   -0.   -0.   -0.   -0.   -0.   -0.   -0.
 -0.   -0.   -0.   -0.   -0.   -0.   -0.   -0.   -0.   -0.   -0.   -0.  ]"
4062,27.5,30,86.83,198.0,2023-01-27 08:42:04,2691.6,1595.4,24.5,"[0.   0.34 0.34 5.68 5.36 5.36 5.36 5.39 5.39 5.39 5.39 5.39 5.39 5.39
 5.39 5.39 5.39 5.39 5.39 5.39 5.39 0.   0.   0.   0.   0.   0.   0.
 0.   0.   0.   0.   0.   0.   0.   0.   0.   0.   0.   0.   0.   0.
 0.   0.   0.   0.   0.   0.   0.   0.   0.   0.   0.   0.   0.   0.
 0.   0.   0.   0.   0.   0.   0.   0.   0.   0.   0.   0.   0.   0.
 0.   0.   0.   0.   0.   0.   0.   0.   0.   0.   0.   0.   0.   0.
 0.   0.   0.   0.   0.   0.   0.   0.   0.   0.   0.   0.  ]"
4063,27.5,30,93.03,198.0,2023-01-27 08:59:16,2325.8,1378.6,21.1,"[4.44 4.44 4.19 4.21 4.21 4.21 4.21 4.21 4.21 4.21 4.21 4.21 4.21 4.21
 4.21 4.21 4.21 4.21 4.21 4.21 0.   0.   0.   0.   0.   0.   0.   0.
 0.   0.   0.   0.   0.   0.   0.   0.   0.   0.   0.   0.   0.   0.
 0.   0.   0.   0.   0.   0.   0.   0.   0.   0.   0.   0.   0.   0.
 0.   0.   0.   0.   0.   0.   0.   0.   0.   0.   0.   0.   0.   0.
 0.   0.   0.   0.   0.   0.   0.   0.   0.   0.   0.   0.   0.   0.
 0.   0.   0.   0.   0.   0.   0.   0.   0.   0.   0.   0.  ]"
4065,27.5,30,18.05,198.0,2023-01-27 09:28:10,686.0,437.4,6.2,"[1.39 1.3  1.3  1.3  1.31 1.31 1.31 1.31 1.31 1.31 1.31 1.31 1.31 1.31
 1.31 1.31 1.31 1.31 0.   0.   0.   0.   0.   0.   0.   0.   0.   0.
 0.   0.   0.   0.   0.22 0.22 0.22 0.22 0.22 0.22 0.   0.   0.   0.
 0.   0.   0.   0.   0.   0.   0.   0.   0.   0.   0.   0.   0.   0.
 0.   0.   0.   0.   0.   0.   0.   0.   0.   0.   0.   0.   0.   0.
 0.   0.   0.   0.   0.   0.   0.   0.   0.   0.   0.   0.   0.   0.
 0.   0.   0.   0.   0.   0.   0.   0.   0.   0.   0.   0.  ]"
4066,27.5,30,20.45,198.0,2023-01-27 09:42:24,552.2,327.3,5.0,"[1.25 1.25 1.25 1.17 1.17 1.17 1.17 1.17 1.17 1.17 1.17 1.17 1.17 1.17
 1.17 1.17 1.17 0.   0.   0.   0.   0.   0.   0.   0.   0.   0.   0.
 0.   0.   0.   0.   0.   0.   0.   0.   0.   0.   0.   0.   0.   0.
 0.   0.   0.   0.   0.   0.   0.   0.   0.   0.   0.   0.   0.   0.
 0.   0.   0.   0.   0.   0.   0.   0.   0.   0.   0.   0.   0.   0.
 0.   0.   0.   0.   0.   0.   0.   0.   0.   0.   0.   0.   0.   0.
 0.   0.   0.   0.   0.   0.   0.   0.   0.   0.   0.   0.  ]"
4067,27.5,30,102.76,198.0,2023-01-27 10:24:10,2671.7,1594.5,24.3,"[6.6  6.6  6.6  6.6  6.6  6.6  6.6  6.6  6.6  6.6  6.6  6.6  6.6  6.6
 0.62 0.62 0.62 0.62 0.62 0.55 0.55 0.55 0.   0.   0.   0.   0.   0.
 0.   0.   0.   0.   0.   0.   0.   0.   0.   0.   0.   0.   0.   0.
 0.   0.   0.   0.   0.   0.   0.   0.   0.   0.   0.   0.   0.   0.
 0.   0.   0.   0.   0.   0.   0.   0.   0.   0.   0.   0.   0.   0.
 0.   0.   0.   0.   0.   0.   0.   0.   0.   0.   0.   0.   0.   0.
 0.   0.   0.   0.   0.   0.   0.   0.   0.   0.   0.   0.  ]"
4069,27.5,30,86.66,198.0,2023-01-27 17:18:39,1386.6,1730.7,12.6,"[ 2.83  2.83  2.83  2.83  2.83  2.83  2.53  2.53  2.53  2.53  2.53  2.53
  2.53  2.53  6.6   6.6  -0.   -0.   -0.   -0.   -0.   -0.   -0.   -0.
 -0.   -0.   -0.   -0.   -0.   -0.   -0.   -0.   -0.   -0.   -0.   -0.
 -0.   -0.   -0.   -0.   -0.   -0.   -0.   -0.   -0.   -0.   -0.   -0.
 -0.   -0.   -0.   -0.   -0.   -0.   -0.   -0.   -0.   -0.   -0.   -0.
 -0.   -0.   -0.   -0.   -0.   -0.   -0.   -0.   -0.   -0.   -0.   -0.
 -0.   -0.   -0.   -0.   -0.   -0.   -0.   -0.   -0.   -0.   -0.   -0.
 -0.   -0.   -0.   -0.   -0.   -0.   -0.   -0.   -0.   -0.   -0.   -0.  ]"
4070,27.5,30,95.48,198.0,2023-01-27 18:47:32,1145.8,1100.1,10.4,"[ 1.91  1.91  1.91  1.91  1.91  1.91  1.91  1.91  6.6   6.6   6.6   6.6
 -0.   -0.   -0.   -0.   -0.   -0.   -0.   -0.   -0.   -0.   -0.   -0.
 -0.   -0.   -0.   -0.   -0.   -0.   -0.   -0.   -0.   -0.   -0.   -0.
 -0.   -0.   -0.   -0.   -0.   -0.   -0.   -0.   -0.   -0.   -0.   -0.
 -0.   -0.   -0.   -0.   -0.   -0.   -0.   -0.   -0.   -0.   -0.   -0.
 -0.   -0.   -0.   -0.   -0.   -0.   -0.   -0.   -0.   -0.   -0.   -0.
 -0.   -0.   -0.   -0.   -0.   -0.   -0.   -0.   -0.   -0.   -0.   -0.
 -0.   -0.   -0.   -0.   -0.   -0.   -0.   -0.   -0.   -0.   -0.   -0.  ]"
4071,27.5,30,74.17,198.0,2023-01-27 21:55:49,296.7,200.7,2.7,"[2.7 2.7 2.7 2.7 0.  0.  0.  0.  0.  0.  0.  0.  0.  0.  0.  0.  0.  0.
 0.  0.  0.  0.  0.  0.  0.  0.  0.  0.  0.  0.  0.  0.  0.  0.  0.  0.
 0.  0.  0.  0.  0.  0.  0.  0.  0.  0.  0.  0.  0.  0.  0.  0.  0.  0.
 0.  0.  0.  0.  0.  0.  0.  0.  0.  0.  0.  0.  0.  0.  0.  0.  0.  0.
 0.  0.  0.  0.  0.  0.  0.  0.  0.  0.  0.  0.  0.  0.  0.  0.  0.  0.
 0.  0.  0.  0.  0.  0. ]"
4072,27.5,30,111.69,198.0,2023-01-27 21:57:17,1452.0,982.1,13.2,"[2.19 2.19 2.19 2.19 4.89 4.89 4.89 4.89 4.89 4.89 4.89 4.89 4.89 0.
 0.   0.   0.   0.   0.   0.   0.   0.   0.   0.   0.   0.   0.   0.
 0.   0.   0.   0.   0.   0.   0.   0.   0.   0.   0.   0.   0.   0.
 0.   0.   0.   0.   0.   0.   0.   0.   0.   0.   0.   0.   0.   0.
 0.   0.   0.   0.   0.   0.   0.   0.   0.   0.   0.   0.   0.   0.
 0.   0.   0.   0.   0.   0.   0.   0.   0.   0.   0.   0.   0.   0.
 0.   0.   0.   0.   0.   0.   0.   0.   0.   0.   0.   0.  ]"
4073,27.5,30,87.13,198.0,2023-01-28 13:52:08,958.4,648.2,8.7,"[4.98 4.98 4.98 4.98 3.73 3.73 3.73 3.73 0.   0.   0.   0.   0.   0.
 0.   0.   0.   0.   0.   0.   0.   0.   0.   0.   0.   0.   0.   0.
 0.   0.   0.   0.   0.   0.   0.   0.   0.   0.   0.   0.   0.   0.
 0.   0.   0.   0.   0.   0.   0.   0.   0.   0.   0.   0.   0.   0.
 0.   0.   0.   0.   0.   0.   0.   0.   0.   0.   0.   0.   0.   0.
 0.   0.   0.   0.   0.   0.   0.   0.   0.   0.   0.   0.   0.   0.
 0.   0.   0.   0.   0.   0.   0.   0.   0.   0.   0.   0.  ]"
4074,27.5,30,93.19,198.0,2023-01-28 14:46:57,1025.1,925.1,9.3,"[6.6  6.6  6.6  6.6  1.48 1.48 1.48 1.61 1.61 1.61 1.61 0.   0.   0.
 0.   0.   0.   0.   0.   0.   0.   0.   0.   0.   0.   0.   0.   0.
 0.   0.   0.   0.   0.   0.   0.   0.   0.   0.   0.   0.   0.   0.
 0.   0.   0.   0.   0.   0.   0.   0.   0.   0.   0.   0.   0.   0.
 0.   0.   0.   0.   0.   0.   0.   0.   0.   0.   0.   0.   0.   0.
 0.   0.   0.   0.   0.   0.   0.   0.   0.   0.   0.   0.   0.   0.
 0.   0.   0.   0.   0.   0.   0.   0.   0.   0.   0.   0.  ]"
4077,27.5,30,99.12,198.0,2023-01-29 11:41:45,1883.2,1174.0,17.1,"[ 4.82  4.82  4.82  4.82  4.82  4.82  4.82  4.82  4.82  3.14  3.14  3.14
  3.14  3.14  3.14  3.14  3.14  0.    0.   -0.   -0.   -0.   -0.   -0.
 -0.   -0.   -0.   -0.   -0.   -0.   -0.   -0.   -0.   -0.   -0.   -0.
 -0.   -0.   -0.   -0.   -0.   -0.   -0.   -0.   -0.   -0.   -0.   -0.
 -0.   -0.   -0.   -0.   -0.   -0.   -0.   -0.   -0.   -0.   -0.   -0.
 -0.   -0.   -0.   -0.   -0.   -0.   -0.   -0.   -0.   -0.   -0.   -0.
 -0.   -0.   -0.   -0.   -0.   -0.   -0.   -0.   -0.   -0.   -0.   -0.
 -0.   -0.   -0.   -0.   -0.   -0.   -0.   -0.   -0.   -0.   -0.   -0.  ]"
4078,27.5,30,80.04,198.0,2023-01-30 07:27:38,3842.1,2411.6,34.9,"[0.55 0.55 0.55 0.55 0.55 0.55 6.46 6.46 6.46 6.46 6.46 6.46 6.46 6.46
 6.46 6.46 6.46 6.46 6.46 6.46 2.82 2.82 2.82 2.82 2.82 2.82 2.82 3.34
 3.34 3.34 3.34 3.34 3.34 3.34 0.   0.   0.   0.   0.   0.   0.35 0.35
 0.35 0.35 0.35 0.35 0.35 0.35 0.   0.   0.   0.   0.   0.   0.   0.
 0.   0.   0.   0.   0.   0.   0.   0.   0.   0.   0.   0.   0.   0.
 0.   0.   0.   0.   0.   0.   0.   0.   0.   0.   0.   0.   0.   0.
 0.   0.   0.   0.   0.   0.   0.   0.   0.   0.   0.   0.  ]"
4079,27.5,30,83.44,198.0,2023-01-30 08:52:35,1251.6,741.8,11.4,"[ 3.02  3.02  3.02  3.04  3.04  3.04  3.04  3.04  3.04  3.04  3.04  3.04
  3.04  3.04  3.04 -0.   -0.   -0.   -0.   -0.   -0.   -0.   -0.   -0.
 -0.   -0.   -0.   -0.   -0.   -0.   -0.   -0.   -0.   -0.   -0.   -0.
 -0.   -0.   -0.   -0.   -0.   -0.   -0.   -0.   -0.   -0.   -0.   -0.
 -0.   -0.   -0.   -0.   -0.   -0.   -0.   -0.   -0.   -0.   -0.   -0.
 -0.   -0.   -0.   -0.   -0.   -0.   -0.   -0.   -0.   -0.   -0.   -0.
 -0.   -0.   -0.   -0.   -0.   -0.   -0.   -0.   -0.   -0.   -0.   -0.
 -0.   -0.   -0.   -0.   -0.   -0.   -0.   -0.   -0.   -0.   -0.   -0.  ]"
4080,27.5,30,181.5,198.0,2023-01-30 08:52:40,2722.5,1613.7,24.7,"[6.6 6.6 6.6 6.6 6.6 6.6 6.6 6.6 6.6 6.6 6.6 6.6 6.6 6.6 6.6 0.  0.  0.
 0.  0.  0.  0.  0.  0.  0.  0.  0.  0.  0.  0.  0.  0.  0.  0.  0.  0.
 0.  0.  0.  0.  0.  0.  0.  0.  0.  0.  0.  0.  0.  0.  0.  0.  0.  0.
 0.  0.  0.  0.  0.  0.  0.  0.  0.  0.  0.  0.  0.  0.  0.  0.  0.  0.
 0.  0.  0.  0.  0.  0.  0.  0.  0.  0.  0.  0.  0.  0.  0.  0.  0.  0.
 0.  0.  0.  0.  0.  0. ]"
4081,27.5,30,68.83,198.0,2023-01-30 09:36:38,2271.4,1398.4,20.6,"[3.99 3.99 3.99 3.99 3.99 3.99 3.99 3.99 3.99 3.99 3.99 2.67 2.67 2.67
 2.67 2.67 2.67 2.67 2.86 2.86 2.86 2.86 2.86 2.86 2.86 0.   0.   0.
 0.   0.   0.   0.   0.   0.   0.   0.   0.   0.   0.   0.   0.   0.
 0.   0.   0.   0.   0.   0.   0.   0.   0.   0.   0.   0.   0.   0.
 0.   0.   0.   0.   0.   0.   0.   0.   0.   0.   0.   0.   0.   0.
 0.   0.   0.   0.   0.   0.   0.   0.   0.   0.   0.   0.   0.   0.
 0.   0.   0.   0.   0.   0.   0.   0.   0.   0.   0.   0.  ]"
4082,27.5,30,20.9,198.0,2023-01-30 09:43:38,627.0,399.9,5.7,"[0.   0.   0.   0.   0.   0.   0.   0.   0.   0.   0.   1.75 1.75 1.75
 1.75 1.75 1.75 1.76 1.51 1.51 1.51 1.51 1.51 1.51 1.51 0.   0.   0.
 0.   0.   0.   0.   0.   0.   0.   0.   0.   0.   0.   0.   0.   0.
 0.   0.   0.   0.   0.   0.   0.   0.   0.   0.   0.   0.   0.   0.
 0.   0.   0.   0.   0.   0.   0.   0.   0.   0.   0.   0.   0.   0.
 0.   0.   0.   0.   0.   0.   0.   0.   0.   0.   0.   0.   0.   0.
 0.   0.   0.   0.   0.   0.   0.   0.   0.   0.   0.   0.  ]"
4083,27.5,30,85.63,198.0,2023-01-30 12:29:05,1626.9,1037.6,14.8,"[4.55 4.55 4.55 4.55 4.55 4.55 4.55 3.9  3.9  3.9  3.9  3.9  3.9  3.9
 0.   0.   0.   0.   0.   0.   0.   0.   0.   0.   0.   0.   0.   0.
 0.   0.   0.   0.   0.   0.   0.   0.   0.   0.   0.   0.   0.   0.
 0.   0.   0.   0.   0.   0.   0.   0.   0.   0.   0.   0.   0.   0.
 0.   0.   0.   0.   0.   0.   0.   0.   0.   0.   0.   0.   0.   0.
 0.   0.   0.   0.   0.   0.   0.   0.   0.   0.   0.   0.   0.   0.
 0.   0.   0.   0.   0.   0.   0.   0.   0.   0.   0.   0.  ]"
4084,27.5,30,86.56,198.0,2023-01-30 14:13:50,1125.3,761.1,10.2,"[5.85 5.85 5.85 5.85 5.85 5.85 5.85 0.   0.   0.   0.   0.   0.   0.
 0.   0.   0.   0.   0.   0.   0.   0.   0.   0.   0.   0.   0.   0.
 0.   0.   0.   0.   0.   0.   0.   0.   0.   0.   0.   0.   0.   0.
 0.   0.   0.   0.   0.   0.   0.   0.   0.   0.   0.   0.   0.   0.
 0.   0.   0.   0.   0.   0.   0.   0.   0.   0.   0.   0.   0.   0.
 0.   0.   0.   0.   0.   0.   0.   0.   0.   0.   0.   0.   0.   0.
 0.   0.   0.   0.   0.   0.   0.   0.   0.   0.   0.   0.  ]"
4085,27.5,30,0.03,198.0,2023-01-30 17:21:01,0.1,0.2,0.0,"[0. 0. 0. 0. 0. 0. 0. 0. 0. 0. 0. 0. 0. 0. 0. 0. 0. 0. 0. 0. 0. 0. 0. 0.
 0. 0. 0. 0. 0. 0. 0. 0. 0. 0. 0. 0. 0. 0. 0. 0. 0. 0. 0. 0. 0. 0. 0. 0.
 0. 0. 0. 0. 0. 0. 0. 0. 0. 0. 0. 0. 0. 0. 0. 0. 0. 0. 0. 0. 0. 0. 0. 0.
 0. 0. 0. 0. 0. 0. 0. 0. 0. 0. 0. 0. 0. 0. 0. 0. 0. 0. 0. 0. 0. 0. 0. 0.]"
4086,27.5,30,86.42,198.0,2023-01-30 21:55:35,345.7,233.8,3.1,"[3.14 3.14 3.14 3.14 0.   0.   0.   0.   0.   0.   0.   0.   0.   0.
 0.   0.   0.   0.   0.   0.   0.   0.   0.   0.   0.   0.   0.   0.
 0.   0.   0.   0.   0.   0.   0.   0.   0.   0.   0.   0.   0.   0.
 0.   0.   0.   0.   0.   0.   0.   0.   0.   0.   0.   0.   0.   0.
 0.   0.   0.   0.   0.   0.   0.   0.   0.   0.   0.   0.   0.   0.
 0.   0.   0.   0.   0.   0.   0.   0.   0.   0.   0.   0.   0.   0.
 0.   0.   0.   0.   0.   0.   0.   0.   0.   0.   0.   0.  ]"
4087,27.5,30,164.31,198.0,2023-01-31 07:38:43,7558.3,6023.6,68.7,"[6.6  6.6  6.6  6.6  6.6  6.6  6.6  6.6  6.6  6.6  6.6  6.6  6.6  6.6
 6.6  6.6  6.6  6.6  6.6  6.6  6.6  6.6  6.6  6.6  6.6  6.6  6.6  6.6
 6.6  6.6  6.6  6.6  6.6  2.2  2.2  2.2  4.17 4.17 4.17 4.8  4.8  4.8
 5.17 5.17 6.6  6.6  0.   0.   0.   0.   0.   0.   0.   0.   0.   0.
 0.   0.   0.   0.   0.   0.   0.   0.   0.   0.   0.   0.   0.   0.
 0.   0.   0.   0.   0.   0.   0.   0.   0.   0.   0.   0.   0.   0.
 0.   0.   0.   0.   0.   0.   0.   0.   0.   0.   0.   0.  ]"
4088,27.5,30,85.81,198.0,2023-01-31 07:41:52,1630.3,966.3,14.8,"[ 0.    0.    0.    0.    0.    4.24  4.24  4.24  4.23  4.23  4.23  4.23
  4.23  4.23  4.23  4.23  4.23  4.23  4.23 -0.   -0.   -0.   -0.   -0.
 -0.   -0.   -0.   -0.   -0.   -0.   -0.   -0.   -0.   -0.   -0.   -0.
 -0.   -0.   -0.   -0.   -0.   -0.   -0.   -0.   -0.   -0.   -0.   -0.
 -0.   -0.   -0.   -0.   -0.   -0.   -0.   -0.   -0.   -0.   -0.   -0.
 -0.   -0.   -0.   -0.   -0.   -0.   -0.   -0.   -0.   -0.   -0.   -0.
 -0.   -0.   -0.   -0.   -0.   -0.   -0.   -0.   -0.   -0.   -0.   -0.
 -0.   -0.   -0.   -0.   -0.   -0.   -0.   -0.   -0.   -0.   -0.   -0.  ]"
4089,27.5,30,91.25,198.0,2023-01-31 08:21:50,1460.0,865.4,13.3,"[0.   0.   3.79 3.79 3.79 3.79 3.79 3.79 3.79 3.79 3.79 3.79 3.79 3.79
 3.79 3.79 0.   0.   0.   0.   0.   0.   0.   0.   0.   0.   0.   0.
 0.   0.   0.   0.   0.   0.   0.   0.   0.   0.   0.   0.   0.   0.
 0.   0.   0.   0.   0.   0.   0.   0.   0.   0.   0.   0.   0.   0.
 0.   0.   0.   0.   0.   0.   0.   0.   0.   0.   0.   0.   0.   0.
 0.   0.   0.   0.   0.   0.   0.   0.   0.   0.   0.   0.   0.   0.
 0.   0.   0.   0.   0.   0.   0.   0.   0.   0.   0.   0.  ]"
4090,27.5,30,89.97,198.0,2023-01-31 08:32:55,2969.1,1867.5,27.0,"[0.   4.56 4.56 4.56 4.56 4.56 4.56 4.56 4.56 4.56 4.75 4.75 4.75 4.75
 4.75 6.43 6.43 6.43 6.43 6.43 6.43 0.   0.   0.   0.   0.   0.   0.
 0.   1.14 1.14 1.14 1.14 0.   0.   0.   0.   0.   0.   0.   0.   0.
 0.   0.   0.   0.   0.   0.   0.   0.   0.   0.   0.   0.   0.   0.
 0.   0.   0.   0.   0.   0.   0.   0.   0.   0.   0.   0.   0.   0.
 0.   0.   0.   0.   0.   0.   0.   0.   0.   0.   0.   0.   0.   0.
 0.   0.   0.   0.   0.   0.   0.   0.   0.   0.   0.   0.  ]"
4091,27.5,30,65.73,198.0,2023-01-31 08:52:52,2366.3,1468.7,21.5,"[3.1  3.1  3.1  3.13 3.13 3.13 3.13 3.13 3.13 3.33 3.33 3.33 3.33 3.33
 6.42 6.42 6.42 6.42 6.42 6.42 0.   0.   0.   0.   0.   0.   0.   0.
 0.29 0.29 0.29 0.37 0.37 0.37 0.41 0.41 0.   0.   0.   0.   0.   0.
 0.   0.   0.   0.   0.   0.   0.   0.   0.   0.   0.   0.   0.   0.
 0.   0.   0.   0.   0.   0.   0.   0.   0.   0.   0.   0.   0.   0.
 0.   0.   0.   0.   0.   0.   0.   0.   0.   0.   0.   0.   0.   0.
 0.   0.   0.   0.   0.   0.   0.   0.   0.   0.   0.   0.  ]"
4092,27.5,30,16.41,198.0,2023-01-31 08:56:17,426.7,252.9,3.9,"[0.03 0.03 0.03 0.01 0.01 0.01 0.01 0.01 0.01 0.22 0.22 0.22 0.22 0.22
 2.37 2.37 2.37 2.37 2.37 2.37 0.   0.   0.   0.   0.   0.   0.   0.
 0.   0.   0.   0.   0.   0.   0.   0.   0.   0.   0.   0.   0.   0.
 0.   0.   0.   0.   0.   0.   0.   0.   0.   0.   0.   0.   0.   0.
 0.   0.   0.   0.   0.   0.   0.   0.   0.   0.   0.   0.   0.   0.
 0.   0.   0.   0.   0.   0.   0.   0.   0.   0.   0.   0.   0.   0.
 0.   0.   0.   0.   0.   0.   0.   0.   0.   0.   0.   0.  ]"
4093,27.5,30,82.36,198.0,2023-01-31 09:42:06,2141.2,1269.2,19.5,"[ 4.87  4.87  4.87  4.87  4.87  4.87  2.04  2.04  2.04  2.04  2.04  6.41
  6.41  6.41  6.41  6.41  6.41  0.    0.    0.    0.    0.    0.    0.
  0.    0.   -0.   -0.   -0.   -0.   -0.   -0.   -0.   -0.   -0.   -0.
 -0.   -0.   -0.   -0.   -0.   -0.   -0.   -0.   -0.   -0.   -0.   -0.
 -0.   -0.   -0.   -0.   -0.   -0.   -0.   -0.   -0.   -0.   -0.   -0.
 -0.   -0.   -0.   -0.   -0.   -0.   -0.   -0.   -0.   -0.   -0.   -0.
 -0.   -0.   -0.   -0.   -0.   -0.   -0.   -0.   -0.   -0.   -0.   -0.
 -0.   -0.   -0.   -0.   -0.   -0.   -0.   -0.   -0.   -0.   -0.   -0.  ]"
4094,27.5,30,89.42,198.0,2023-01-31 11:01:57,447.1,265.0,4.1,"[ 3.25  3.25  3.25  3.25  3.25  0.    0.    0.    0.    0.    0.   -0.
 -0.   -0.   -0.   -0.   -0.   -0.   -0.   -0.   -0.   -0.   -0.   -0.
 -0.   -0.   -0.   -0.   -0.   -0.   -0.   -0.   -0.   -0.   -0.   -0.
 -0.   -0.   -0.   -0.   -0.   -0.   -0.   -0.   -0.   -0.   -0.   -0.
 -0.   -0.   -0.   -0.   -0.   -0.   -0.   -0.   -0.   -0.   -0.   -0.
 -0.   -0.   -0.   -0.   -0.   -0.   -0.   -0.   -0.   -0.   -0.   -0.
 -0.   -0.   -0.   -0.   -0.   -0.   -0.   -0.   -0.   -0.   -0.   -0.
 -0.   -0.   -0.   -0.   -0.   -0.   -0.   -0.   -0.   -0.   -0.   -0.  ]"
4095,27.5,30,74.26,198.0,2023-01-31 15:52:44,445.5,646.4,4.1,"[2.92 2.92 2.92 2.48 2.48 2.48 0.   0.   0.   0.   0.   0.   0.   0.
 0.   0.   0.   0.   0.   0.   0.   0.   0.   0.   0.   0.   0.   0.
 0.   0.   0.   0.   0.   0.   0.   0.   0.   0.   0.   0.   0.   0.
 0.   0.   0.   0.   0.   0.   0.   0.   0.   0.   0.   0.   0.   0.
 0.   0.   0.   0.   0.   0.   0.   0.   0.   0.   0.   0.   0.   0.
 0.   0.   0.   0.   0.   0.   0.   0.   0.   0.   0.   0.   0.   0.
 0.   0.   0.   0.   0.   0.   0.   0.   0.   0.   0.   0.  ]"
4096,27.5,30,80.2,198.0,2023-01-31 16:33:45,641.6,931.0,5.8,"[1.92 1.92 1.92 3.2  3.2  3.2  3.99 3.99 0.   0.   0.   0.   0.   0.
 0.   0.   0.   0.   0.   0.   0.   0.   0.   0.   0.   0.   0.   0.
 0.   0.   0.   0.   0.   0.   0.   0.   0.   0.   0.   0.   0.   0.
 0.   0.   0.   0.   0.   0.   0.   0.   0.   0.   0.   0.   0.   0.
 0.   0.   0.   0.   0.   0.   0.   0.   0.   0.   0.   0.   0.   0.
 0.   0.   0.   0.   0.   0.   0.   0.   0.   0.   0.   0.   0.   0.
 0.   0.   0.   0.   0.   0.   0.   0.   0.   0.   0.   0.  ]"
4097,27.5,30,39.92,198.0,2023-01-31 16:39:10,239.5,347.5,2.2,"[ 1.74  1.74  1.74  1.16  1.16  1.16  0.    0.    0.    0.   -0.   -0.
 -0.   -0.   -0.   -0.   -0.   -0.   -0.   -0.   -0.   -0.   -0.   -0.
 -0.   -0.   -0.   -0.   -0.   -0.   -0.   -0.   -0.   -0.   -0.   -0.
 -0.   -0.   -0.   -0.   -0.   -0.   -0.   -0.   -0.   -0.   -0.   -0.
 -0.   -0.   -0.   -0.   -0.   -0.   -0.   -0.   -0.   -0.   -0.   -0.
 -0.   -0.   -0.   -0.   -0.   -0.   -0.   -0.   -0.   -0.   -0.   -0.
 -0.   -0.   -0.   -0.   -0.   -0.   -0.   -0.   -0.   -0.   -0.   -0.
 -0.   -0.   -0.   -0.   -0.   -0.   -0.   -0.   -0.   -0.   -0.   -0.  ]"
4098,27.5,30,90.59,198.0,2023-01-31 17:16:40,724.7,1051.5,6.6,"[2.09 2.09 2.09 2.09 2.09 4.65 4.65 6.6  0.   0.   0.   0.   0.   0.
 0.   0.   0.   0.   0.   0.   0.   0.   0.   0.   0.   0.   0.   0.
 0.   0.   0.   0.   0.   0.   0.   0.   0.   0.   0.   0.   0.   0.
 0.   0.   0.   0.   0.   0.   0.   0.   0.   0.   0.   0.   0.   0.
 0.   0.   0.   0.   0.   0.   0.   0.   0.   0.   0.   0.   0.   0.
 0.   0.   0.   0.   0.   0.   0.   0.   0.   0.   0.   0.   0.   0.
 0.   0.   0.   0.   0.   0.   0.   0.   0.   0.   0.   0.  ]"
4099,27.5,30,94.34,198.0,2023-01-31 22:17:00,283.0,191.4,2.6,"[ 3.43  3.43  3.43 -0.   -0.   -0.   -0.   -0.   -0.   -0.   -0.   -0.
 -0.   -0.   -0.   -0.   -0.   -0.   -0.   -0.   -0.   -0.   -0.   -0.
 -0.   -0.   -0.   -0.   -0.   -0.   -0.   -0.   -0.   -0.   -0.   -0.
 -0.   -0.   -0.   -0.   -0.   -0.   -0.   -0.   -0.   -0.   -0.   -0.
 -0.   -0.   -0.   -0.   -0.   -0.   -0.   -0.   -0.   -0.   -0.   -0.
 -0.   -0.   -0.   -0.   -0.   -0.   -0.   -0.   -0.   -0.   -0.   -0.
 -0.   -0.   -0.   -0.   -0.   -0.   -0.   -0.   -0.   -0.   -0.   -0.
 -0.   -0.   -0.   -0.   -0.   -0.   -0.   -0.   -0.   -0.   -0.   -0.  ]"
