dcosId,z_sch,z_reg,hourly_scheduled_price,hourly_regular_price,start_time,charging_revenue,TOU_cost,energy_delivered,power_profile
3854,22.5,30,77.86,198.0,2023-01-02 10:21:06,1479.3,1133.0,16.4,"[ 3.61  2.73  2.73  2.73  2.73  2.73  2.73  2.73  2.73  2.73  2.73  2.73
  2.73  2.73  2.73  5.98  5.98  5.98  5.98 -0.   -0.   -0.   -0.   -0.
 -0.   -0.   -0.   -0.   -0.   -0.   -0.   -0.   -0.   -0.   -0.   -0.
 -0.   -0.   -0.   -0.   -0.   -0.   -0.   -0.   -0.   -0.   -0.   -0.
 -0.   -0.   -0.   -0.   -0.   -0.   -0.   -0.   -0.   -0.   -0.   -0.
 -0.   -0.   -0.   -0.   -0.   -0.   -0.   -0.   -0.   -0.   -0.   -0.
 -0.   -0.   -0.   -0.   -0.   -0.   -0.   -0.   -0.   -0.   -0.   -0.
 -0.   -0.   -0.   -0.   -0.   -0.   -0.   -0.   -0.   -0.   -0.   -0.  ]"
3855,10.0,30,32.53,198.0,2023-01-02 10:31:41,455.4,749.8,11.4,"[ 3.25  3.25  3.25  3.25  3.25  3.25  3.25  3.25  3.25  3.25  3.25  3.25
  3.25  3.25 -0.   -0.   -0.   -0.    0.    0.    0.    0.    0.    0.
  0.    0.    0.    0.    0.    0.    0.    0.    0.    0.    0.    0.
  0.    0.    0.    0.    0.    0.    0.    0.    0.    0.    0.    0.
  0.    0.    0.    0.    0.    0.    0.    0.    0.    0.    0.    0.
  0.    0.    0.    0.    0.    0.    0.    0.    0.    0.    0.    0.
  0.    0.    0.    0.    0.    0.    0.    0.    0.    0.    0.    0.
  0.    0.    0.    0.    0.    0.    0.    0.    0.    0.    0.    0.  ]"
3856,20.0,30,68.28,198.0,2023-01-02 10:39:57,1229.1,1041.0,15.4,"[ 3.41  3.41  3.41  3.41  3.41  3.41  3.41  3.41  3.41  3.41  3.41  3.41
  3.41  3.41  3.41  3.41  3.41  3.41 -0.   -0.   -0.   -0.   -0.   -0.
 -0.   -0.   -0.   -0.   -0.   -0.   -0.   -0.   -0.   -0.   -0.   -0.
 -0.   -0.   -0.   -0.   -0.   -0.   -0.   -0.   -0.   -0.   -0.   -0.
 -0.   -0.   -0.   -0.   -0.   -0.   -0.   -0.   -0.   -0.   -0.   -0.
 -0.   -0.   -0.   -0.   -0.   -0.   -0.   -0.   -0.   -0.   -0.   -0.
 -0.   -0.   -0.   -0.   -0.   -0.   -0.   -0.   -0.   -0.   -0.   -0.
 -0.   -0.   -0.   -0.   -0.   -0.   -0.   -0.   -0.   -0.   -0.   -0.  ]"
3858,27.5,30,35.17,198.0,2023-01-03 06:20:28,281.3,190.3,2.6,"[1.28 1.28 1.28 1.28 1.28 1.28 1.28 1.28 0.   0.   0.   0.   0.   0.
 0.   0.   0.   0.   0.   0.   0.   0.   0.   0.   0.   0.   0.   0.
 0.   0.   0.   0.   0.   0.   0.   0.   0.   0.   0.   0.   0.   0.
 0.   0.   0.   0.   0.   0.   0.   0.   0.   0.   0.   0.   0.   0.
 0.   0.   0.   0.   0.   0.   0.   0.   0.   0.   0.   0.   0.   0.
 0.   0.   0.   0.   0.   0.   0.   0.   0.   0.   0.   0.   0.   0.
 0.   0.   0.   0.   0.   0.   0.   0.   0.   0.   0.   0.  ]"
3859,27.5,30,93.22,198.0,2023-01-03 08:56:37,2703.5,1761.2,24.6,"[5.16 5.16 5.16 5.16 5.16 3.01 3.01 3.01 3.01 3.01 3.01 3.01 3.01 2.73
 2.73 2.73 2.73 2.73 2.73 2.73 2.73 2.73 2.73 2.73 2.73 2.73 4.29 4.29
 4.29 0.   0.   0.   0.   0.   0.   0.   0.   0.   0.   0.   0.   0.
 0.   0.   0.   0.   0.   0.   0.   0.   0.   0.   0.   0.   0.   0.
 0.   0.   0.   0.   0.   0.   0.   0.   0.   0.   0.   0.   0.   0.
 0.   0.   0.   0.   0.   0.   0.   0.   0.   0.   0.   0.   0.   0.
 0.   0.   0.   0.   0.   0.   0.   0.   0.   0.   0.   0.  ]"
3860,27.5,30,87.38,198.0,2023-01-03 10:14:40,1834.9,1117.9,16.7,"[ 4.77  4.77  4.77  4.77  4.77  4.77  4.77  4.77  2.2   2.2   2.2   2.2
  2.2   2.2   2.2   2.2   2.2   2.2   2.2   2.2   2.2   0.    0.   -0.
  0.    0.    0.    0.    0.    0.    0.    0.    0.    0.    0.    0.
  0.    0.    0.    0.    0.    0.    0.    0.    0.    0.    0.    0.
  0.    0.    0.    0.    0.    0.    0.    0.    0.    0.    0.    0.
  0.    0.    0.    0.    0.    0.    0.    0.    0.    0.    0.    0.
  0.    0.    0.    0.    0.    0.    0.    0.    0.    0.    0.    0.
  0.    0.    0.    0.    0.    0.    0.    0.    0.    0.    0.    0.  ]"
3861,17.5,30,56.52,198.0,2023-01-03 12:06:44,1300.0,1656.1,18.6,"[ 4.46  4.46  4.46  4.46  4.46  4.46  4.46  4.46  4.46  4.46  4.46  4.46
  4.46 -0.   -0.    0.    2.32  2.32  2.32  2.32  2.32  2.32  2.32  0.
  0.    0.    0.    0.    0.    0.    0.    0.    0.    0.    0.    0.
  0.    0.    0.    0.    0.    0.    0.    0.    0.    0.    0.    0.
  0.    0.    0.    0.    0.    0.    0.    0.    0.    0.    0.    0.
  0.    0.    0.    0.    0.    0.    0.    0.    0.    0.    0.    0.
  0.    0.    0.    0.    0.    0.    0.    0.    0.    0.    0.    0.
  0.    0.    0.    0.    0.    0.    0.    0.    0.    0.    0.    0.  ]"
3862,15.0,30,46.39,198.0,2023-01-03 15:24:24,510.3,1140.0,8.5,"[5.1  5.1  0.74 2.59 2.59 2.59 2.59 2.59 2.59 2.59 4.96 0.   0.   0.
 0.   0.   0.   0.   0.   0.   0.   0.   0.   0.   0.   0.   0.   0.
 0.   0.   0.   0.   0.   0.   0.   0.   0.   0.   0.   0.   0.   0.
 0.   0.   0.   0.   0.   0.   0.   0.   0.   0.   0.   0.   0.   0.
 0.   0.   0.   0.   0.   0.   0.   0.   0.   0.   0.   0.   0.   0.
 0.   0.   0.   0.   0.   0.   0.   0.   0.   0.   0.   0.   0.   0.
 0.   0.   0.   0.   0.   0.   0.   0.   0.   0.   0.   0.  ]"
3863,27.5,30,47.09,198.0,2023-01-04 06:22:36,282.5,191.1,2.6,"[ 1.71  1.71  1.71  1.71  1.71  1.71 -0.   -0.   -0.   -0.   -0.   -0.
 -0.   -0.   -0.   -0.   -0.   -0.   -0.   -0.   -0.   -0.   -0.   -0.
 -0.   -0.   -0.   -0.   -0.   -0.   -0.   -0.   -0.   -0.   -0.   -0.
 -0.   -0.   -0.   -0.   -0.   -0.   -0.   -0.   -0.   -0.   -0.   -0.
 -0.   -0.   -0.   -0.   -0.   -0.   -0.   -0.   -0.   -0.   -0.   -0.
 -0.   -0.   -0.   -0.   -0.   -0.   -0.   -0.   -0.   -0.   -0.   -0.
 -0.   -0.   -0.   -0.   -0.   -0.   -0.   -0.   -0.   -0.   -0.   -0.
 -0.   -0.   -0.   -0.   -0.   -0.   -0.   -0.   -0.   -0.   -0.   -0.  ]"
3864,27.5,30,181.5,198.0,2023-01-04 07:48:17,6534.0,4678.1,59.4,"[ 6.6  6.6  6.6  6.6  6.6  6.6  6.6  6.6  6.6  6.6  6.6  6.6  6.6  6.6
  6.6  6.6  6.6  6.6  6.6  6.6  6.6  6.6  6.6  6.6  6.6  6.6  6.6  6.6
  6.6  6.6  6.6  6.6  6.6  6.6  6.6  6.6 -0.  -0.  -0.  -0.  -0.  -0.
 -0.  -0.  -0.  -0.  -0.  -0.  -0.  -0.  -0.  -0.  -0.  -0.  -0.  -0.
 -0.  -0.  -0.  -0.  -0.  -0.  -0.  -0.  -0.  -0.  -0.  -0.  -0.  -0.
 -0.  -0.  -0.  -0.  -0.  -0.  -0.  -0.  -0.  -0.  -0.  -0.  -0.  -0.
 -0.  -0.  -0.  -0.  -0.  -0.  -0.  -0.  -0.  -0.  -0.  -0. ]"
3865,10.0,30,16.73,198.0,2023-01-04 08:26:36,267.7,436.4,6.7,"[-0.   -0.    1.91  1.91  1.91  1.91  1.91  1.91  1.91  1.91  1.91  1.91
  1.91  1.91  1.91  1.91 -0.   -0.   -0.   -0.   -0.   -0.   -0.   -0.
 -0.   -0.   -0.   -0.   -0.   -0.   -0.   -0.   -0.   -0.    0.    0.
  0.    0.    0.    0.    0.    0.    0.    0.    0.    0.    0.    0.
  0.    0.    0.    0.    0.    0.    0.    0.    0.    0.    0.    0.
  0.    0.    0.    0.    0.    0.    0.    0.    0.    0.    0.    0.
  0.    0.    0.    0.    0.    0.    0.    0.    0.    0.    0.    0.
  0.    0.    0.    0.    0.    0.    0.    0.    0.    0.    0.    0.  ]"
3866,10.0,30,29.81,198.0,2023-01-04 08:59:28,476.9,777.3,11.9,"[ 2.74  2.74  2.74  2.74  2.74  2.74  2.74  2.74  2.74  2.74  2.74  2.74
  2.74  2.74  4.65  4.65 -0.   -0.   -0.   -0.   -0.   -0.   -0.   -0.
 -0.   -0.   -0.   -0.   -0.   -0.   -0.   -0.   -0.   -0.   -0.   -0.
 -0.   -0.   -0.   -0.   -0.   -0.   -0.   -0.   -0.   -0.   -0.   -0.
 -0.   -0.   -0.   -0.   -0.   -0.   -0.   -0.   -0.   -0.   -0.   -0.
 -0.   -0.   -0.   -0.   -0.   -0.   -0.   -0.   -0.   -0.   -0.   -0.
 -0.   -0.   -0.   -0.   -0.   -0.   -0.   -0.   -0.   -0.   -0.   -0.
 -0.   -0.   -0.   -0.   -0.   -0.   -0.   -0.   -0.   -0.   -0.   -0.  ]"
3868,15.0,30,48.97,198.0,2023-01-04 12:32:15,783.5,918.0,13.1,"[ 4.65  4.65  4.65  4.65  4.65  3.62  3.62  3.62  3.62  3.62  3.62  3.62
  3.62 -0.   -0.   -0.   -0.   -0.   -0.   -0.   -0.   -0.   -0.   -0.
 -0.   -0.   -0.   -0.   -0.   -0.   -0.   -0.   -0.   -0.   -0.   -0.
 -0.   -0.   -0.   -0.   -0.   -0.   -0.   -0.   -0.   -0.   -0.   -0.
 -0.   -0.   -0.   -0.   -0.   -0.   -0.   -0.   -0.   -0.   -0.   -0.
 -0.   -0.   -0.   -0.   -0.   -0.   -0.   -0.   -0.   -0.   -0.   -0.
 -0.   -0.   -0.   -0.   -0.   -0.   -0.   -0.   -0.   -0.   -0.   -0.
 -0.   -0.   -0.   -0.   -0.   -0.   -0.   -0.   -0.   -0.   -0.   -0.  ]"
3869,27.5,30,138.29,198.0,2023-01-05 06:19:10,968.0,654.7,8.8,"[5.03 5.03 5.03 5.03 5.03 5.03 5.03 0.   0.   0.   0.   0.   0.   0.
 0.   0.   0.   0.   0.   0.   0.   0.   0.   0.   0.   0.   0.   0.
 0.   0.   0.   0.   0.   0.   0.   0.   0.   0.   0.   0.   0.   0.
 0.   0.   0.   0.   0.   0.   0.   0.   0.   0.   0.   0.   0.   0.
 0.   0.   0.   0.   0.   0.   0.   0.   0.   0.   0.   0.   0.   0.
 0.   0.   0.   0.   0.   0.   0.   0.   0.   0.   0.   0.   0.   0.
 0.   0.   0.   0.   0.   0.   0.   0.   0.   0.   0.   0.  ]"
3870,27.5,30,45.12,198.0,2023-01-05 07:39:15,1579.2,942.6,14.4,"[-0.   -0.   -0.   -0.   -0.    2.87  2.72  2.72  2.72  2.72  2.72  2.72
  2.72  2.72  2.72  2.72  2.72  2.72  2.72  2.72  2.72  2.72  2.72  2.72
  2.72 -0.   -0.   -0.   -0.   -0.    0.96  0.96  0.96  0.    0.    0.
  0.    0.    0.    0.    0.    0.    0.    0.    0.    0.    0.    0.
  0.    0.    0.    0.    0.    0.    0.    0.    0.    0.    0.    0.
  0.    0.    0.    0.    0.    0.    0.    0.    0.    0.    0.    0.
  0.    0.    0.    0.    0.    0.    0.    0.    0.    0.    0.    0.
  0.    0.    0.    0.    0.    0.    0.    0.    0.    0.    0.    0.  ]"
3871,27.5,30,90.3,198.0,2023-01-05 09:03:50,1264.2,749.3,11.5,"[ 3.28  3.28  3.28  3.28  3.28  3.28  3.28  3.28  3.28  3.28  3.28  3.28
  3.28  3.28  0.    0.    0.    0.    0.   -0.   -0.   -0.   -0.   -0.
 -0.   -0.   -0.   -0.   -0.    0.    0.    0.    0.    0.    0.    0.
  0.    0.    0.    0.    0.    0.    0.    0.    0.    0.    0.    0.
  0.    0.    0.    0.    0.    0.    0.    0.    0.    0.    0.    0.
  0.    0.    0.    0.    0.    0.    0.    0.    0.    0.    0.    0.
  0.    0.    0.    0.    0.    0.    0.    0.    0.    0.    0.    0.
  0.    0.    0.    0.    0.    0.    0.    0.    0.    0.    0.    0.  ]"
3872,27.5,30,92.58,198.0,2023-01-05 15:06:51,1018.4,1055.8,9.3,"[ 6.6   6.6   6.6   1.81  1.81  2.27  2.27  2.27  2.27  2.27  2.27 -0.
 -0.   -0.   -0.   -0.   -0.   -0.   -0.   -0.   -0.   -0.   -0.   -0.
 -0.   -0.   -0.   -0.   -0.   -0.   -0.   -0.   -0.   -0.   -0.   -0.
 -0.   -0.   -0.   -0.   -0.   -0.   -0.   -0.   -0.   -0.   -0.   -0.
 -0.   -0.   -0.   -0.   -0.   -0.   -0.   -0.   -0.   -0.   -0.   -0.
 -0.   -0.   -0.   -0.   -0.   -0.   -0.   -0.   -0.   -0.   -0.   -0.
 -0.   -0.   -0.   -0.   -0.   -0.   -0.   -0.   -0.   -0.   -0.   -0.
 -0.   -0.   -0.   -0.   -0.   -0.   -0.   -0.   -0.   -0.   -0.   -0.  ]"
3873,27.5,30,110.04,198.0,2023-01-06 07:39:24,3851.2,2720.8,35.0,"[ 3.86  3.86  3.86  2.25  2.25  2.25  3.42  3.24  3.24  3.27  3.27  3.27
  3.45  3.45  3.45  3.45  3.45  4.15  4.15  4.15  4.15  4.15  4.15  3.81
  3.81  4.56  4.56  4.56  4.76  4.76  4.76  4.76  6.22  6.6   6.6  -0.
 -0.   -0.   -0.   -0.   -0.   -0.   -0.   -0.   -0.   -0.   -0.   -0.
 -0.   -0.   -0.   -0.   -0.   -0.   -0.   -0.   -0.   -0.   -0.   -0.
 -0.   -0.   -0.   -0.   -0.   -0.   -0.   -0.   -0.   -0.   -0.   -0.
 -0.   -0.   -0.   -0.   -0.   -0.   -0.   -0.   -0.   -0.   -0.   -0.
 -0.   -0.   -0.   -0.   -0.   -0.   -0.   -0.   -0.   -0.   -0.   -0.  ]"
3874,27.5,30,80.85,198.0,2023-01-06 07:40:46,1374.5,832.3,12.5,"[ 0.    0.    0.    3.82  3.82  3.82  3.47  3.51  3.51  3.5   3.5   3.5
  3.5   3.5   3.5   3.5   3.5  -0.   -0.   -0.   -0.   -0.   -0.   -0.
 -0.    0.    0.    0.    0.    0.    0.    0.    0.   -0.   -0.   -0.
 -0.   -0.   -0.   -0.   -0.   -0.   -0.   -0.   -0.   -0.   -0.   -0.
 -0.   -0.   -0.   -0.   -0.   -0.   -0.   -0.   -0.   -0.   -0.   -0.
 -0.   -0.   -0.   -0.   -0.   -0.   -0.   -0.   -0.   -0.   -0.   -0.
 -0.   -0.   -0.   -0.   -0.   -0.   -0.   -0.   -0.   -0.   -0.   -0.
 -0.   -0.   -0.   -0.   -0.   -0.   -0.   -0.   -0.   -0.   -0.   -0.  ]"
3875,20.0,30,39.81,198.0,2023-01-06 08:21:48,1273.8,1399.8,15.9,"[-0.   -0.    3.27  0.92  0.9   0.9   0.89  0.89  0.89  1.09  1.09  1.09
  1.09  1.09  1.79  1.79  1.79  1.79  1.79  1.79  1.91  1.91  1.76  1.76
  1.76  2.58  2.58  2.58  2.58  6.2   6.6   6.6   0.    0.    0.    0.
  0.    0.    0.    0.    0.    0.    0.    0.    0.    0.    0.    0.
  0.    0.    0.    0.    0.    0.    0.    0.    0.    0.    0.    0.
  0.    0.    0.    0.    0.    0.    0.    0.    0.    0.    0.    0.
  0.    0.    0.    0.    0.    0.    0.    0.    0.    0.    0.    0.
  0.    0.    0.    0.    0.    0.    0.    0.    0.    0.    0.    0.  ]"
3876,15.0,30,49.63,198.0,2023-01-06 09:05:02,1290.3,1465.0,21.5,"[ 3.44  2.58  2.58  2.61  2.61  2.61  2.81  2.81  2.81  2.81  2.81  3.51
  3.51  3.51  3.51  3.51  3.51  3.58  3.58  3.43  3.43  3.43  4.26  4.26
  4.26  4.26  0.   -0.   -0.   -0.   -0.   -0.   -0.   -0.   -0.   -0.
 -0.   -0.   -0.   -0.   -0.   -0.   -0.   -0.   -0.   -0.   -0.   -0.
 -0.   -0.   -0.   -0.   -0.   -0.   -0.   -0.   -0.   -0.   -0.   -0.
 -0.   -0.   -0.   -0.   -0.   -0.   -0.   -0.   -0.   -0.   -0.   -0.
 -0.   -0.   -0.   -0.   -0.   -0.   -0.   -0.   -0.   -0.   -0.   -0.
 -0.   -0.   -0.   -0.   -0.   -0.   -0.   -0.   -0.   -0.   -0.   -0.  ]"
3877,10.0,30,33.28,198.0,2023-01-06 09:17:37,698.8,1163.2,17.5,"[ 3.01  3.01  2.89  2.89  2.89  3.02  3.02  3.02  3.02  3.02  3.72  3.72
  3.72  3.72  3.72  3.72  3.64  3.64  3.49  3.49  3.49  0.    0.    0.
  0.   -0.    0.    0.   -0.   -0.   -0.   -0.   -0.   -0.   -0.   -0.
 -0.   -0.   -0.   -0.   -0.   -0.   -0.   -0.   -0.   -0.   -0.   -0.
 -0.   -0.   -0.   -0.   -0.   -0.   -0.   -0.   -0.   -0.   -0.   -0.
 -0.   -0.   -0.   -0.   -0.   -0.   -0.   -0.   -0.   -0.   -0.   -0.
 -0.   -0.   -0.   -0.   -0.   -0.   -0.   -0.   -0.   -0.   -0.   -0.
 -0.   -0.   -0.   -0.   -0.   -0.   -0.   -0.   -0.   -0.   -0.   -0.  ]"
3878,22.5,30,78.41,198.0,2023-01-06 09:52:23,1803.4,1370.1,20.0,"[3.63 3.63 3.63 2.74 2.74 2.74 2.74 2.74 3.44 3.44 3.44 3.44 3.44 3.44
 3.63 3.63 3.48 3.48 3.48 4.31 4.31 4.31 4.31 0.   0.   0.   0.   0.
 0.   0.   0.   0.   0.   0.   0.   0.   0.   0.   0.   0.   0.   0.
 0.   0.   0.   0.   0.   0.   0.   0.   0.   0.   0.   0.   0.   0.
 0.   0.   0.   0.   0.   0.   0.   0.   0.   0.   0.   0.   0.   0.
 0.   0.   0.   0.   0.   0.   0.   0.   0.   0.   0.   0.   0.   0.
 0.   0.   0.   0.   0.   0.   0.   0.   0.   0.   0.   0.  ]"
3879,12.5,30,32.75,198.0,2023-01-06 10:39:35,687.7,948.8,13.8,"[2.58 2.58 2.58 2.58 2.58 2.58 2.58 2.58 2.58 2.58 2.58 2.02 2.02 1.87
 1.87 1.87 2.7  2.7  2.7  2.7  6.18 0.   0.   0.   0.   0.   0.   0.
 0.   0.   0.   0.   0.   0.   0.   0.   0.   0.   0.   0.   0.   0.
 0.   0.   0.   0.   0.   0.   0.   0.   0.   0.   0.   0.   0.   0.
 0.   0.   0.   0.   0.   0.   0.   0.   0.   0.   0.   0.   0.   0.
 0.   0.   0.   0.   0.   0.   0.   0.   0.   0.   0.   0.   0.   0.
 0.   0.   0.   0.   0.   0.   0.   0.   0.   0.   0.   0.  ]"
3880,10.0,30,23.74,198.0,2023-01-06 13:29:11,308.7,987.5,7.7,"[ 1.12  1.12  1.12  1.12  1.12  1.12  1.12  1.12  1.12  1.12  6.53  6.53
  6.6  -0.   -0.   -0.   -0.   -0.   -0.   -0.   -0.   -0.   -0.   -0.
 -0.   -0.   -0.   -0.   -0.   -0.   -0.   -0.   -0.   -0.   -0.   -0.
 -0.   -0.   -0.   -0.   -0.   -0.   -0.   -0.   -0.   -0.   -0.   -0.
 -0.   -0.   -0.   -0.   -0.   -0.   -0.   -0.   -0.   -0.   -0.   -0.
 -0.   -0.   -0.   -0.   -0.   -0.   -0.   -0.   -0.   -0.   -0.   -0.
 -0.   -0.   -0.   -0.   -0.   -0.   -0.   -0.   -0.   -0.   -0.   -0.
 -0.   -0.   -0.   -0.   -0.   -0.   -0.   -0.   -0.   -0.   -0.   -0.  ]"
3881,27.5,30,103.71,198.0,2023-01-06 18:50:49,1348.3,1253.3,12.3,"[ 2.   2.   2.   2.   2.   2.   2.   2.   6.6  6.6  6.6  6.6  6.6 -0.
 -0.  -0.  -0.  -0.  -0.  -0.  -0.  -0.  -0.  -0.  -0.  -0.  -0.  -0.
 -0.  -0.  -0.  -0.  -0.  -0.  -0.  -0.  -0.  -0.  -0.  -0.  -0.  -0.
 -0.  -0.  -0.  -0.  -0.  -0.  -0.  -0.  -0.  -0.  -0.  -0.  -0.  -0.
 -0.  -0.  -0.  -0.  -0.  -0.  -0.  -0.  -0.  -0.  -0.  -0.  -0.  -0.
 -0.  -0.  -0.  -0.  -0.  -0.  -0.  -0.  -0.  -0.  -0.  -0.  -0.  -0.
 -0.  -0.  -0.  -0.  -0.  -0.  -0.  -0.  -0.  -0.  -0.  -0. ]"
3882,27.5,30,181.5,198.0,2023-01-07 07:59:07,3267.0,1997.2,29.7,"[6.6 6.6 6.6 6.6 6.6 6.6 6.6 6.6 6.6 6.6 6.6 6.6 6.6 6.6 6.6 6.6 6.6 6.6
 0.  0.  0.  0.  0.  0.  0.  0.  0.  0.  0.  0.  0.  0.  0.  0.  0.  0.
 0.  0.  0.  0.  0.  0.  0.  0.  0.  0.  0.  0.  0.  0.  0.  0.  0.  0.
 0.  0.  0.  0.  0.  0.  0.  0.  0.  0.  0.  0.  0.  0.  0.  0.  0.  0.
 0.  0.  0.  0.  0.  0.  0.  0.  0.  0.  0.  0.  0.  0.  0.  0.  0.  0.
 0.  0.  0.  0.  0.  0. ]"
3884,27.5,30,116.68,198.0,2023-01-07 17:04:27,1400.2,2031.5,12.7,"[4.24 4.24 4.24 4.24 4.24 4.24 4.24 4.24 4.24 4.24 4.24 4.24 0.   0.
 0.   0.   0.   0.   0.   0.   0.   0.   0.   0.   0.   0.   0.   0.
 0.   0.   0.   0.   0.   0.   0.   0.   0.   0.   0.   0.   0.   0.
 0.   0.   0.   0.   0.   0.   0.   0.   0.   0.   0.   0.   0.   0.
 0.   0.   0.   0.   0.   0.   0.   0.   0.   0.   0.   0.   0.   0.
 0.   0.   0.   0.   0.   0.   0.   0.   0.   0.   0.   0.   0.   0.
 0.   0.   0.   0.   0.   0.   0.   0.   0.   0.   0.   0.  ]"
3885,27.5,30,30.62,198.0,2023-01-07 23:27:35,183.7,124.3,1.7,"[1.11 1.11 1.11 1.11 1.11 1.11 0.   0.   0.   0.   0.   0.   0.   0.
 0.   0.   0.   0.   0.   0.   0.   0.   0.   0.   0.   0.   0.   0.
 0.   0.   0.   0.   0.   0.   0.   0.   0.   0.   0.   0.   0.   0.
 0.   0.   0.   0.   0.   0.   0.   0.   0.   0.   0.   0.   0.   0.
 0.   0.   0.   0.   0.   0.   0.   0.   0.   0.   0.   0.   0.   0.
 0.   0.   0.   0.   0.   0.   0.   0.   0.   0.   0.   0.   0.   0.
 0.   0.   0.   0.   0.   0.   0.   0.   0.   0.   0.   0.  ]"
3886,27.5,30,90.63,198.0,2023-01-08 10:06:59,2084.5,1235.5,18.9,"[ 5.05  5.05  5.05  5.05  5.05  5.05  5.05  5.05  5.05  5.05  5.05  5.05
  5.05  5.05  5.05 -0.   -0.   -0.   -0.   -0.   -0.   -0.   -0.    0.
  0.    0.    0.    0.    0.    0.    0.    0.    0.    0.    0.    0.
  0.    0.    0.    0.    0.    0.    0.    0.    0.    0.    0.    0.
  0.    0.    0.    0.    0.    0.    0.    0.    0.    0.    0.    0.
  0.    0.    0.    0.    0.    0.    0.    0.    0.    0.    0.    0.
  0.    0.    0.    0.    0.    0.    0.    0.    0.    0.    0.    0.
  0.    0.    0.    0.    0.    0.    0.    0.    0.    0.    0.    0.  ]"
3888,27.5,30,90.27,198.0,2023-01-08 14:44:52,1354.1,1261.7,12.3,"[ 6.6   6.6   6.6   6.6   6.6   1.62  1.62  1.62  1.62  1.62  1.62  1.62
  1.62  1.62  1.62 -0.   -0.   -0.   -0.   -0.   -0.   -0.   -0.   -0.
 -0.   -0.   -0.   -0.   -0.   -0.   -0.   -0.   -0.   -0.   -0.   -0.
 -0.   -0.   -0.   -0.   -0.   -0.   -0.   -0.   -0.   -0.   -0.   -0.
 -0.   -0.   -0.   -0.   -0.   -0.   -0.   -0.   -0.   -0.   -0.   -0.
 -0.   -0.   -0.   -0.   -0.   -0.   -0.   -0.   -0.   -0.   -0.   -0.
 -0.   -0.   -0.   -0.   -0.   -0.   -0.   -0.   -0.   -0.   -0.   -0.
 -0.   -0.   -0.   -0.   -0.   -0.   -0.   -0.   -0.   -0.   -0.   -0.  ]"
3891,27.5,30,105.87,198.0,2023-01-09 06:50:35,847.0,572.9,7.7,"[4.4  4.4  4.4  4.4  4.4  2.93 2.93 2.93 0.   0.   0.   0.   0.   0.
 0.   0.   0.   0.   0.   0.   0.   0.   0.   0.   0.   0.   0.   0.
 0.   0.   0.   0.   0.   0.   0.   0.   0.   0.   0.   0.   0.   0.
 0.   0.   0.   0.   0.   0.   0.   0.   0.   0.   0.   0.   0.   0.
 0.   0.   0.   0.   0.   0.   0.   0.   0.   0.   0.   0.   0.   0.
 0.   0.   0.   0.   0.   0.   0.   0.   0.   0.   0.   0.   0.   0.
 0.   0.   0.   0.   0.   0.   0.   0.   0.   0.   0.   0.  ]"
3892,27.5,30,181.5,198.0,2023-01-09 08:06:24,6715.5,5082.0,61.1,"[6.6 6.6 6.6 6.6 6.6 6.6 6.6 6.6 6.6 6.6 6.6 6.6 6.6 6.6 6.6 6.6 6.6 6.6
 6.6 6.6 6.6 6.6 6.6 6.6 6.6 6.6 6.6 6.6 6.6 6.6 6.6 6.6 6.6 6.6 6.6 6.6
 6.6 0.  0.  0.  0.  0.  0.  0.  0.  0.  0.  0.  0.  0.  0.  0.  0.  0.
 0.  0.  0.  0.  0.  0.  0.  0.  0.  0.  0.  0.  0.  0.  0.  0.  0.  0.
 0.  0.  0.  0.  0.  0.  0.  0.  0.  0.  0.  0.  0.  0.  0.  0.  0.  0.
 0.  0.  0.  0.  0.  0. ]"
3893,27.5,30,97.28,198.0,2023-01-09 08:26:50,2821.1,1730.5,25.6,"[ 0.    0.    5.31  4.19  4.19  4.19  4.19  4.19  4.19  3.58  3.61  3.61
  3.61  3.61  3.61  3.61  3.61  3.61  3.57  3.57  3.57  3.57  3.62  3.62
  3.62  3.62  3.62  3.62  3.62 -0.   -0.   -0.   -0.   -0.   -0.   -0.
 -0.   -0.   -0.   -0.   -0.   -0.   -0.   -0.   -0.   -0.   -0.   -0.
 -0.   -0.   -0.   -0.   -0.   -0.   -0.   -0.   -0.   -0.   -0.   -0.
 -0.   -0.   -0.   -0.   -0.   -0.   -0.   -0.   -0.   -0.   -0.   -0.
 -0.   -0.   -0.   -0.   -0.   -0.   -0.   -0.   -0.   -0.   -0.   -0.
 -0.   -0.   -0.   -0.   -0.   -0.   -0.   -0.   -0.   -0.   -0.   -0.  ]"
3894,27.5,30,48.88,198.0,2023-01-09 09:03:51,1564.0,1447.7,14.2,"[ 2.33  2.33  2.33  2.33  2.33  2.33  0.91  0.73  0.73  0.73  0.73  0.73
  0.73  0.73  0.73  1.28  1.28  1.28  1.28  1.16  1.16  1.16  1.16  1.16
  1.16  1.16  1.82  3.14  3.14  5.14  4.83  4.83  0.   -0.   -0.   -0.
 -0.   -0.   -0.   -0.   -0.   -0.   -0.   -0.   -0.   -0.   -0.   -0.
 -0.   -0.   -0.   -0.   -0.   -0.   -0.   -0.   -0.   -0.   -0.   -0.
 -0.   -0.   -0.   -0.   -0.   -0.   -0.   -0.   -0.   -0.   -0.   -0.
 -0.   -0.   -0.   -0.   -0.   -0.   -0.   -0.   -0.   -0.   -0.   -0.
 -0.   -0.   -0.   -0.   -0.   -0.   -0.   -0.   -0.   -0.   -0.   -0.  ]"
3895,27.5,30,77.03,198.0,2023-01-09 09:14:08,2310.9,1704.5,21.0,"[4.54 4.54 4.54 4.54 4.54 4.54 2.04 2.15 2.15 2.15 2.15 2.15 2.15 2.15
 2.15 1.93 1.93 1.93 1.93 1.98 1.98 1.98 1.98 1.98 1.98 1.98 3.51 3.63
 3.63 5.23 0.   0.   0.   0.   0.   0.   0.   0.   0.   0.   0.   0.
 0.   0.   0.   0.   0.   0.   0.   0.   0.   0.   0.   0.   0.   0.
 0.   0.   0.   0.   0.   0.   0.   0.   0.   0.   0.   0.   0.   0.
 0.   0.   0.   0.   0.   0.   0.   0.   0.   0.   0.   0.   0.   0.
 0.   0.   0.   0.   0.   0.   0.   0.   0.   0.   0.   0.  ]"
3896,27.5,30,93.76,198.0,2023-01-09 10:34:34,2156.5,1503.2,19.6,"[ 6.27  3.12  3.12  3.12  3.12  3.12  3.12  3.12  3.12  3.2   3.2   3.2
  3.2   3.25  3.25  3.25  3.25  3.25  3.25  3.25  4.78  3.43  3.43  0.
  0.    0.   -0.   -0.   -0.   -0.   -0.   -0.   -0.   -0.   -0.   -0.
 -0.   -0.   -0.   -0.   -0.   -0.   -0.   -0.   -0.   -0.   -0.   -0.
 -0.   -0.   -0.   -0.   -0.   -0.   -0.   -0.   -0.   -0.   -0.   -0.
 -0.   -0.   -0.   -0.   -0.   -0.   -0.   -0.   -0.   -0.   -0.   -0.
 -0.   -0.   -0.   -0.   -0.   -0.   -0.   -0.   -0.   -0.   -0.   -0.
 -0.   -0.   -0.   -0.   -0.   -0.   -0.   -0.   -0.   -0.   -0.   -0.  ]"
3897,20.0,30,65.91,198.0,2023-01-09 10:54:15,2241.1,3526.4,28.0,"[3.52 3.52 3.52 3.52 3.52 3.52 3.52 3.52 1.09 1.09 1.09 1.09 1.06 1.06
 1.06 1.06 1.06 1.06 1.06 0.97 0.86 0.86 0.7  6.24 6.24 6.26 6.26 6.26
 6.26 6.26 6.26 6.26 6.26 6.26 0.   0.   0.   0.   0.   0.   0.   0.
 0.   0.   0.   0.   0.   0.   0.   0.   0.   0.   0.   0.   0.   0.
 0.   0.   0.   0.   0.   0.   0.   0.   0.   0.   0.   0.   0.   0.
 0.   0.   0.   0.   0.   0.   0.   0.   0.   0.   0.   0.   0.   0.
 0.   0.   0.   0.   0.   0.   0.   0.   0.   0.   0.   0.  ]"
3898,12.5,30,38.89,198.0,2023-01-09 12:47:07,700.1,1465.1,14.0,"[2.91 2.91 2.91 2.91 2.91 2.91 2.91 2.91 2.91 2.91 2.91 2.91 2.91 2.91
 2.91 2.91 2.91 6.6  0.   0.   0.   0.   0.   0.   0.   0.   0.   0.
 0.   0.   0.   0.   0.   0.   0.   0.   0.   0.   0.   0.   0.   0.
 0.   0.   0.   0.   0.   0.   0.   0.   0.   0.   0.   0.   0.   0.
 0.   0.   0.   0.   0.   0.   0.   0.   0.   0.   0.   0.   0.   0.
 0.   0.   0.   0.   0.   0.   0.   0.   0.   0.   0.   0.   0.   0.
 0.   0.   0.   0.   0.   0.   0.   0.   0.   0.   0.   0.  ]"
3899,27.5,30,181.5,198.0,2023-01-09 17:07:42,1633.5,2370.1,14.8,"[ 6.6  6.6  6.6  6.6  6.6  6.6  6.6  6.6  6.6 -0.  -0.  -0.  -0.  -0.
 -0.  -0.  -0.  -0.  -0.  -0.  -0.  -0.  -0.  -0.  -0.  -0.  -0.  -0.
 -0.  -0.  -0.  -0.  -0.  -0.  -0.  -0.  -0.  -0.  -0.  -0.  -0.  -0.
 -0.  -0.  -0.  -0.  -0.  -0.  -0.  -0.  -0.  -0.  -0.  -0.  -0.  -0.
 -0.  -0.  -0.  -0.  -0.  -0.  -0.  -0.  -0.  -0.  -0.  -0.  -0.  -0.
 -0.  -0.  -0.  -0.  -0.  -0.  -0.  -0.  -0.  -0.  -0.  -0.  -0.  -0.
 -0.  -0.  -0.  -0.  -0.  -0.  -0.  -0.  -0.  -0.  -0.  -0. ]"
3900,27.5,30,138.29,198.0,2023-01-10 07:11:47,968.0,654.7,8.8,"[5.03 5.03 5.03 5.03 5.03 5.03 5.03 0.   0.   0.   0.   0.   0.   0.
 0.   0.   0.   0.   0.   0.   0.   0.   0.   0.   0.   0.   0.   0.
 0.   0.   0.   0.   0.   0.   0.   0.   0.   0.   0.   0.   0.   0.
 0.   0.   0.   0.   0.   0.   0.   0.   0.   0.   0.   0.   0.   0.
 0.   0.   0.   0.   0.   0.   0.   0.   0.   0.   0.   0.   0.   0.
 0.   0.   0.   0.   0.   0.   0.   0.   0.   0.   0.   0.   0.   0.
 0.   0.   0.   0.   0.   0.   0.   0.   0.   0.   0.   0.  ]"
3901,27.5,30,88.24,198.0,2023-01-10 08:56:02,970.7,575.3,8.8,"[3.49 3.49 3.1  3.15 3.15 3.15 3.15 3.15 3.15 3.15 3.15 0.   0.   0.
 0.   0.   0.   0.   0.   0.   0.   0.   0.   0.   0.   0.   0.   0.
 0.   0.   0.   0.   0.   0.   0.   0.   0.   0.   0.   0.   0.   0.
 0.   0.   0.   0.   0.   0.   0.   0.   0.   0.   0.   0.   0.   0.
 0.   0.   0.   0.   0.   0.   0.   0.   0.   0.   0.   0.   0.   0.
 0.   0.   0.   0.   0.   0.   0.   0.   0.   0.   0.   0.   0.   0.
 0.   0.   0.   0.   0.   0.   0.   0.   0.   0.   0.   0.  ]"
3902,27.5,30,82.83,198.0,2023-01-10 09:22:18,1408.1,834.6,12.8,"[ 1.79  1.7   1.7   1.7   1.7   1.7   1.7   1.7   1.7   4.86  4.42  4.42
  4.42  4.42  4.42  4.42  4.42 -0.   -0.   -0.   -0.   -0.   -0.   -0.
 -0.   -0.   -0.   -0.   -0.   -0.   -0.   -0.   -0.   -0.   -0.   -0.
 -0.   -0.   -0.   -0.   -0.   -0.   -0.   -0.   -0.   -0.   -0.   -0.
 -0.   -0.   -0.   -0.   -0.   -0.   -0.   -0.   -0.   -0.   -0.   -0.
 -0.   -0.   -0.   -0.   -0.   -0.   -0.   -0.   -0.   -0.   -0.   -0.
 -0.   -0.   -0.   -0.   -0.   -0.   -0.   -0.   -0.   -0.   -0.   -0.
 -0.   -0.   -0.   -0.   -0.   -0.   -0.   -0.   -0.   -0.   -0.   -0.  ]"
3903,27.5,30,80.91,198.0,2023-01-10 09:37:55,2508.1,1486.6,22.8,"[ 5.75  5.75  5.75  5.75  5.75  5.75  5.75  5.75  5.73  4.82  4.82  4.82
  4.82  4.82  4.82  4.82  5.73 -0.   -0.   -0.   -0.   -0.   -0.   -0.
 -0.    0.    0.    0.    0.    0.    0.   -0.   -0.   -0.   -0.   -0.
 -0.   -0.   -0.   -0.   -0.   -0.   -0.   -0.   -0.   -0.   -0.   -0.
 -0.   -0.   -0.   -0.   -0.   -0.   -0.   -0.   -0.   -0.   -0.   -0.
 -0.   -0.   -0.   -0.   -0.   -0.   -0.   -0.   -0.   -0.   -0.   -0.
 -0.   -0.   -0.   -0.   -0.   -0.   -0.   -0.   -0.   -0.   -0.   -0.
 -0.   -0.   -0.   -0.   -0.   -0.   -0.   -0.   -0.   -0.   -0.   -0.  ]"
3904,27.5,30,80.02,198.0,2023-01-10 11:46:04,1680.4,1015.1,15.3,"[ 6.6   6.6   6.6   6.6   6.6   6.6   6.6   6.6   1.04  1.04  1.04  1.04
  1.04  1.04  1.04  1.04  0.    0.    0.    0.    0.   -0.    0.    0.
  0.    0.    0.    0.    0.    0.    0.    0.    0.    0.    0.    0.
  0.    0.    0.    0.    0.    0.    0.    0.    0.    0.    0.    0.
  0.    0.    0.    0.    0.    0.    0.    0.    0.    0.    0.    0.
  0.    0.    0.    0.    0.    0.    0.    0.    0.    0.    0.    0.
  0.    0.    0.    0.    0.    0.    0.    0.    0.    0.    0.    0.
  0.    0.    0.    0.    0.    0.    0.    0.    0.    0.    0.    0.  ]"
3905,27.5,30,92.55,198.0,2023-01-10 13:34:57,1850.9,1405.1,16.8,"[6.6  6.6  6.6  6.6  6.6  6.6  6.6  6.6  6.6  0.76 0.76 0.76 0.76 0.76
 0.74 0.67 0.67 0.67 0.67 0.67 0.   0.   0.   0.   0.   0.   0.   0.
 0.   0.   0.   0.   0.   0.   0.   0.   0.   0.   0.   0.   0.   0.
 0.   0.   0.   0.   0.   0.   0.   0.   0.   0.   0.   0.   0.   0.
 0.   0.   0.   0.   0.   0.   0.   0.   0.   0.   0.   0.   0.   0.
 0.   0.   0.   0.   0.   0.   0.   0.   0.   0.   0.   0.   0.   0.
 0.   0.   0.   0.   0.   0.   0.   0.   0.   0.   0.   0.  ]"
3906,27.5,30,36.49,198.0,2023-01-11 06:30:25,218.9,148.1,2.0,"[1.33 1.33 1.33 1.33 1.33 1.33 0.   0.   0.   0.   0.   0.   0.   0.
 0.   0.   0.   0.   0.   0.   0.   0.   0.   0.   0.   0.   0.   0.
 0.   0.   0.   0.   0.   0.   0.   0.   0.   0.   0.   0.   0.   0.
 0.   0.   0.   0.   0.   0.   0.   0.   0.   0.   0.   0.   0.   0.
 0.   0.   0.   0.   0.   0.   0.   0.   0.   0.   0.   0.   0.   0.
 0.   0.   0.   0.   0.   0.   0.   0.   0.   0.   0.   0.   0.   0.
 0.   0.   0.   0.   0.   0.   0.   0.   0.   0.   0.   0.  ]"
3907,27.5,30,86.98,198.0,2023-01-11 07:51:43,2435.6,1476.5,22.1,"[-0.    0.   -0.   -0.    3.67  3.67  3.67  4.05  4.05  3.37  3.37  3.37
  3.37  3.37  3.37  3.37  3.37  3.37  4.27  4.27  4.27  4.02  4.02  4.02
  3.57  3.57  3.57  3.57  0.    0.    0.    0.    0.    0.    0.    0.
  0.    0.    0.    0.    0.    0.    0.    0.    0.    0.    0.    0.
  0.    0.    0.    0.    0.    0.    0.    0.    0.    0.    0.    0.
  0.    0.    0.    0.    0.    0.    0.    0.    0.    0.    0.    0.
  0.    0.    0.    0.    0.    0.    0.    0.    0.    0.    0.    0.
  0.    0.    0.    0.    0.    0.    0.    0.    0.    0.    0.    0.  ]"
3908,27.5,30,92.23,198.0,2023-01-11 08:07:56,3043.5,1871.4,27.7,"[ 0.   -0.   -0.    5.42  5.42  5.42  5.15  5.15  3.34  3.34  3.34  3.34
  3.34  3.34  3.34  3.34  3.34  4.23  4.23  4.23  4.02  4.02  4.02  3.58
  3.58  3.58  3.58  4.82  3.4   3.4   3.4  -0.   -0.   -0.   -0.   -0.
 -0.   -0.   -0.   -0.   -0.   -0.   -0.   -0.   -0.   -0.   -0.   -0.
 -0.   -0.   -0.   -0.   -0.   -0.   -0.   -0.   -0.   -0.   -0.   -0.
 -0.   -0.   -0.   -0.   -0.   -0.   -0.   -0.   -0.   -0.   -0.   -0.
 -0.   -0.   -0.   -0.   -0.   -0.   -0.   -0.   -0.   -0.   -0.   -0.
 -0.   -0.   -0.   -0.   -0.   -0.   -0.   -0.   -0.   -0.   -0.   -0.  ]"
3909,27.5,30,86.2,198.0,2023-01-11 08:16:13,1379.2,817.5,12.5,"[-0.   -0.    3.56  3.56  3.56  3.59  3.59  3.59  3.59  3.59  3.59  3.59
  3.59  3.59  3.59  3.59  0.    0.    0.    0.    0.    0.   -0.   -0.
 -0.   -0.   -0.   -0.   -0.   -0.   -0.   -0.    0.    0.    0.    0.
  0.    0.    0.    0.    0.    0.    0.    0.    0.    0.    0.    0.
  0.    0.    0.    0.    0.    0.    0.    0.    0.    0.    0.    0.
  0.    0.    0.    0.    0.    0.    0.    0.    0.    0.    0.    0.
  0.    0.    0.    0.    0.    0.    0.    0.    0.    0.    0.    0.
  0.    0.    0.    0.    0.    0.    0.    0.    0.    0.    0.    0.  ]"
3910,27.5,30,37.29,198.0,2023-01-11 08:55:47,1006.9,621.7,9.2,"[ 1.89  1.89  1.89  1.19  1.19  0.89  0.89  0.89  0.89  0.89  0.89  0.89
  0.89  0.89  1.79  1.79  1.79  1.46  1.46  1.46  1.02  1.02  1.02  1.02
  2.26  2.26  2.26  0.    0.    0.   -0.   -0.   -0.   -0.   -0.   -0.
 -0.   -0.   -0.   -0.   -0.   -0.   -0.   -0.   -0.   -0.   -0.   -0.
 -0.   -0.   -0.   -0.   -0.   -0.   -0.   -0.   -0.   -0.   -0.   -0.
 -0.   -0.   -0.   -0.   -0.   -0.   -0.   -0.   -0.   -0.   -0.   -0.
 -0.   -0.   -0.   -0.   -0.   -0.   -0.   -0.   -0.   -0.   -0.   -0.
 -0.   -0.   -0.   -0.   -0.   -0.   -0.   -0.   -0.   -0.   -0.   -0.  ]"
3911,27.5,30,94.6,198.0,2023-01-11 09:40:30,2270.5,1404.5,20.6,"[ 5.07  5.07  2.79  2.79  2.79  2.79  2.79  2.79  2.79  2.79  2.79  3.69
  3.69  3.69  3.56  3.56  3.56  3.12  3.12  3.12  3.12  4.36  4.36  4.36
 -0.    0.    0.   -0.   -0.   -0.   -0.   -0.   -0.   -0.   -0.   -0.
 -0.   -0.   -0.   -0.   -0.   -0.   -0.   -0.   -0.   -0.   -0.   -0.
 -0.   -0.   -0.   -0.   -0.   -0.   -0.   -0.   -0.   -0.   -0.   -0.
 -0.   -0.   -0.   -0.   -0.   -0.   -0.   -0.   -0.   -0.   -0.   -0.
 -0.   -0.   -0.   -0.   -0.   -0.   -0.   -0.   -0.   -0.   -0.   -0.
 -0.   -0.   -0.   -0.   -0.   -0.   -0.   -0.   -0.   -0.   -0.   -0.  ]"
3913,27.5,30,86.97,198.0,2023-01-11 10:11:24,2435.3,1476.4,22.1,"[ 5.96  5.96  5.96  5.96  5.96  5.96  5.96  5.96  5.96  5.96  5.96  5.96
  0.92  0.92  0.92  0.47  0.47  0.47  0.47  0.4   4.    4.    4.   -0.
 -0.    0.   -0.   -0.    0.    0.    0.    0.    0.    0.    0.    0.
  0.    0.    0.    0.    0.    0.    0.    0.    0.    0.    0.    0.
  0.    0.    0.    0.    0.    0.    0.    0.    0.    0.    0.    0.
  0.    0.    0.    0.    0.    0.    0.    0.    0.    0.    0.    0.
  0.    0.    0.    0.    0.    0.    0.    0.    0.    0.    0.    0.
  0.    0.    0.    0.    0.    0.    0.    0.    0.    0.    0.    0.  ]"
3914,27.5,30,77.02,198.0,2023-01-11 13:03:26,1078.3,683.8,9.8,"[ 6.6   6.6   6.6   3.13  3.13  3.13  3.13  3.13  1.26  1.26  1.26  0.
  0.    0.   -0.   -0.   -0.   -0.   -0.   -0.   -0.   -0.   -0.   -0.
 -0.   -0.   -0.   -0.   -0.   -0.   -0.   -0.   -0.   -0.   -0.   -0.
 -0.   -0.   -0.   -0.   -0.   -0.   -0.   -0.   -0.   -0.   -0.   -0.
 -0.   -0.   -0.   -0.   -0.   -0.   -0.   -0.   -0.   -0.   -0.   -0.
 -0.   -0.   -0.   -0.   -0.   -0.   -0.   -0.   -0.   -0.   -0.   -0.
 -0.   -0.   -0.   -0.   -0.   -0.   -0.   -0.   -0.   -0.   -0.   -0.
 -0.   -0.   -0.   -0.   -0.   -0.   -0.   -0.   -0.   -0.   -0.   -0.  ]"
3915,27.5,30,98.04,198.0,2023-01-11 15:15:15,1274.6,1427.5,11.6,"[ 6.6   6.6   6.6   1.09  1.09  1.19  1.27  1.27  4.12  4.12  4.12  4.12
  4.12 -0.   -0.   -0.   -0.   -0.   -0.   -0.   -0.   -0.   -0.   -0.
 -0.   -0.   -0.   -0.   -0.   -0.   -0.   -0.   -0.   -0.   -0.   -0.
 -0.   -0.   -0.   -0.   -0.   -0.   -0.   -0.   -0.   -0.   -0.   -0.
 -0.   -0.   -0.   -0.   -0.   -0.   -0.   -0.   -0.   -0.   -0.   -0.
 -0.   -0.   -0.   -0.   -0.   -0.   -0.   -0.   -0.   -0.   -0.   -0.
 -0.   -0.   -0.   -0.   -0.   -0.   -0.   -0.   -0.   -0.   -0.   -0.
 -0.   -0.   -0.   -0.   -0.   -0.   -0.   -0.   -0.   -0.   -0.   -0.  ]"
3916,27.5,30,87.1,198.0,2023-01-11 17:54:08,1132.3,1502.3,10.3,"[ 2.47  2.47  2.96  2.96  2.96  2.96  2.96  2.96  2.96  2.96  2.96  2.96
  6.6  -0.   -0.   -0.   -0.   -0.   -0.   -0.   -0.   -0.   -0.   -0.
 -0.   -0.   -0.   -0.   -0.   -0.   -0.   -0.   -0.   -0.   -0.   -0.
 -0.   -0.   -0.   -0.   -0.   -0.   -0.   -0.   -0.   -0.   -0.   -0.
 -0.   -0.   -0.   -0.   -0.   -0.   -0.   -0.   -0.   -0.   -0.   -0.
 -0.   -0.   -0.   -0.   -0.   -0.   -0.   -0.   -0.   -0.   -0.   -0.
 -0.   -0.   -0.   -0.   -0.   -0.   -0.   -0.   -0.   -0.   -0.   -0.
 -0.   -0.   -0.   -0.   -0.   -0.   -0.   -0.   -0.   -0.   -0.   -0.  ]"
3917,27.5,30,34.49,198.0,2023-01-12 06:17:33,275.9,186.6,2.5,"[1.25 1.25 1.25 1.25 1.25 1.25 1.25 1.25 0.   0.   0.   0.   0.   0.
 0.   0.   0.   0.   0.   0.   0.   0.   0.   0.   0.   0.   0.   0.
 0.   0.   0.   0.   0.   0.   0.   0.   0.   0.   0.   0.   0.   0.
 0.   0.   0.   0.   0.   0.   0.   0.   0.   0.   0.   0.   0.   0.
 0.   0.   0.   0.   0.   0.   0.   0.   0.   0.   0.   0.   0.   0.
 0.   0.   0.   0.   0.   0.   0.   0.   0.   0.   0.   0.   0.   0.
 0.   0.   0.   0.   0.   0.   0.   0.   0.   0.   0.   0.  ]"
3918,27.5,30,181.5,198.0,2023-01-12 08:34:09,2722.5,1628.9,24.7,"[6.6 6.6 6.6 6.6 6.6 6.6 6.6 6.6 6.6 6.6 6.6 6.6 6.6 6.6 6.6 0.  0.  0.
 0.  0.  0.  0.  0.  0.  0.  0.  0.  0.  0.  0.  0.  0.  0.  0.  0.  0.
 0.  0.  0.  0.  0.  0.  0.  0.  0.  0.  0.  0.  0.  0.  0.  0.  0.  0.
 0.  0.  0.  0.  0.  0.  0.  0.  0.  0.  0.  0.  0.  0.  0.  0.  0.  0.
 0.  0.  0.  0.  0.  0.  0.  0.  0.  0.  0.  0.  0.  0.  0.  0.  0.  0.
 0.  0.  0.  0.  0.  0. ]"
3919,27.5,30,174.82,198.0,2023-01-12 08:37:07,2797.2,1673.1,25.4,"[ 6.6   6.6   6.6   6.25  6.25  6.28  6.28  6.28  6.28  6.28  6.28  6.28
  6.28  6.28  6.28  6.6  -0.   -0.   -0.   -0.   -0.   -0.   -0.   -0.
 -0.   -0.   -0.   -0.   -0.   -0.   -0.   -0.   -0.   -0.   -0.   -0.
 -0.   -0.   -0.   -0.   -0.   -0.   -0.   -0.   -0.   -0.   -0.   -0.
 -0.   -0.   -0.   -0.   -0.   -0.   -0.   -0.   -0.   -0.   -0.   -0.
 -0.   -0.   -0.   -0.   -0.   -0.   -0.   -0.   -0.   -0.   -0.   -0.
 -0.   -0.   -0.   -0.   -0.   -0.   -0.   -0.   -0.   -0.   -0.   -0.
 -0.   -0.   -0.   -0.   -0.   -0.   -0.   -0.   -0.   -0.   -0.   -0.  ]"
3920,27.5,30,77.17,198.0,2023-01-12 09:23:49,1311.9,777.6,11.9,"[2.24 2.24 1.96 1.96 1.96 1.96 1.96 1.96 1.96 1.96 1.96 1.96 5.67 4.48
 4.48 4.48 4.48 0.   0.   0.   0.   0.   0.   0.   0.   0.   0.   0.
 0.   0.   0.   0.   0.   0.   0.   0.   0.   0.   0.   0.   0.   0.
 0.   0.   0.   0.   0.   0.   0.   0.   0.   0.   0.   0.   0.   0.
 0.   0.   0.   0.   0.   0.   0.   0.   0.   0.   0.   0.   0.   0.
 0.   0.   0.   0.   0.   0.   0.   0.   0.   0.   0.   0.   0.   0.
 0.   0.   0.   0.   0.   0.   0.   0.   0.   0.   0.   0.  ]"
3921,25.0,30,79.83,198.0,2023-01-12 09:46:59,1756.3,1232.4,17.6,"[ 0.    0.    0.    0.    0.    0.    0.    0.    0.    0.    6.47  4.88
  4.88  4.88  4.88  6.29  5.79  5.79  6.6   6.6   6.6   6.6  -0.   -0.
 -0.   -0.   -0.   -0.   -0.   -0.   -0.   -0.   -0.   -0.   -0.   -0.
 -0.   -0.   -0.   -0.   -0.   -0.   -0.   -0.   -0.   -0.   -0.   -0.
 -0.   -0.   -0.   -0.   -0.   -0.   -0.   -0.   -0.   -0.   -0.   -0.
 -0.   -0.   -0.   -0.   -0.   -0.   -0.   -0.   -0.   -0.   -0.   -0.
 -0.   -0.   -0.   -0.   -0.   -0.   -0.   -0.   -0.   -0.   -0.   -0.
 -0.   -0.   -0.   -0.   -0.   -0.   -0.   -0.   -0.   -0.   -0.   -0.  ]"
3922,22.5,30,74.78,198.0,2023-01-12 09:53:05,1346.0,992.2,15.0,"[ 3.37  3.37  3.37  3.37  3.37  3.37  3.37  3.37  3.37  3.37  1.84  2.82
  2.82  2.82  2.82  5.55  3.73  3.73 -0.   -0.   -0.   -0.   -0.   -0.
 -0.   -0.   -0.   -0.   -0.   -0.   -0.   -0.   -0.   -0.   -0.   -0.
 -0.   -0.   -0.   -0.   -0.   -0.   -0.   -0.   -0.   -0.   -0.   -0.
 -0.   -0.   -0.   -0.   -0.   -0.   -0.   -0.   -0.   -0.   -0.   -0.
 -0.   -0.   -0.   -0.   -0.   -0.   -0.   -0.   -0.   -0.   -0.   -0.
 -0.   -0.   -0.   -0.   -0.   -0.   -0.   -0.   -0.   -0.   -0.   -0.
 -0.   -0.   -0.   -0.   -0.   -0.   -0.   -0.   -0.   -0.   -0.   -0.  ]"
3925,27.5,30,81.13,198.0,2023-01-12 12:17:12,1541.4,1288.7,14.0,"[6.6  1.79 1.79 1.79 1.79 2.13 0.31 0.31 3.27 3.27 3.27 3.27 6.6  6.6
 2.66 2.66 2.66 2.66 2.66 0.   0.   0.   0.   0.   0.   0.   0.   0.
 0.   0.   0.   0.   0.   0.   0.   0.   0.   0.   0.   0.   0.   0.
 0.   0.   0.   0.   0.   0.   0.   0.   0.   0.   0.   0.   0.   0.
 0.   0.   0.   0.   0.   0.   0.   0.   0.   0.   0.   0.   0.   0.
 0.   0.   0.   0.   0.   0.   0.   0.   0.   0.   0.   0.   0.   0.
 0.   0.   0.   0.   0.   0.   0.   0.   0.   0.   0.   0.  ]"
3926,27.5,30,100.5,198.0,2023-01-12 12:45:56,2813.9,2391.6,25.6,"[ 6.6   6.6   6.6   6.6   6.6   6.6   6.6   4.11  4.11  4.11  4.11  6.6
  6.6   0.16  0.16  0.16  0.16  0.16  2.57  2.57  2.57  2.57  2.57  2.57
  2.57  2.57  2.57  2.57 -0.   -0.   -0.   -0.   -0.   -0.   -0.   -0.
 -0.   -0.   -0.   -0.   -0.   -0.   -0.   -0.   -0.   -0.   -0.   -0.
 -0.   -0.   -0.   -0.   -0.   -0.   -0.   -0.   -0.   -0.   -0.   -0.
 -0.   -0.   -0.   -0.   -0.   -0.   -0.   -0.   -0.   -0.   -0.   -0.
 -0.   -0.   -0.   -0.   -0.   -0.   -0.   -0.   -0.   -0.   -0.   -0.
 -0.   -0.   -0.   -0.   -0.   -0.   -0.   -0.   -0.   -0.   -0.   -0.  ]"
3927,27.5,30,96.14,198.0,2023-01-12 14:25:41,1057.6,715.3,9.6,"[ 6.34  6.34  6.34  6.34  6.55  6.55 -0.   -0.   -0.   -0.   -0.    0.
  0.    0.    0.    0.    0.    0.    0.    0.    0.    0.    0.    0.
  0.    0.    0.    0.    0.    0.    0.    0.    0.    0.    0.    0.
  0.    0.    0.    0.    0.    0.    0.    0.    0.    0.    0.    0.
  0.    0.    0.    0.    0.    0.    0.    0.    0.    0.    0.    0.
  0.    0.    0.    0.    0.    0.    0.    0.    0.    0.    0.    0.
  0.    0.    0.    0.    0.    0.    0.    0.    0.    0.    0.    0.
  0.    0.    0.    0.    0.    0.    0.    0.    0.    0.    0.    0.  ]"
3929,27.5,30,89.12,198.0,2023-01-13 07:29:52,2406.3,1428.9,21.9,"[-0.   -0.   -0.   -0.   -0.   -0.    4.53  4.53  4.53  4.53  3.98  3.98
  3.98  4.11  4.11  4.11  4.11  4.11  4.11  4.11  4.11  4.11  4.11  4.11
  5.56  5.56  1.15  0.    0.    0.    0.    0.    0.    0.    0.    0.
  0.    0.    0.    0.    0.    0.    0.    0.    0.    0.    0.    0.
  0.    0.    0.    0.    0.    0.    0.    0.    0.    0.    0.    0.
  0.    0.    0.    0.    0.    0.    0.    0.    0.    0.    0.    0.
  0.    0.    0.    0.    0.    0.    0.    0.    0.    0.    0.    0.
  0.    0.    0.    0.    0.    0.    0.    0.    0.    0.    0.    0.  ]"
3930,27.5,30,55.51,198.0,2023-01-13 07:53:29,2109.5,1273.3,19.2,"[-0.   -0.   -0.   -0.    3.94  3.94  3.94  3.94  3.59  3.59  3.59  3.1
  3.1   3.1   3.1   3.1   3.1   3.1   3.1   3.1   3.1   3.1   3.09  3.09
  0.73  0.94  0.94  0.94  0.94  0.94  0.94  3.58  0.    0.    0.    0.
  0.    0.    0.    0.    0.    0.    0.    0.    0.    0.    0.    0.
  0.    0.    0.    0.    0.    0.    0.    0.    0.    0.    0.    0.
  0.    0.    0.    0.    0.    0.    0.    0.    0.    0.    0.    0.
  0.    0.    0.    0.    0.    0.    0.    0.    0.    0.    0.    0.
  0.    0.    0.    0.    0.    0.    0.    0.    0.    0.    0.    0.  ]"
3931,27.5,30,76.75,198.0,2023-01-13 08:43:21,1458.3,864.4,13.3,"[-0.    3.11  3.11  3.11  3.11  2.88  2.88  2.88  2.9   2.9   2.9   2.9
  2.9   2.9   2.9   2.9   2.9   2.9   2.9   0.    0.   -0.   -0.   -0.
 -0.   -0.   -0.   -0.   -0.   -0.   -0.   -0.   -0.   -0.   -0.    0.
  0.    0.    0.    0.    0.    0.    0.    0.    0.    0.    0.    0.
  0.    0.    0.    0.    0.    0.    0.    0.    0.    0.    0.    0.
  0.    0.    0.    0.    0.    0.    0.    0.    0.    0.    0.    0.
  0.    0.    0.    0.    0.    0.    0.    0.    0.    0.    0.    0.
  0.    0.    0.    0.    0.    0.    0.    0.    0.    0.    0.    0.  ]"
3932,27.5,30,86.94,198.0,2023-01-13 09:48:22,2521.2,1542.4,22.9,"[ 5.88  5.88  5.88  3.87  3.87  3.87  3.87  3.87  3.87  3.87  3.87  3.87
  3.87  3.87  5.32  5.32  0.75  2.38  2.38  2.38  2.38  2.38  2.38  5.88
  0.    0.    0.    0.    0.    0.   -0.   -0.   -0.   -0.   -0.   -0.
 -0.   -0.   -0.   -0.   -0.   -0.   -0.   -0.   -0.   -0.   -0.   -0.
 -0.   -0.   -0.   -0.   -0.   -0.   -0.   -0.   -0.   -0.   -0.   -0.
 -0.   -0.   -0.   -0.   -0.   -0.   -0.   -0.   -0.   -0.   -0.   -0.
 -0.   -0.   -0.   -0.   -0.   -0.   -0.   -0.   -0.   -0.   -0.   -0.
 -0.   -0.   -0.   -0.   -0.   -0.   -0.   -0.   -0.   -0.   -0.   -0.  ]"
3935,27.5,30,95.48,198.0,2023-01-13 10:40:02,2387.1,1417.2,21.7,"[ 6.6   6.6   6.6   6.6   6.6   6.6   6.6   6.6   6.6   6.6   6.6   6.6
  6.6   0.14  0.14  0.14  0.14  0.14  0.14  0.14 -0.    0.    0.    0.
  0.   -0.   -0.    0.    0.    0.    0.    0.    0.    0.    0.    0.
  0.    0.    0.    0.    0.    0.    0.    0.    0.    0.    0.    0.
  0.    0.    0.    0.    0.    0.    0.    0.    0.    0.    0.    0.
  0.    0.    0.    0.    0.    0.    0.    0.    0.    0.    0.    0.
  0.    0.    0.    0.    0.    0.    0.    0.    0.    0.    0.    0.
  0.    0.    0.    0.    0.    0.    0.    0.    0.    0.    0.    0.  ]"
3936,27.5,30,92.73,198.0,2023-01-13 15:41:05,741.8,935.7,6.7,"[6.6  2.73 2.73 2.73 2.73 2.67 2.86 3.92 0.   0.   0.   0.   0.   0.
 0.   0.   0.   0.   0.   0.   0.   0.   0.   0.   0.   0.   0.   0.
 0.   0.   0.   0.   0.   0.   0.   0.   0.   0.   0.   0.   0.   0.
 0.   0.   0.   0.   0.   0.   0.   0.   0.   0.   0.   0.   0.   0.
 0.   0.   0.   0.   0.   0.   0.   0.   0.   0.   0.   0.   0.   0.
 0.   0.   0.   0.   0.   0.   0.   0.   0.   0.   0.   0.   0.   0.
 0.   0.   0.   0.   0.   0.   0.   0.   0.   0.   0.   0.  ]"
3937,27.5,30,92.36,198.0,2023-01-13 17:47:24,1754.8,1562.0,16.0,"[ 1.47  1.47  1.47  1.47  1.47  1.47  1.47  1.47  1.47  1.47  1.47  1.47
  6.6   6.6   6.6   6.6   6.6   6.6   6.6  -0.   -0.   -0.   -0.   -0.
 -0.   -0.   -0.   -0.   -0.   -0.   -0.   -0.   -0.   -0.   -0.   -0.
 -0.   -0.   -0.   -0.   -0.   -0.   -0.   -0.   -0.   -0.   -0.   -0.
 -0.   -0.   -0.   -0.   -0.   -0.   -0.   -0.   -0.   -0.   -0.   -0.
 -0.   -0.   -0.   -0.   -0.   -0.   -0.   -0.   -0.   -0.   -0.   -0.
 -0.   -0.   -0.   -0.   -0.   -0.   -0.   -0.   -0.   -0.   -0.   -0.
 -0.   -0.   -0.   -0.   -0.   -0.   -0.   -0.   -0.   -0.   -0.   -0.  ]"
3941,27.5,30,48.71,198.0,2023-01-14 23:40:55,341.0,230.6,3.1,"[1.77 1.77 1.77 1.77 1.77 1.77 1.77 0.   0.   0.   0.   0.   0.   0.
 0.   0.   0.   0.   0.   0.   0.   0.   0.   0.   0.   0.   0.   0.
 0.   0.   0.   0.   0.   0.   0.   0.   0.   0.   0.   0.   0.   0.
 0.   0.   0.   0.   0.   0.   0.   0.   0.   0.   0.   0.   0.   0.
 0.   0.   0.   0.   0.   0.   0.   0.   0.   0.   0.   0.   0.   0.
 0.   0.   0.   0.   0.   0.   0.   0.   0.   0.   0.   0.   0.   0.
 0.   0.   0.   0.   0.   0.   0.   0.   0.   0.   0.   0.  ]"
3943,27.5,30,86.7,198.0,2023-01-15 14:40:33,953.7,680.8,8.7,"[6.6  6.6  6.6  6.6  6.6  0.34 0.34 0.34 0.34 0.17 0.17 0.   0.   0.
 0.   0.   0.   0.   0.   0.   0.   0.   0.   0.   0.   0.   0.   0.
 0.   0.   0.   0.   0.   0.   0.   0.   0.   0.   0.   0.   0.   0.
 0.   0.   0.   0.   0.   0.   0.   0.   0.   0.   0.   0.   0.   0.
 0.   0.   0.   0.   0.   0.   0.   0.   0.   0.   0.   0.   0.   0.
 0.   0.   0.   0.   0.   0.   0.   0.   0.   0.   0.   0.   0.   0.
 0.   0.   0.   0.   0.   0.   0.   0.   0.   0.   0.   0.  ]"
3944,27.5,30,80.38,198.0,2023-01-15 16:59:41,401.9,583.1,3.7,"[2.82 2.82 2.99 2.99 2.99 0.   0.   0.   0.   0.   0.   0.   0.   0.
 0.   0.   0.   0.   0.   0.   0.   0.   0.   0.   0.   0.   0.   0.
 0.   0.   0.   0.   0.   0.   0.   0.   0.   0.   0.   0.   0.   0.
 0.   0.   0.   0.   0.   0.   0.   0.   0.   0.   0.   0.   0.   0.
 0.   0.   0.   0.   0.   0.   0.   0.   0.   0.   0.   0.   0.   0.
 0.   0.   0.   0.   0.   0.   0.   0.   0.   0.   0.   0.   0.   0.
 0.   0.   0.   0.   0.   0.   0.   0.   0.   0.   0.   0.  ]"
3945,27.5,30,72.35,198.0,2023-01-16 07:20:35,3472.7,2168.3,31.6,"[ 0.    0.    0.    0.    0.    0.    6.32  6.32  6.32  6.32  6.32  6.32
  6.32  5.83  5.83  5.88  5.88  5.88  5.88  4.07  4.07  4.07  4.07  4.07
  4.07  4.07  1.5   1.5   1.5   1.5   1.65  1.65  1.65  4.22  0.12  0.29
  0.29  0.29  0.29  0.21  0.21  0.21  0.21  0.21  0.21  0.21  0.21  0.21
 -0.   -0.   -0.   -0.   -0.   -0.   -0.   -0.   -0.   -0.   -0.   -0.
 -0.   -0.   -0.   -0.   -0.   -0.   -0.   -0.   -0.   -0.   -0.   -0.
 -0.   -0.   -0.   -0.   -0.   -0.   -0.   -0.   -0.   -0.   -0.   -0.
 -0.   -0.   -0.   -0.   -0.   -0.   -0.   -0.   -0.   -0.   -0.   -0.  ]"
3946,27.5,30,65.79,198.0,2023-01-16 10:31:21,1578.9,976.3,14.4,"[ 4.47  4.47  4.06  4.06  4.06  4.06  3.3   3.3   3.3   3.3   3.3   3.3
  3.3   0.73  0.73  0.73  0.73  0.71  0.71  0.71  3.15  0.3   0.3   0.3
  0.    0.    0.    0.    0.    0.    0.    0.    0.    0.    0.   -0.
 -0.   -0.   -0.   -0.   -0.   -0.   -0.   -0.   -0.   -0.   -0.   -0.
 -0.   -0.   -0.   -0.   -0.   -0.   -0.   -0.   -0.   -0.   -0.   -0.
 -0.   -0.   -0.   -0.   -0.   -0.   -0.   -0.   -0.   -0.   -0.   -0.
 -0.   -0.   -0.   -0.   -0.   -0.   -0.   -0.   -0.   -0.   -0.   -0.
 -0.   -0.   -0.   -0.   -0.   -0.   -0.   -0.   -0.   -0.   -0.   -0.  ]"
3947,27.5,30,181.5,198.0,2023-01-16 11:04:58,4356.0,3482.2,39.6,"[ 6.6  6.6  6.6  6.6  6.6  6.6  6.6  6.6  6.6  6.6  6.6  6.6  6.6  6.6
  6.6  6.6  6.6  6.6  6.6  6.6  6.6  6.6  6.6  6.6  0.   0.   0.   0.
  0.   0.   0.   0.   0.  -0.  -0.  -0.  -0.  -0.  -0.  -0.  -0.  -0.
 -0.  -0.  -0.  -0.  -0.  -0.  -0.  -0.  -0.  -0.  -0.  -0.  -0.  -0.
 -0.  -0.  -0.  -0.  -0.  -0.  -0.  -0.  -0.  -0.  -0.  -0.  -0.  -0.
 -0.  -0.  -0.  -0.  -0.  -0.  -0.  -0.  -0.  -0.  -0.  -0.  -0.  -0.
 -0.  -0.  -0.  -0.  -0.  -0.  -0.  -0.  -0.  -0.  -0.  -0. ]"
3948,27.5,30,97.63,198.0,2023-01-16 12:02:13,1073.9,636.5,9.8,"[ 5.58  5.58  5.58  5.58  5.58  5.58  5.58  0.    0.    0.    0.    0.
  0.    0.    0.   -0.   -0.   -0.   -0.   -0.   -0.   -0.   -0.   -0.
 -0.   -0.   -0.   -0.   -0.    0.    0.    0.    0.    0.    0.    0.
  0.    0.    0.    0.    0.    0.    0.    0.    0.    0.    0.    0.
  0.    0.    0.    0.    0.    0.    0.    0.    0.    0.    0.    0.
  0.    0.    0.    0.    0.    0.    0.    0.    0.    0.    0.    0.
  0.    0.    0.    0.    0.    0.    0.    0.    0.    0.    0.    0.
  0.    0.    0.    0.    0.    0.    0.    0.    0.    0.    0.    0.  ]"
3951,27.5,30,98.79,198.0,2023-01-16 15:35:11,2469.7,2880.5,22.5,"[6.6  1.96 0.37 0.37 0.37 0.37 3.41 3.41 3.41 3.41 3.41 3.41 3.41 3.41
 3.41 3.78 3.78 3.78 3.78 3.78 3.78 6.6  6.6  6.6  6.6  0.   0.   0.
 0.   0.   0.   0.   0.   0.   0.   0.   0.   0.   0.   0.   0.   0.
 0.   0.   0.   0.   0.   0.   0.   0.   0.   0.   0.   0.   0.   0.
 0.   0.   0.   0.   0.   0.   0.   0.   0.   0.   0.   0.   0.   0.
 0.   0.   0.   0.   0.   0.   0.   0.   0.   0.   0.   0.   0.   0.
 0.   0.   0.   0.   0.   0.   0.   0.   0.   0.   0.   0.  ]"
3952,27.5,30,71.12,198.0,2023-01-16 16:08:25,1351.4,1960.7,12.3,"[ 0.89  0.89  0.89  0.89  3.13  3.13  3.13  3.13  3.13  3.13  3.13  3.13
  3.13  2.9   2.9   2.9   2.9   2.9   2.9  -0.   -0.   -0.   -0.   -0.
 -0.   -0.   -0.   -0.   -0.   -0.   -0.   -0.   -0.   -0.   -0.   -0.
 -0.   -0.   -0.   -0.   -0.   -0.   -0.   -0.   -0.   -0.   -0.   -0.
 -0.   -0.   -0.   -0.   -0.   -0.   -0.   -0.   -0.   -0.   -0.   -0.
 -0.   -0.   -0.   -0.   -0.   -0.   -0.   -0.   -0.   -0.   -0.   -0.
 -0.   -0.   -0.   -0.   -0.   -0.   -0.   -0.   -0.   -0.   -0.   -0.
 -0.   -0.   -0.   -0.   -0.   -0.   -0.   -0.   -0.   -0.   -0.   -0.  ]"
3953,27.5,30,113.44,198.0,2023-01-17 06:20:42,907.5,613.8,8.2,"[4.4 4.4 4.4 4.4 4.4 4.4 3.3 3.3 0.  0.  0.  0.  0.  0.  0.  0.  0.  0.
 0.  0.  0.  0.  0.  0.  0.  0.  0.  0.  0.  0.  0.  0.  0.  0.  0.  0.
 0.  0.  0.  0.  0.  0.  0.  0.  0.  0.  0.  0.  0.  0.  0.  0.  0.  0.
 0.  0.  0.  0.  0.  0.  0.  0.  0.  0.  0.  0.  0.  0.  0.  0.  0.  0.
 0.  0.  0.  0.  0.  0.  0.  0.  0.  0.  0.  0.  0.  0.  0.  0.  0.  0.
 0.  0.  0.  0.  0.  0. ]"
3954,27.5,30,152.06,198.0,2023-01-17 07:46:58,5778.1,4445.5,52.5,"[6.27 6.35 6.35 6.48 6.53 6.53 5.52 5.52 5.52 5.52 5.52 5.52 5.52 5.52
 5.52 5.52 5.52 5.52 5.52 5.52 5.52 5.52 5.52 5.52 5.57 5.57 4.24 4.24
 4.24 4.24 4.24 2.53 6.04 6.04 6.04 6.41 6.41 6.41 0.   0.   0.   0.
 0.   0.   0.   0.   0.   0.   0.   0.   0.   0.   0.   0.   0.   0.
 0.   0.   0.   0.   0.   0.   0.   0.   0.   0.   0.   0.   0.   0.
 0.   0.   0.   0.   0.   0.   0.   0.   0.   0.   0.   0.   0.   0.
 0.   0.   0.   0.   0.   0.   0.   0.   0.   0.   0.   0.  ]"
3955,27.5,30,77.1,198.0,2023-01-17 07:58:44,2390.0,1475.9,21.7,"[-0.    0.    0.    3.19  3.09  3.09  3.05  3.05  3.05  3.05  3.05  3.05
  3.05  3.05  3.05  3.05  3.05  3.05  3.05  3.05  3.05  3.05  3.05  3.05
  3.04  3.04  3.31  3.31  3.31  3.31  3.31  0.   -0.   -0.   -0.   -0.
 -0.   -0.    0.    0.    0.    0.    0.    0.    0.    0.    0.    0.
  0.    0.    0.    0.    0.    0.    0.    0.    0.    0.    0.    0.
  0.    0.    0.    0.    0.    0.    0.    0.    0.    0.    0.    0.
  0.    0.    0.    0.    0.    0.    0.    0.    0.    0.    0.    0.
  0.    0.    0.    0.    0.    0.    0.    0.    0.    0.    0.    0.  ]"
3956,27.5,30,87.66,198.0,2023-01-17 08:06:38,3331.0,3034.3,30.3,"[ 0.    0.    4.21  4.1   4.1   2.43  2.43  2.43  2.43  2.43  2.43  2.43
  2.43  2.43  2.43  2.43  2.43  2.43  2.43  2.43  2.43  2.43  2.43  2.42
  2.42  2.69  2.69  2.69  2.69  2.69  4.35  5.55  5.55  5.55  6.41  6.41
  6.41  6.41 -0.   -0.   -0.   -0.   -0.   -0.   -0.   -0.   -0.   -0.
 -0.   -0.   -0.   -0.   -0.   -0.   -0.   -0.   -0.   -0.   -0.   -0.
 -0.   -0.   -0.   -0.   -0.   -0.   -0.   -0.   -0.   -0.   -0.   -0.
 -0.   -0.   -0.   -0.   -0.   -0.   -0.   -0.   -0.   -0.   -0.   -0.
 -0.   -0.   -0.   -0.   -0.   -0.   -0.   -0.   -0.   -0.   -0.   -0.  ]"
3957,27.5,30,87.46,198.0,2023-01-17 08:42:33,2623.7,1752.2,23.9,"[-0.    3.27  3.27  3.04  3.04  3.04  3.04  3.04  3.04  3.04  3.04  3.04
  3.04  3.04  3.04  3.04  3.04  3.04  3.04  3.04  3.04  3.03  3.03  3.3
  3.3   3.3   3.3   3.3   6.07  5.56  0.    0.    0.    0.    0.    0.
 -0.   -0.   -0.   -0.   -0.   -0.   -0.   -0.   -0.   -0.   -0.   -0.
 -0.   -0.   -0.   -0.   -0.   -0.   -0.   -0.   -0.   -0.   -0.   -0.
 -0.   -0.   -0.   -0.   -0.   -0.   -0.   -0.   -0.   -0.   -0.   -0.
 -0.   -0.   -0.   -0.   -0.   -0.   -0.   -0.   -0.   -0.   -0.   -0.
 -0.   -0.   -0.   -0.   -0.   -0.   -0.   -0.   -0.   -0.   -0.   -0.  ]"
3958,10.0,30,20.63,198.0,2023-01-17 08:55:20,556.9,942.0,13.9,"[ 2.88  2.88  1.95  1.95  1.95  1.95  1.95  1.95  1.95  1.95  1.95  1.95
  1.95  1.95  1.95  1.95  1.95  1.95  1.95  1.95  1.94  1.94  2.2   2.2
  2.2   2.2   2.2   0.   -0.   -0.   -0.   -0.   -0.   -0.   -0.    0.
  0.    0.    0.    0.    0.    0.    0.    0.    0.    0.    0.    0.
  0.    0.    0.    0.    0.    0.    0.    0.    0.    0.    0.    0.
  0.    0.    0.    0.    0.    0.    0.    0.    0.    0.    0.    0.
  0.    0.    0.    0.    0.    0.    0.    0.    0.    0.    0.    0.
  0.    0.    0.    0.    0.    0.    0.    0.    0.    0.    0.    0.  ]"
3959,15.0,30,45.92,198.0,2023-01-17 09:16:00,1331.6,1888.8,22.2,"[2.62 2.62 2.62 2.62 2.62 2.62 2.62 2.62 2.62 2.62 2.62 2.62 2.62 2.62
 2.62 2.62 2.62 2.62 2.61 2.61 2.88 2.88 2.88 2.88 2.88 5.67 5.42 5.42
 5.42 0.   0.   0.   0.   0.   0.   0.   0.   0.   0.   0.   0.   0.
 0.   0.   0.   0.   0.   0.   0.   0.   0.   0.   0.   0.   0.   0.
 0.   0.   0.   0.   0.   0.   0.   0.   0.   0.   0.   0.   0.   0.
 0.   0.   0.   0.   0.   0.   0.   0.   0.   0.   0.   0.   0.   0.
 0.   0.   0.   0.   0.   0.   0.   0.   0.   0.   0.   0.  ]"
3960,27.5,30,176.58,198.0,2023-01-17 09:18:11,3531.5,2122.8,32.1,"[ 6.42  6.42  6.42  6.42  6.42  6.42  6.42  6.42  6.42  6.42  6.42  6.42
  6.42  6.42  6.42  6.42  6.42  6.42  6.42  6.42 -0.   -0.   -0.   -0.
 -0.   -0.   -0.    0.    0.    0.    0.    0.   -0.    0.    0.    0.
  0.    0.    0.    0.    0.    0.    0.    0.    0.    0.    0.    0.
  0.    0.    0.    0.    0.    0.    0.    0.    0.    0.    0.    0.
  0.    0.    0.    0.    0.    0.    0.    0.    0.    0.    0.    0.
  0.    0.    0.    0.    0.    0.    0.    0.    0.    0.    0.    0.
  0.    0.    0.    0.    0.    0.    0.    0.    0.    0.    0.    0.  ]"
3961,27.5,30,90.0,198.0,2023-01-17 15:54:37,720.0,1044.6,6.5,"[ 0.85  0.85  0.85  3.63  3.63  3.63  6.37  6.4  -0.   -0.   -0.   -0.
 -0.   -0.   -0.   -0.   -0.   -0.   -0.   -0.   -0.   -0.   -0.   -0.
 -0.   -0.   -0.   -0.   -0.   -0.   -0.   -0.   -0.   -0.   -0.   -0.
 -0.   -0.   -0.   -0.   -0.   -0.   -0.   -0.   -0.   -0.   -0.   -0.
 -0.   -0.   -0.   -0.   -0.   -0.   -0.   -0.   -0.   -0.   -0.   -0.
 -0.   -0.   -0.   -0.   -0.   -0.   -0.   -0.   -0.   -0.   -0.   -0.
 -0.   -0.   -0.   -0.   -0.   -0.   -0.   -0.   -0.   -0.   -0.   -0.
 -0.   -0.   -0.   -0.   -0.   -0.   -0.   -0.   -0.   -0.   -0.   -0.  ]"
3962,27.5,30,107.56,198.0,2023-01-18 06:12:33,968.0,654.7,8.8,"[ 3.91  3.91  3.91  3.91  3.91  3.91  3.91  3.91  3.91 -0.   -0.   -0.
 -0.   -0.   -0.   -0.   -0.   -0.   -0.   -0.   -0.   -0.   -0.   -0.
 -0.   -0.   -0.   -0.   -0.   -0.   -0.   -0.   -0.   -0.   -0.   -0.
 -0.   -0.   -0.   -0.   -0.   -0.   -0.   -0.   -0.   -0.   -0.   -0.
 -0.   -0.   -0.   -0.   -0.   -0.   -0.   -0.   -0.   -0.   -0.   -0.
 -0.   -0.   -0.   -0.   -0.   -0.   -0.   -0.   -0.   -0.   -0.   -0.
 -0.   -0.   -0.   -0.   -0.   -0.   -0.   -0.   -0.   -0.   -0.   -0.
 -0.   -0.   -0.   -0.   -0.   -0.   -0.   -0.   -0.   -0.   -0.   -0.  ]"
3963,27.5,30,181.5,198.0,2023-01-18 08:04:22,3448.5,2089.6,31.4,"[6.6 6.6 6.6 6.6 6.6 6.6 6.6 6.6 6.6 6.6 6.6 6.6 6.6 6.6 6.6 6.6 6.6 6.6
 6.6 0.  0.  0.  0.  0.  0.  0.  0.  0.  0.  0.  0.  0.  0.  0.  0.  0.
 0.  0.  0.  0.  0.  0.  0.  0.  0.  0.  0.  0.  0.  0.  0.  0.  0.  0.
 0.  0.  0.  0.  0.  0.  0.  0.  0.  0.  0.  0.  0.  0.  0.  0.  0.  0.
 0.  0.  0.  0.  0.  0.  0.  0.  0.  0.  0.  0.  0.  0.  0.  0.  0.  0.
 0.  0.  0.  0.  0.  0. ]"
3964,27.5,30,181.5,198.0,2023-01-18 08:45:36,4356.0,2642.7,39.6,"[6.6 6.6 6.6 6.6 6.6 6.6 6.6 6.6 6.6 6.6 6.6 6.6 6.6 6.6 6.6 6.6 6.6 6.6
 6.6 6.6 6.6 6.6 6.6 6.6 0.  0.  0.  0.  0.  0.  0.  0.  0.  0.  0.  0.
 0.  0.  0.  0.  0.  0.  0.  0.  0.  0.  0.  0.  0.  0.  0.  0.  0.  0.
 0.  0.  0.  0.  0.  0.  0.  0.  0.  0.  0.  0.  0.  0.  0.  0.  0.  0.
 0.  0.  0.  0.  0.  0.  0.  0.  0.  0.  0.  0.  0.  0.  0.  0.  0.  0.
 0.  0.  0.  0.  0.  0. ]"
3965,27.5,30,123.29,198.0,2023-01-18 09:11:13,4068.6,2739.7,37.0,"[6.6  5.23 5.23 4.25 4.25 4.25 4.25 4.25 4.25 4.25 4.25 4.81 4.81 4.81
 4.81 5.62 5.96 5.96 5.96 6.07 6.07 6.07 5.83 5.12 5.12 5.12 5.12 0.24
 0.13 0.13 3.02 3.02 3.02 0.   0.   0.   0.   0.   0.   0.   0.   0.
 0.   0.   0.   0.   0.   0.   0.   0.   0.   0.   0.   0.   0.   0.
 0.   0.   0.   0.   0.   0.   0.   0.   0.   0.   0.   0.   0.   0.
 0.   0.   0.   0.   0.   0.   0.   0.   0.   0.   0.   0.   0.   0.
 0.   0.   0.   0.   0.   0.   0.   0.   0.   0.   0.   0.  ]"
3966,27.5,30,96.25,198.0,2023-01-18 09:30:28,2598.8,1677.1,23.6,"[ 4.93  4.93  0.98  0.98  0.98  0.98  0.98  0.98  0.98  0.98  0.37  0.37
  0.37  0.37  6.17  6.49  6.49  6.49  5.83  5.83  5.83  6.44  6.17  6.17
  6.17  6.17  1.06  0.    0.    0.    0.    0.   -0.   -0.   -0.   -0.
 -0.   -0.   -0.   -0.   -0.   -0.   -0.   -0.   -0.   -0.   -0.   -0.
 -0.   -0.   -0.   -0.   -0.   -0.   -0.   -0.   -0.   -0.   -0.   -0.
 -0.   -0.   -0.   -0.   -0.   -0.   -0.   -0.   -0.   -0.   -0.   -0.
 -0.   -0.   -0.   -0.   -0.   -0.   -0.   -0.   -0.   -0.   -0.   -0.
 -0.   -0.   -0.   -0.   -0.   -0.   -0.   -0.   -0.   -0.   -0.   -0.  ]"
3968,27.5,30,71.77,198.0,2023-01-18 09:47:07,1937.8,1381.8,17.6,"[ 4.45  4.45  4.45  4.45  4.45  4.45  4.45  4.45  0.05  0.05  0.05  0.05
  0.04  1.06  1.06  1.06  1.16  1.16  1.16  5.22  3.81  3.81  3.81  3.81
  1.73  2.91  2.91 -0.   -0.   -0.    0.    0.    0.    0.    0.    0.
  0.    0.    0.    0.    0.    0.    0.    0.    0.    0.    0.    0.
  0.    0.    0.    0.    0.    0.    0.    0.    0.    0.    0.    0.
  0.    0.    0.    0.    0.    0.    0.    0.    0.    0.    0.    0.
  0.    0.    0.    0.    0.    0.    0.    0.    0.    0.    0.    0.
  0.    0.    0.    0.    0.    0.    0.    0.    0.    0.    0.    0.  ]"
3969,27.5,30,87.1,198.0,2023-01-18 11:48:55,2090.3,1511.1,19.0,"[ 6.6   6.6   6.6   6.6   6.6   2.4   2.4   2.4   2.85  2.85  2.85  5.02
  3.33  3.33  3.33  3.33  0.38  0.35  0.35  0.34  0.34  0.34  3.39  3.39
 -0.   -0.   -0.   -0.   -0.   -0.   -0.   -0.   -0.   -0.   -0.   -0.
 -0.   -0.   -0.   -0.   -0.   -0.   -0.   -0.   -0.   -0.   -0.   -0.
 -0.   -0.   -0.   -0.   -0.   -0.   -0.   -0.   -0.   -0.   -0.   -0.
 -0.   -0.   -0.   -0.   -0.   -0.   -0.   -0.   -0.   -0.   -0.   -0.
 -0.   -0.   -0.   -0.   -0.   -0.   -0.   -0.   -0.   -0.   -0.   -0.
 -0.   -0.   -0.   -0.   -0.   -0.   -0.   -0.   -0.   -0.   -0.   -0.  ]"
3970,10.0,30,16.81,198.0,2023-01-18 13:08:51,117.7,201.5,2.9,"[ 2.52  2.52  2.52  1.05  1.05  1.05  1.03 -0.   -0.   -0.   -0.    0.
 -0.   -0.   -0.   -0.   -0.    0.    0.   -0.   -0.   -0.   -0.   -0.
 -0.   -0.   -0.   -0.   -0.   -0.   -0.   -0.   -0.   -0.   -0.   -0.
 -0.   -0.   -0.   -0.   -0.   -0.   -0.   -0.   -0.   -0.   -0.   -0.
 -0.   -0.   -0.   -0.   -0.   -0.   -0.   -0.   -0.   -0.   -0.   -0.
 -0.   -0.   -0.   -0.   -0.   -0.   -0.   -0.   -0.   -0.   -0.   -0.
 -0.   -0.   -0.   -0.   -0.   -0.   -0.   -0.   -0.   -0.   -0.   -0.
 -0.   -0.   -0.   -0.   -0.   -0.   -0.   -0.   -0.   -0.   -0.   -0.  ]"
3971,27.5,30,98.62,198.0,2023-01-18 14:49:28,2268.2,2728.7,20.6,"[ 6.6   6.6   6.6   6.6   0.97  0.97  0.97  1.    1.    1.    0.97  0.97
  4.38  4.38  4.38  4.38  4.38  4.38  4.38  4.38  4.38  4.38  4.38 -0.
 -0.   -0.   -0.   -0.   -0.   -0.   -0.   -0.   -0.   -0.   -0.   -0.
 -0.   -0.   -0.   -0.   -0.   -0.   -0.   -0.   -0.   -0.   -0.   -0.
 -0.   -0.   -0.   -0.   -0.   -0.   -0.   -0.   -0.   -0.   -0.   -0.
 -0.   -0.   -0.   -0.   -0.   -0.   -0.   -0.   -0.   -0.   -0.   -0.
 -0.   -0.   -0.   -0.   -0.   -0.   -0.   -0.   -0.   -0.   -0.   -0.
 -0.   -0.   -0.   -0.   -0.   -0.   -0.   -0.   -0.   -0.   -0.   -0.  ]"
3972,27.5,30,47.33,198.0,2023-01-18 15:55:52,284.0,412.0,2.6,"[1.8  1.78 1.78 1.65 1.65 1.65 0.   0.   0.   0.   0.   0.   0.   0.
 0.   0.   0.   0.   0.   0.   0.   0.   0.   0.   0.   0.   0.   0.
 0.   0.   0.   0.   0.   0.   0.   0.   0.   0.   0.   0.   0.   0.
 0.   0.   0.   0.   0.   0.   0.   0.   0.   0.   0.   0.   0.   0.
 0.   0.   0.   0.   0.   0.   0.   0.   0.   0.   0.   0.   0.   0.
 0.   0.   0.   0.   0.   0.   0.   0.   0.   0.   0.   0.   0.   0.
 0.   0.   0.   0.   0.   0.   0.   0.   0.   0.   0.   0.  ]"
3974,27.5,30,113.44,198.0,2023-01-19 06:12:32,907.5,613.8,8.2,"[ 4.4  4.4  4.4  4.4  4.4  4.4  3.3  3.3 -0.  -0.  -0.  -0.  -0.  -0.
 -0.  -0.  -0.  -0.  -0.  -0.  -0.  -0.  -0.  -0.  -0.  -0.  -0.  -0.
 -0.  -0.  -0.  -0.  -0.  -0.  -0.  -0.  -0.  -0.  -0.  -0.  -0.  -0.
 -0.  -0.  -0.  -0.  -0.  -0.  -0.  -0.  -0.  -0.  -0.  -0.  -0.  -0.
 -0.  -0.  -0.  -0.  -0.  -0.  -0.  -0.  -0.  -0.  -0.  -0.  -0.  -0.
 -0.  -0.  -0.  -0.  -0.  -0.  -0.  -0.  -0.  -0.  -0.  -0.  -0.  -0.
 -0.  -0.  -0.  -0.  -0.  -0.  -0.  -0.  -0.  -0.  -0.  -0. ]"
3975,27.5,30,69.99,198.0,2023-01-19 07:38:24,2589.7,1926.2,23.5,"[-0.   -0.    0.09  0.09  0.09  4.38  4.38  2.43  2.43  2.43  2.43  2.43
  1.05  1.05  1.05  1.05  1.05  1.05  2.64  2.64  2.64  2.64  2.77  2.77
  2.77  3.56  2.78  2.78  4.41  4.41  4.41  6.16  6.1   3.29  3.29  3.29
  3.29 -0.   -0.   -0.   -0.   -0.   -0.   -0.   -0.   -0.   -0.   -0.
 -0.   -0.   -0.   -0.   -0.   -0.   -0.   -0.   -0.   -0.   -0.   -0.
 -0.   -0.   -0.   -0.   -0.   -0.   -0.   -0.   -0.   -0.   -0.   -0.
 -0.   -0.   -0.   -0.   -0.   -0.   -0.   -0.   -0.   -0.   -0.   -0.
 -0.   -0.   -0.   -0.   -0.   -0.   -0.   -0.   -0.   -0.   -0.   -0.  ]"
3976,27.5,30,86.62,198.0,2023-01-19 07:44:36,1905.7,1130.8,17.3,"[-0.   -0.    0.18  0.18  0.18  4.55  4.55  4.24  4.24  4.24  4.24  4.24
  4.27  4.27  4.27  4.27  4.27  4.27  3.2   3.2   3.2   3.2   0.    0.
  0.   -0.   -0.   -0.   -0.   -0.   -0.   -0.   -0.   -0.   -0.   -0.
 -0.   -0.   -0.   -0.   -0.   -0.   -0.   -0.   -0.   -0.   -0.   -0.
 -0.   -0.   -0.   -0.   -0.   -0.   -0.   -0.   -0.   -0.   -0.   -0.
 -0.   -0.   -0.   -0.   -0.   -0.   -0.   -0.   -0.   -0.   -0.   -0.
 -0.   -0.   -0.   -0.   -0.   -0.   -0.   -0.   -0.   -0.   -0.   -0.
 -0.   -0.   -0.   -0.   -0.   -0.   -0.   -0.   -0.   -0.   -0.   -0.  ]"
3977,27.5,30,81.39,198.0,2023-01-19 08:04:38,1871.9,1110.8,17.0,"[ 0.18  0.18  0.18  3.18  3.18  2.99  2.99  2.99  2.99  2.99  3.18  3.18
  3.18  3.18  3.18  3.18  2.65  2.65  2.65  2.65  5.52  5.52  5.52  0.
  0.    0.    0.    0.    0.    0.    0.    0.    0.    0.    0.   -0.
 -0.   -0.   -0.   -0.   -0.   -0.   -0.   -0.   -0.   -0.   -0.   -0.
 -0.   -0.   -0.   -0.   -0.   -0.   -0.   -0.   -0.   -0.   -0.   -0.
 -0.   -0.   -0.   -0.   -0.   -0.   -0.   -0.   -0.   -0.   -0.   -0.
 -0.   -0.   -0.   -0.   -0.   -0.   -0.   -0.   -0.   -0.   -0.   -0.
 -0.   -0.   -0.   -0.   -0.   -0.   -0.   -0.   -0.   -0.   -0.   -0.  ]"
3978,27.5,30,132.16,198.0,2023-01-19 08:11:50,2643.2,1567.9,24.0,"[ 0.18  0.18  0.18  6.32  6.32  5.9   5.9   5.9   5.9   5.9   5.94  5.94
  5.94  5.94  5.94  5.94  4.45  4.45  4.45  4.45  0.    0.    0.   -0.
 -0.   -0.   -0.   -0.   -0.   -0.   -0.   -0.   -0.   -0.   -0.    0.
  0.    0.    0.    0.    0.    0.    0.    0.    0.    0.    0.    0.
  0.    0.    0.    0.    0.    0.    0.    0.    0.    0.    0.    0.
  0.    0.    0.    0.    0.    0.    0.    0.    0.    0.    0.    0.
  0.    0.    0.    0.    0.    0.    0.    0.    0.    0.    0.    0.
  0.    0.    0.    0.    0.    0.    0.    0.    0.    0.    0.    0.  ]"
3979,27.5,30,85.55,198.0,2023-01-19 08:12:08,2481.1,1551.6,22.6,"[ 0.    0.    0.    4.51  4.51  2.87  2.87  2.87  2.87  2.87  1.45  1.45
  1.45  1.45  1.45  1.45  2.05  2.05  2.05  2.05  4.92  4.92  4.92  6.23
  5.25  5.25  6.16  6.16  6.16 -0.   -0.    0.    0.    0.    0.    0.
  0.    0.    0.    0.    0.    0.    0.    0.    0.    0.    0.    0.
  0.    0.    0.    0.    0.    0.    0.    0.    0.    0.    0.    0.
  0.    0.    0.    0.    0.    0.    0.    0.    0.    0.    0.    0.
  0.    0.    0.    0.    0.    0.    0.    0.    0.    0.    0.    0.
  0.    0.    0.    0.    0.    0.    0.    0.    0.    0.    0.    0.  ]"
3980,27.5,30,95.82,198.0,2023-01-19 09:21:34,3545.4,2707.0,32.2,"[6.6  6.6  6.6  6.6  6.6  2.53 2.53 2.53 2.53 2.53 2.53 3.42 3.42 3.42
 3.42 3.35 3.35 3.35 3.34 3.8  3.8  3.82 3.82 3.82 6.15 6.15 1.15 1.15
 1.15 1.15 2.52 2.52 2.52 2.52 2.52 2.52 2.52 0.   0.   0.   0.   0.
 0.   0.   0.   0.   0.   0.   0.   0.   0.   0.   0.   0.   0.   0.
 0.   0.   0.   0.   0.   0.   0.   0.   0.   0.   0.   0.   0.   0.
 0.   0.   0.   0.   0.   0.   0.   0.   0.   0.   0.   0.   0.   0.
 0.   0.   0.   0.   0.   0.   0.   0.   0.   0.   0.   0.  ]"
3981,27.5,30,86.52,198.0,2023-01-19 10:44:03,1384.3,863.1,12.6,"[ 4.34  4.34  4.34  4.34  4.34  4.34  0.04  0.04  0.04  0.04  1.87  1.87
  1.87  5.3   6.6   6.6   0.    0.    0.   -0.   -0.    0.    0.    0.
  0.    0.    0.    0.    0.    0.    0.    0.    0.    0.    0.    0.
  0.    0.    0.    0.    0.    0.    0.    0.    0.    0.    0.    0.
  0.    0.    0.    0.    0.    0.    0.    0.    0.    0.    0.    0.
  0.    0.    0.    0.    0.    0.    0.    0.    0.    0.    0.    0.
  0.    0.    0.    0.    0.    0.    0.    0.    0.    0.    0.    0.
  0.    0.    0.    0.    0.    0.    0.    0.    0.    0.    0.    0.  ]"
3982,27.5,30,47.61,198.0,2023-01-19 12:15:18,666.5,395.1,6.1,"[ 3.46  3.46  3.46  3.46  3.46  3.46  3.46  0.   -0.   -0.    0.    0.
  0.   -0.   -0.    0.    0.    0.    0.    0.    0.    0.    0.    0.
  0.    0.   -0.   -0.   -0.   -0.   -0.   -0.   -0.   -0.   -0.   -0.
 -0.   -0.   -0.   -0.   -0.   -0.   -0.   -0.   -0.   -0.   -0.   -0.
 -0.   -0.   -0.   -0.   -0.   -0.   -0.   -0.   -0.   -0.   -0.   -0.
 -0.   -0.   -0.   -0.   -0.   -0.   -0.   -0.   -0.   -0.   -0.   -0.
 -0.   -0.   -0.   -0.   -0.   -0.   -0.   -0.   -0.   -0.   -0.   -0.
 -0.   -0.   -0.   -0.   -0.   -0.   -0.   -0.   -0.   -0.   -0.   -0.  ]"
3983,27.5,30,81.59,198.0,2023-01-19 14:14:38,1713.3,1684.3,15.6,"[ 6.6   6.6   4.04  4.04  4.04  6.13  6.18  0.62  0.62  0.62  0.62  1.17
  1.17  1.17  1.17  1.17  1.17  1.17  2.43  5.81  5.81 -0.   -0.   -0.
 -0.   -0.   -0.   -0.   -0.   -0.   -0.   -0.   -0.   -0.   -0.   -0.
 -0.   -0.   -0.   -0.   -0.   -0.   -0.   -0.   -0.   -0.   -0.   -0.
 -0.   -0.   -0.   -0.   -0.   -0.   -0.   -0.   -0.   -0.   -0.   -0.
 -0.   -0.   -0.   -0.   -0.   -0.   -0.   -0.   -0.   -0.   -0.   -0.
 -0.   -0.   -0.   -0.   -0.   -0.   -0.   -0.   -0.   -0.   -0.   -0.
 -0.   -0.   -0.   -0.   -0.   -0.   -0.   -0.   -0.   -0.   -0.   -0.  ]"
3984,27.5,30,87.77,198.0,2023-01-19 14:37:33,1492.2,1462.1,13.6,"[ 6.6   6.6   6.6   6.6   6.6   0.75  0.75  0.75  0.75  2.12  2.12  2.12
  2.12  2.12  2.12  2.12  3.38 -0.   -0.   -0.   -0.   -0.   -0.   -0.
 -0.   -0.   -0.   -0.   -0.   -0.   -0.   -0.   -0.   -0.   -0.   -0.
 -0.   -0.   -0.   -0.   -0.   -0.   -0.   -0.   -0.   -0.   -0.   -0.
 -0.   -0.   -0.   -0.   -0.   -0.   -0.   -0.   -0.   -0.   -0.   -0.
 -0.   -0.   -0.   -0.   -0.   -0.   -0.   -0.   -0.   -0.   -0.   -0.
 -0.   -0.   -0.   -0.   -0.   -0.   -0.   -0.   -0.   -0.   -0.   -0.
 -0.   -0.   -0.   -0.   -0.   -0.   -0.   -0.   -0.   -0.   -0.   -0.  ]"
3985,27.5,30,89.83,198.0,2023-01-19 15:52:42,1976.4,2586.4,18.0,"[1.68 1.68 1.68 1.68 1.64 1.64 1.64 1.64 1.64 1.64 1.64 1.6  1.91 1.91
 5.85 5.85 5.85 5.85 5.85 5.85 6.6  6.6  0.   0.   0.   0.   0.   0.
 0.   0.   0.   0.   0.   0.   0.   0.   0.   0.   0.   0.   0.   0.
 0.   0.   0.   0.   0.   0.   0.   0.   0.   0.   0.   0.   0.   0.
 0.   0.   0.   0.   0.   0.   0.   0.   0.   0.   0.   0.   0.   0.
 0.   0.   0.   0.   0.   0.   0.   0.   0.   0.   0.   0.   0.   0.
 0.   0.   0.   0.   0.   0.   0.   0.   0.   0.   0.   0.  ]"
3986,27.5,30,92.59,198.0,2023-01-19 22:18:45,277.8,187.9,2.5,"[ 3.37  3.37  3.37 -0.   -0.   -0.   -0.   -0.   -0.   -0.   -0.   -0.
 -0.   -0.   -0.   -0.   -0.   -0.   -0.   -0.   -0.   -0.   -0.   -0.
 -0.   -0.   -0.   -0.   -0.   -0.   -0.   -0.   -0.   -0.   -0.   -0.
 -0.   -0.   -0.   -0.   -0.   -0.   -0.   -0.   -0.   -0.   -0.   -0.
 -0.   -0.   -0.   -0.   -0.   -0.   -0.   -0.   -0.   -0.   -0.   -0.
 -0.   -0.   -0.   -0.   -0.   -0.   -0.   -0.   -0.   -0.   -0.   -0.
 -0.   -0.   -0.   -0.   -0.   -0.   -0.   -0.   -0.   -0.   -0.   -0.
 -0.   -0.   -0.   -0.   -0.   -0.   -0.   -0.   -0.   -0.   -0.   -0.  ]"
3987,27.5,30,118.53,198.0,2023-01-20 06:26:49,829.7,561.2,7.5,"[ 5.03  5.03  5.03  5.03  5.03  2.51  2.51 -0.   -0.   -0.   -0.   -0.
 -0.   -0.   -0.   -0.   -0.   -0.   -0.   -0.   -0.   -0.   -0.   -0.
 -0.   -0.   -0.   -0.   -0.   -0.   -0.   -0.   -0.   -0.   -0.   -0.
 -0.   -0.   -0.   -0.   -0.   -0.   -0.   -0.   -0.   -0.   -0.   -0.
 -0.   -0.   -0.   -0.   -0.   -0.   -0.   -0.   -0.   -0.   -0.   -0.
 -0.   -0.   -0.   -0.   -0.   -0.   -0.   -0.   -0.   -0.   -0.   -0.
 -0.   -0.   -0.   -0.   -0.   -0.   -0.   -0.   -0.   -0.   -0.   -0.
 -0.   -0.   -0.   -0.   -0.   -0.   -0.   -0.   -0.   -0.   -0.   -0.  ]"
3988,27.5,30,71.09,198.0,2023-01-20 07:36:20,1421.8,842.7,12.9,"[ 0.    0.   -0.   -0.   -0.    3.38  3.45  3.45  3.45  3.45  3.45  3.45
  3.45  3.45  3.45  3.45  3.45  3.45  3.45  3.45 -0.   -0.   -0.   -0.
 -0.   -0.   -0.   -0.   -0.   -0.   -0.   -0.   -0.   -0.   -0.   -0.
 -0.   -0.   -0.   -0.   -0.   -0.   -0.   -0.   -0.   -0.   -0.   -0.
 -0.   -0.   -0.   -0.   -0.   -0.   -0.   -0.   -0.   -0.   -0.   -0.
 -0.   -0.   -0.   -0.   -0.   -0.   -0.   -0.   -0.   -0.   -0.   -0.
 -0.   -0.   -0.   -0.   -0.   -0.   -0.   -0.   -0.   -0.   -0.   -0.
 -0.   -0.   -0.   -0.   -0.   -0.   -0.   -0.   -0.   -0.   -0.   -0.  ]"
3989,27.5,30,31.56,198.0,2023-01-20 09:00:30,852.0,505.0,7.7,"[ 0.75  0.86  0.86  0.86  0.86  0.86  0.86  0.86  0.86  0.86  0.86  0.86
  0.86  0.86  0.86  3.63  3.63  3.63  3.63  3.63 -0.   -0.   -0.   -0.
 -0.   -0.   -0.    0.    0.    0.    0.    0.    0.    0.    0.    0.
  0.    0.    0.    0.    0.    0.    0.    0.    0.    0.    0.    0.
  0.    0.    0.    0.    0.    0.    0.    0.    0.    0.    0.    0.
  0.    0.    0.    0.    0.    0.    0.    0.    0.    0.    0.    0.
  0.    0.    0.    0.    0.    0.    0.    0.    0.    0.    0.    0.
  0.    0.    0.    0.    0.    0.    0.    0.    0.    0.    0.    0.  ]"
3990,27.5,30,95.28,198.0,2023-01-20 09:15:53,2000.9,1186.0,18.2,"[ 3.8   3.8   3.8   3.8   3.8   3.8   3.8   3.8   3.8   3.8   3.8   3.8
  3.8   3.8   3.91  3.91  3.91  3.91  3.91 -0.   -0.   -0.   -0.   -0.
 -0.   -0.    0.    0.    0.    0.    0.    0.    0.    0.    0.    0.
  0.    0.    0.    0.    0.    0.    0.    0.    0.    0.    0.    0.
  0.    0.    0.    0.    0.    0.    0.    0.    0.    0.    0.    0.
  0.    0.    0.    0.    0.    0.    0.    0.    0.    0.    0.    0.
  0.    0.    0.    0.    0.    0.    0.    0.    0.    0.    0.    0.
  0.    0.    0.    0.    0.    0.    0.    0.    0.    0.    0.    0.  ]"
3992,27.5,30,83.15,198.0,2023-01-20 21:31:56,498.9,337.4,4.5,"[ 3.02  3.02  3.02  3.02  3.02  3.02 -0.   -0.   -0.   -0.   -0.   -0.
 -0.   -0.   -0.   -0.   -0.   -0.   -0.   -0.   -0.   -0.   -0.   -0.
 -0.   -0.   -0.   -0.   -0.   -0.   -0.   -0.   -0.   -0.   -0.   -0.
 -0.   -0.   -0.   -0.   -0.   -0.   -0.   -0.   -0.   -0.   -0.   -0.
 -0.   -0.   -0.   -0.   -0.   -0.   -0.   -0.   -0.   -0.   -0.   -0.
 -0.   -0.   -0.   -0.   -0.   -0.   -0.   -0.   -0.   -0.   -0.   -0.
 -0.   -0.   -0.   -0.   -0.   -0.   -0.   -0.   -0.   -0.   -0.   -0.
 -0.   -0.   -0.   -0.   -0.   -0.   -0.   -0.   -0.   -0.   -0.   -0.  ]"
3993,27.5,30,91.51,198.0,2023-01-21 08:58:02,2470.8,1464.5,22.5,"[ 4.49  4.49  4.49  4.49  4.49  4.49  4.49  4.49  4.49  4.49  4.49  4.49
  4.49  4.49  4.49  4.49  4.49  4.49  4.49  4.49 -0.   -0.   -0.   -0.
 -0.   -0.   -0.    0.    0.    0.    0.    0.    0.    0.    0.    0.
  0.    0.    0.    0.    0.    0.    0.    0.    0.    0.    0.    0.
  0.    0.    0.    0.    0.    0.    0.    0.    0.    0.    0.    0.
  0.    0.    0.    0.    0.    0.    0.    0.    0.    0.    0.    0.
  0.    0.    0.    0.    0.    0.    0.    0.    0.    0.    0.    0.
  0.    0.    0.    0.    0.    0.    0.    0.    0.    0.    0.    0.  ]"
3997,27.5,30,89.82,198.0,2023-01-21 16:10:38,538.9,781.9,4.9,"[ 3.27  3.27  3.27  3.27  3.27  3.27 -0.   -0.   -0.   -0.   -0.   -0.
 -0.   -0.   -0.   -0.   -0.   -0.   -0.   -0.   -0.   -0.   -0.   -0.
 -0.   -0.   -0.   -0.   -0.   -0.   -0.   -0.   -0.   -0.   -0.   -0.
 -0.   -0.   -0.   -0.   -0.   -0.   -0.   -0.   -0.   -0.   -0.   -0.
 -0.   -0.   -0.   -0.   -0.   -0.   -0.   -0.   -0.   -0.   -0.   -0.
 -0.   -0.   -0.   -0.   -0.   -0.   -0.   -0.   -0.   -0.   -0.   -0.
 -0.   -0.   -0.   -0.   -0.   -0.   -0.   -0.   -0.   -0.   -0.   -0.
 -0.   -0.   -0.   -0.   -0.   -0.   -0.   -0.   -0.   -0.   -0.   -0.  ]"
3998,27.5,30,55.75,198.0,2023-01-21 17:17:45,1115.0,914.8,10.1,"[0.54 0.54 0.54 0.54 0.54 0.54 0.54 0.54 0.54 0.54 0.54 0.54 0.54 0.54
 6.6  5.28 5.28 5.28 5.28 5.28 0.   0.   0.   0.   0.   0.   0.   0.
 0.   0.   0.   0.   0.   0.   0.   0.   0.   0.   0.   0.   0.   0.
 0.   0.   0.   0.   0.   0.   0.   0.   0.   0.   0.   0.   0.   0.
 0.   0.   0.   0.   0.   0.   0.   0.   0.   0.   0.   0.   0.   0.
 0.   0.   0.   0.   0.   0.   0.   0.   0.   0.   0.   0.   0.   0.
 0.   0.   0.   0.   0.   0.   0.   0.   0.   0.   0.   0.  ]"
3999,27.5,30,88.62,198.0,2023-01-21 21:12:29,708.9,479.5,6.4,"[ 1.2   1.2   1.2   1.2   1.2   6.59  6.59  6.59 -0.   -0.   -0.   -0.
 -0.   -0.   -0.   -0.   -0.   -0.   -0.   -0.   -0.   -0.   -0.   -0.
 -0.   -0.   -0.   -0.   -0.   -0.   -0.   -0.   -0.   -0.   -0.   -0.
 -0.   -0.   -0.   -0.   -0.   -0.   -0.   -0.   -0.   -0.   -0.   -0.
 -0.   -0.   -0.   -0.   -0.   -0.   -0.   -0.   -0.   -0.   -0.   -0.
 -0.   -0.   -0.   -0.   -0.   -0.   -0.   -0.   -0.   -0.   -0.   -0.
 -0.   -0.   -0.   -0.   -0.   -0.   -0.   -0.   -0.   -0.   -0.   -0.
 -0.   -0.   -0.   -0.   -0.   -0.   -0.   -0.   -0.   -0.   -0.   -0.  ]"
4001,27.5,30,86.96,198.0,2023-01-22 22:03:34,347.9,235.3,3.2,"[ 3.16  3.16  3.16  3.16 -0.   -0.   -0.   -0.   -0.   -0.   -0.   -0.
 -0.   -0.   -0.   -0.   -0.   -0.   -0.   -0.   -0.   -0.   -0.   -0.
 -0.   -0.   -0.   -0.   -0.   -0.   -0.   -0.   -0.   -0.   -0.   -0.
 -0.   -0.   -0.   -0.   -0.   -0.   -0.   -0.   -0.   -0.   -0.   -0.
 -0.   -0.   -0.   -0.   -0.   -0.   -0.   -0.   -0.   -0.   -0.   -0.
 -0.   -0.   -0.   -0.   -0.   -0.   -0.   -0.   -0.   -0.   -0.   -0.
 -0.   -0.   -0.   -0.   -0.   -0.   -0.   -0.   -0.   -0.   -0.   -0.
 -0.   -0.   -0.   -0.   -0.   -0.   -0.   -0.   -0.   -0.   -0.   -0.  ]"
4002,27.5,30,94.52,198.0,2023-01-23 07:30:24,1512.3,896.4,13.7,"[-0.  -0.  -0.  -0.  -0.  -0.   5.5  5.5  5.5  5.5  5.5  5.5  5.5  5.5
  5.5  5.5  0.   0.   0.   0.   0.   0.   0.   0.   0.   0.   0.   0.
  0.   0.   0.   0.   0.   0.   0.   0.   0.   0.   0.   0.   0.   0.
  0.   0.   0.   0.   0.   0.   0.   0.   0.   0.   0.   0.   0.   0.
  0.   0.   0.   0.   0.   0.   0.   0.   0.   0.   0.   0.   0.   0.
  0.   0.   0.   0.   0.   0.   0.   0.   0.   0.   0.   0.   0.   0.
  0.   0.   0.   0.   0.   0.   0.   0.   0.   0.   0.   0. ]"
4003,27.5,30,71.31,198.0,2023-01-23 08:19:44,2567.3,1732.6,23.3,"[-0.   -0.    4.54  4.47  2.94  2.38  2.38  2.38  2.38  2.38  2.38  2.38
  2.37  2.37  2.37  2.37  2.37  2.37  2.37  2.37  3.63  3.63  2.16  2.16
  4.68  4.68  4.68  5.74  4.34  4.34  0.96  0.96  0.96  0.96  0.96  0.92
  0.    0.    0.    0.    0.    0.    0.    0.    0.    0.    0.    0.
  0.    0.    0.    0.    0.    0.    0.    0.    0.    0.    0.    0.
  0.    0.    0.    0.    0.    0.    0.    0.    0.    0.    0.    0.
  0.    0.    0.    0.    0.    0.    0.    0.    0.    0.    0.    0.
  0.    0.    0.    0.    0.    0.    0.    0.    0.    0.    0.    0.  ]"
4004,27.5,30,84.33,198.0,2023-01-23 08:46:06,1517.9,899.7,13.8,"[ 0.45  1.91  2.4   1.94  1.94  1.94  1.94  1.94  1.94  1.94  4.6   4.6
  4.6   4.6   4.6   4.6   4.6   4.6  -0.   -0.    0.    0.    0.    0.
  0.    0.    0.    0.    0.    0.    0.    0.    0.    0.    0.    0.
  0.    0.    0.    0.    0.    0.    0.    0.    0.    0.    0.    0.
  0.    0.    0.    0.    0.    0.    0.    0.    0.    0.    0.    0.
  0.    0.    0.    0.    0.    0.    0.    0.    0.    0.    0.    0.
  0.    0.    0.    0.    0.    0.    0.    0.    0.    0.    0.    0.
  0.    0.    0.    0.    0.    0.    0.    0.    0.    0.    0.    0.  ]"
4005,27.5,30,93.84,198.0,2023-01-23 08:52:32,2346.1,1447.0,21.3,"[ 4.13  2.47  2.11  1.28  1.28  1.28  1.28  1.28  1.28  1.28  3.94  3.94
  3.94  3.94  3.94  3.94  3.94  3.94  5.77  5.77  4.31  4.31  5.31  5.31
  5.31 -0.   -0.   -0.   -0.   -0.   -0.   -0.   -0.   -0.    0.    0.
  0.    0.    0.    0.    0.    0.    0.    0.    0.    0.    0.    0.
  0.    0.    0.    0.    0.    0.    0.    0.    0.    0.    0.    0.
  0.    0.    0.    0.    0.    0.    0.    0.    0.    0.    0.    0.
  0.    0.    0.    0.    0.    0.    0.    0.    0.    0.    0.    0.
  0.    0.    0.    0.    0.    0.    0.    0.    0.    0.    0.    0.  ]"
4006,27.5,30,56.79,198.0,2023-01-23 09:03:20,1192.5,721.2,10.8,"[ 2.21  0.9   0.38  0.38  0.38  0.38  0.38  0.38  0.38  2.77  2.77  2.77
  2.77  2.77  2.77  2.77  2.77  4.6   4.6   3.13  3.13  0.    0.    0.
  0.    0.    0.    0.    0.    0.    0.    0.    0.   -0.   -0.   -0.
 -0.   -0.   -0.   -0.   -0.   -0.   -0.   -0.   -0.   -0.   -0.   -0.
 -0.   -0.   -0.   -0.   -0.   -0.   -0.   -0.   -0.   -0.   -0.   -0.
 -0.   -0.   -0.   -0.   -0.   -0.   -0.   -0.   -0.   -0.   -0.   -0.
 -0.   -0.   -0.   -0.   -0.   -0.   -0.   -0.   -0.   -0.   -0.   -0.
 -0.   -0.   -0.   -0.   -0.   -0.   -0.   -0.   -0.   -0.   -0.   -0.  ]"
4008,27.5,30,100.02,198.0,2023-01-23 09:22:40,3500.5,2308.3,31.8,"[ 4.57  3.93  3.93  3.93  3.93  3.93  3.93  3.93  4.75  4.75  4.75  4.75
  4.75  4.75  4.75  4.75  4.43  4.43  5.3   5.3   5.32  5.32  5.32  5.74
  5.16  5.16  0.5   0.5   0.5   0.5   0.5   0.45  0.93  0.93  0.93 -0.
 -0.   -0.   -0.   -0.   -0.   -0.   -0.   -0.   -0.   -0.   -0.   -0.
 -0.   -0.   -0.   -0.   -0.   -0.   -0.   -0.   -0.   -0.   -0.   -0.
 -0.   -0.   -0.   -0.   -0.   -0.   -0.   -0.   -0.   -0.   -0.   -0.
 -0.   -0.   -0.   -0.   -0.   -0.   -0.   -0.   -0.   -0.   -0.   -0.
 -0.   -0.   -0.   -0.   -0.   -0.   -0.   -0.   -0.   -0.   -0.   -0.  ]"
4009,27.5,30,84.89,198.0,2023-01-23 09:28:53,679.1,402.5,6.2,"[ 3.53  3.02  3.02  3.02  3.02  3.02  3.02  3.02  0.    0.    0.    0.
  0.    0.    0.    0.    0.    0.    0.    0.   -0.   -0.   -0.   -0.
 -0.   -0.   -0.   -0.   -0.   -0.   -0.   -0.   -0.   -0.   -0.   -0.
 -0.   -0.   -0.   -0.   -0.   -0.   -0.   -0.   -0.   -0.   -0.   -0.
 -0.   -0.   -0.   -0.   -0.   -0.   -0.   -0.   -0.   -0.   -0.   -0.
 -0.   -0.   -0.   -0.   -0.   -0.   -0.   -0.   -0.   -0.   -0.   -0.
 -0.   -0.   -0.   -0.   -0.   -0.   -0.   -0.   -0.   -0.   -0.   -0.
 -0.   -0.   -0.   -0.   -0.   -0.   -0.   -0.   -0.   -0.   -0.   -0.  ]"
4012,27.5,30,96.45,198.0,2023-01-23 09:33:01,3375.7,2076.4,30.7,"[6.6  6.6  6.6  6.6  6.6  6.6  6.6  6.6  6.6  6.6  6.6  6.6  6.6  6.6
 6.6  6.6  6.6  0.7  0.7  0.64 0.64 0.64 2.41 1.2  1.2  0.13 0.13 0.13
 0.13 0.13 0.4  0.37 0.37 0.37 0.25 0.   0.   0.   0.   0.   0.   0.
 0.   0.   0.   0.   0.   0.   0.   0.   0.   0.   0.   0.   0.   0.
 0.   0.   0.   0.   0.   0.   0.   0.   0.   0.   0.   0.   0.   0.
 0.   0.   0.   0.   0.   0.   0.   0.   0.   0.   0.   0.   0.   0.
 0.   0.   0.   0.   0.   0.   0.   0.   0.   0.   0.   0.  ]"
4013,27.5,30,67.88,198.0,2023-01-23 15:18:21,1018.1,1196.1,9.3,"[ 6.6   6.6   1.37  1.37  1.37  1.37  1.37  1.16  1.75  1.75  1.75  2.78
  2.6   2.6   2.6  -0.   -0.   -0.   -0.   -0.   -0.   -0.   -0.   -0.
 -0.   -0.   -0.   -0.   -0.   -0.   -0.   -0.   -0.   -0.   -0.   -0.
 -0.   -0.   -0.   -0.   -0.   -0.   -0.   -0.   -0.   -0.   -0.   -0.
 -0.   -0.   -0.   -0.   -0.   -0.   -0.   -0.   -0.   -0.   -0.   -0.
 -0.   -0.   -0.   -0.   -0.   -0.   -0.   -0.   -0.   -0.   -0.   -0.
 -0.   -0.   -0.   -0.   -0.   -0.   -0.   -0.   -0.   -0.   -0.   -0.
 -0.   -0.   -0.   -0.   -0.   -0.   -0.   -0.   -0.   -0.   -0.   -0.  ]"
4015,27.5,30,19.21,198.0,2023-01-23 16:00:44,96.0,139.3,0.9,"[ 0.7  0.7  0.7  0.7  0.7 -0.  -0.  -0.  -0.  -0.  -0.  -0.  -0.  -0.
 -0.  -0.  -0.  -0.  -0.  -0.  -0.  -0.  -0.  -0.  -0.  -0.  -0.  -0.
 -0.  -0.  -0.  -0.  -0.  -0.  -0.  -0.  -0.  -0.  -0.  -0.  -0.  -0.
 -0.  -0.  -0.  -0.  -0.  -0.  -0.  -0.  -0.  -0.  -0.  -0.  -0.  -0.
 -0.  -0.  -0.  -0.  -0.  -0.  -0.  -0.  -0.  -0.  -0.  -0.  -0.  -0.
 -0.  -0.  -0.  -0.  -0.  -0.  -0.  -0.  -0.  -0.  -0.  -0.  -0.  -0.
 -0.  -0.  -0.  -0.  -0.  -0.  -0.  -0.  -0.  -0.  -0.  -0. ]"
4017,27.5,30,86.26,198.0,2023-01-23 22:04:02,345.0,233.4,3.1,"[ 3.14  3.14  3.14  3.14 -0.   -0.   -0.   -0.   -0.   -0.   -0.   -0.
 -0.   -0.   -0.   -0.   -0.   -0.   -0.   -0.   -0.   -0.   -0.   -0.
 -0.   -0.   -0.   -0.   -0.   -0.   -0.   -0.   -0.   -0.   -0.   -0.
 -0.   -0.   -0.   -0.   -0.   -0.   -0.   -0.   -0.   -0.   -0.   -0.
 -0.   -0.   -0.   -0.   -0.   -0.   -0.   -0.   -0.   -0.   -0.   -0.
 -0.   -0.   -0.   -0.   -0.   -0.   -0.   -0.   -0.   -0.   -0.   -0.
 -0.   -0.   -0.   -0.   -0.   -0.   -0.   -0.   -0.   -0.   -0.   -0.
 -0.   -0.   -0.   -0.   -0.   -0.   -0.   -0.   -0.   -0.   -0.   -0.  ]"
4018,27.5,30,84.3,198.0,2023-01-24 08:16:10,1348.8,799.5,12.3,"[ 0.   -0.    3.74  3.21  3.33  3.23  3.38  3.38  3.38  3.38  3.38  3.38
  3.38  3.38  3.38  5.11 -0.   -0.   -0.   -0.   -0.   -0.   -0.   -0.
 -0.   -0.   -0.   -0.   -0.   -0.   -0.   -0.   -0.   -0.   -0.   -0.
 -0.   -0.   -0.   -0.   -0.   -0.   -0.   -0.   -0.   -0.   -0.   -0.
 -0.   -0.   -0.   -0.   -0.   -0.   -0.   -0.   -0.   -0.   -0.   -0.
 -0.   -0.   -0.   -0.   -0.   -0.   -0.   -0.   -0.   -0.   -0.   -0.
 -0.   -0.   -0.   -0.   -0.   -0.   -0.   -0.   -0.   -0.   -0.   -0.
 -0.   -0.   -0.   -0.   -0.   -0.   -0.   -0.   -0.   -0.   -0.   -0.  ]"
4019,27.5,30,90.32,198.0,2023-01-24 08:43:46,1264.5,749.5,11.5,"[-0.    3.81  3.49  3.52  3.52  3.52  3.52  3.52  3.52  3.52  3.52  3.52
  3.52  3.52  0.    0.    0.    0.    0.    0.    0.    0.    0.    0.
  0.    0.    0.    0.    0.    0.    0.    0.    0.    0.    0.    0.
  0.    0.    0.    0.    0.    0.    0.    0.    0.    0.    0.    0.
  0.    0.    0.    0.    0.    0.    0.    0.    0.    0.    0.    0.
  0.    0.    0.    0.    0.    0.    0.    0.    0.    0.    0.    0.
  0.    0.    0.    0.    0.    0.    0.    0.    0.    0.    0.    0.
  0.    0.    0.    0.    0.    0.    0.    0.    0.    0.    0.    0.  ]"
4020,27.5,30,58.67,198.0,2023-01-24 09:02:01,1584.0,956.6,14.4,"[ 1.57  1.69  1.25  1.43  1.43  1.43  1.43  1.43  1.43  1.43  1.43  1.43
  4.64  4.64  4.64  4.64  4.64  4.64  4.64  0.    1.1   1.1   1.1   1.1
  1.1   1.1   1.1  -0.   -0.   -0.   -0.   -0.   -0.   -0.   -0.   -0.
 -0.   -0.   -0.   -0.   -0.   -0.   -0.   -0.   -0.   -0.   -0.   -0.
 -0.   -0.   -0.   -0.   -0.   -0.   -0.   -0.   -0.   -0.   -0.   -0.
 -0.   -0.   -0.   -0.   -0.   -0.   -0.   -0.   -0.   -0.   -0.   -0.
 -0.   -0.   -0.   -0.   -0.   -0.   -0.   -0.   -0.   -0.   -0.   -0.
 -0.   -0.   -0.   -0.   -0.   -0.   -0.   -0.   -0.   -0.   -0.   -0.  ]"
4023,27.5,30,97.95,198.0,2023-01-24 09:29:47,3918.0,2402.6,35.6,"[6.6  6.6  6.6  6.6  6.6  6.6  6.6  6.6  6.6  6.6  6.6  6.6  6.6  6.6
 6.6  6.6  6.6  6.6  1.32 3.02 3.02 3.02 3.02 3.02 3.02 3.02 0.   0.
 0.11 0.11 0.11 0.11 0.11 0.11 0.09 0.09 0.09 0.1  0.1  0.1  0.   0.
 0.   0.   0.   0.   0.   0.   0.   0.   0.   0.   0.   0.   0.   0.
 0.   0.   0.   0.   0.   0.   0.   0.   0.   0.   0.   0.   0.   0.
 0.   0.   0.   0.   0.   0.   0.   0.   0.   0.   0.   0.   0.   0.
 0.   0.   0.   0.   0.   0.   0.   0.   0.   0.   0.   0.  ]"
4024,27.5,30,71.5,198.0,2023-01-24 09:33:43,786.5,466.2,7.1,"[2.87 2.4  2.4  2.4  2.4  2.4  2.4  2.4  2.4  2.4  4.13 0.   0.   0.
 0.   0.   0.   0.   0.   0.   0.   0.   0.   0.   0.   0.   0.   0.
 0.   0.   0.   0.   0.   0.   0.   0.   0.   0.   0.   0.   0.   0.
 0.   0.   0.   0.   0.   0.   0.   0.   0.   0.   0.   0.   0.   0.
 0.   0.   0.   0.   0.   0.   0.   0.   0.   0.   0.   0.   0.   0.
 0.   0.   0.   0.   0.   0.   0.   0.   0.   0.   0.   0.   0.   0.
 0.   0.   0.   0.   0.   0.   0.   0.   0.   0.   0.   0.  ]"
4025,27.5,30,85.43,198.0,2023-01-24 09:47:28,3246.3,1954.6,29.5,"[ 6.6   6.6   6.6   6.6   6.6   6.6   6.6   6.6   6.6   6.49  6.49  6.49
  6.49  6.49  6.49  6.49  0.    1.89  1.89  1.89  1.89  1.89  1.89  1.89
 -0.   -0.    0.    0.    0.    0.    0.    0.    0.    0.    0.    0.
  0.    0.   -0.   -0.   -0.   -0.   -0.   -0.   -0.   -0.   -0.   -0.
 -0.   -0.   -0.   -0.   -0.   -0.   -0.   -0.   -0.   -0.   -0.   -0.
 -0.   -0.   -0.   -0.   -0.   -0.   -0.   -0.   -0.   -0.   -0.   -0.
 -0.   -0.   -0.   -0.   -0.   -0.   -0.   -0.   -0.   -0.   -0.   -0.
 -0.   -0.   -0.   -0.   -0.   -0.   -0.   -0.   -0.   -0.   -0.   -0.  ]"
4022,27.5,30,97.64,198.0,2023-01-24 12:15:14,2538.7,1610.8,23.1,"[ 6.6   6.6   6.6   6.6   6.6   6.6   6.6   5.77  5.76  5.76  5.76  5.76
  5.76  5.76  5.76  0.    0.    0.    0.    0.    0.    0.    0.    0.
  0.    0.    0.    0.    0.   -0.   -0.   -0.   -0.   -0.   -0.   -0.
 -0.   -0.   -0.   -0.   -0.   -0.   -0.   -0.   -0.   -0.   -0.   -0.
 -0.   -0.   -0.   -0.   -0.   -0.   -0.   -0.   -0.   -0.   -0.   -0.
 -0.   -0.   -0.   -0.   -0.   -0.   -0.   -0.   -0.   -0.   -0.   -0.
 -0.   -0.   -0.   -0.   -0.   -0.   -0.   -0.   -0.   -0.   -0.   -0.
 -0.   -0.   -0.   -0.   -0.   -0.   -0.   -0.   -0.   -0.   -0.   -0.  ]"
4027,27.5,30,90.91,198.0,2023-01-24 14:02:13,1181.8,799.3,10.7,"[ 6.14  6.14  6.14  6.14  6.14  6.14  6.14  0.    0.    0.    0.    0.
  0.   -0.   -0.   -0.   -0.   -0.    0.    0.    0.    0.    0.    0.
  0.    0.    0.    0.    0.    0.    0.    0.    0.    0.    0.    0.
  0.    0.    0.    0.    0.    0.    0.    0.    0.    0.    0.    0.
  0.    0.    0.    0.    0.    0.    0.    0.    0.    0.    0.    0.
  0.    0.    0.    0.    0.    0.    0.    0.    0.    0.    0.    0.
  0.    0.    0.    0.    0.    0.    0.    0.    0.    0.    0.    0.
  0.    0.    0.    0.    0.    0.    0.    0.    0.    0.    0.    0.  ]"
4030,27.5,30,88.99,198.0,2023-01-24 16:21:09,1067.8,1549.3,9.7,"[3.53 3.53 3.53 3.53 3.53 3.53 3.7  3.7  3.7  2.19 2.19 2.19 0.   0.
 0.   0.   0.   0.   0.   0.   0.   0.   0.   0.   0.   0.   0.   0.
 0.   0.   0.   0.   0.   0.   0.   0.   0.   0.   0.   0.   0.   0.
 0.   0.   0.   0.   0.   0.   0.   0.   0.   0.   0.   0.   0.   0.
 0.   0.   0.   0.   0.   0.   0.   0.   0.   0.   0.   0.   0.   0.
 0.   0.   0.   0.   0.   0.   0.   0.   0.   0.   0.   0.   0.   0.
 0.   0.   0.   0.   0.   0.   0.   0.   0.   0.   0.   0.  ]"
4032,27.5,30,88.16,198.0,2023-01-24 17:53:08,264.5,383.7,2.4,"[ 3.21  3.21  3.21 -0.   -0.   -0.   -0.   -0.   -0.   -0.   -0.   -0.
 -0.   -0.   -0.   -0.   -0.   -0.   -0.   -0.   -0.   -0.   -0.   -0.
 -0.   -0.   -0.   -0.   -0.   -0.   -0.   -0.   -0.   -0.   -0.   -0.
 -0.   -0.   -0.   -0.   -0.   -0.   -0.   -0.   -0.   -0.   -0.   -0.
 -0.   -0.   -0.   -0.   -0.   -0.   -0.   -0.   -0.   -0.   -0.   -0.
 -0.   -0.   -0.   -0.   -0.   -0.   -0.   -0.   -0.   -0.   -0.   -0.
 -0.   -0.   -0.   -0.   -0.   -0.   -0.   -0.   -0.   -0.   -0.   -0.
 -0.   -0.   -0.   -0.   -0.   -0.   -0.   -0.   -0.   -0.   -0.   -0.  ]"
4034,27.5,30,84.96,198.0,2023-01-25 07:37:09,2293.9,1359.8,20.9,"[-0.   -0.   -0.   -0.   -0.    4.38  4.38  4.38  4.14  4.13  4.13  4.13
  4.13  4.13  4.13  4.13  4.13  4.13  4.13  4.13  4.13  4.12  4.12  4.12
  4.12  0.03  0.03  0.    0.    0.    0.    0.    0.    0.    0.    0.
  0.    0.    0.    0.    0.    0.    0.    0.    0.    0.    0.    0.
  0.    0.    0.    0.    0.    0.    0.    0.    0.    0.    0.    0.
  0.    0.    0.    0.    0.    0.    0.    0.    0.    0.    0.    0.
  0.    0.    0.    0.    0.    0.    0.    0.    0.    0.    0.    0.
  0.    0.    0.    0.    0.    0.    0.    0.    0.    0.    0.    0.  ]"
4035,27.5,30,105.65,198.0,2023-01-25 07:42:22,4014.6,2412.1,36.5,"[0.77 0.77 0.77 0.77 0.77 6.6  6.6  6.6  6.6  6.6  6.6  6.6  6.6  6.6
 6.6  6.6  6.6  6.6  6.6  6.6  6.6  6.57 6.57 6.57 6.57 0.38 0.38 0.42
 0.42 2.49 2.49 1.84 1.84 0.   0.   0.   0.   0.   0.   0.   0.   0.
 0.   0.   0.   0.   0.   0.   0.   0.   0.   0.   0.   0.   0.   0.
 0.   0.   0.   0.   0.   0.   0.   0.   0.   0.   0.   0.   0.   0.
 0.   0.   0.   0.   0.   0.   0.   0.   0.   0.   0.   0.   0.   0.
 0.   0.   0.   0.   0.   0.   0.   0.   0.   0.   0.   0.  ]"
4037,27.5,30,57.54,198.0,2023-01-25 09:31:25,2014.0,1226.0,18.3,"[4.05 4.07 4.07 4.07 4.07 4.07 4.07 4.07 4.07 4.07 4.07 4.07 4.07 4.
 4.   4.   4.   0.03 0.03 0.03 0.03 1.04 1.04 0.54 0.54 0.   0.   0.
 0.   0.   0.21 0.21 0.21 0.21 0.21 0.   0.   0.   0.   0.   0.   0.
 0.   0.   0.   0.   0.   0.   0.   0.   0.   0.   0.   0.   0.   0.
 0.   0.   0.   0.   0.   0.   0.   0.   0.   0.   0.   0.   0.   0.
 0.   0.   0.   0.   0.   0.   0.   0.   0.   0.   0.   0.   0.   0.
 0.   0.   0.   0.   0.   0.   0.   0.   0.   0.   0.   0.  ]"
4039,27.5,30,16.12,198.0,2023-01-25 09:43:21,306.2,181.6,2.8,"[ 0.69  0.65  0.65  0.65  0.65  0.65  0.65  0.65  0.65  0.65  0.65  0.65
  0.65  0.64  0.64  0.64  0.64  0.03  0.03 -0.   -0.   -0.   -0.   -0.
 -0.    0.    0.    0.    0.    0.    0.    0.    0.    0.    0.    0.
  0.    0.    0.    0.    0.    0.    0.    0.    0.    0.    0.    0.
  0.    0.    0.    0.    0.    0.    0.    0.    0.    0.    0.    0.
  0.    0.    0.    0.    0.    0.    0.    0.    0.    0.    0.    0.
  0.    0.    0.    0.    0.    0.    0.    0.    0.    0.    0.    0.
  0.    0.    0.    0.    0.    0.    0.    0.    0.    0.    0.    0.  ]"
4040,27.5,30,10.85,198.0,2023-01-25 09:53:31,368.9,225.8,3.4,"[ 0.84  0.84  0.78  0.78  0.78  0.78  0.78  0.78  0.78  0.78  0.78  0.78
  0.72  0.72  0.72  0.72  0.04  0.04  0.03  0.03  0.22  0.22  0.13  0.13
  0.    0.    0.    0.    0.    0.04  0.04  0.04  0.04  0.04 -0.   -0.
 -0.   -0.   -0.   -0.   -0.   -0.   -0.   -0.   -0.   -0.   -0.   -0.
 -0.   -0.   -0.   -0.   -0.   -0.   -0.   -0.   -0.   -0.   -0.   -0.
 -0.   -0.   -0.   -0.   -0.   -0.   -0.   -0.   -0.   -0.   -0.   -0.
 -0.   -0.   -0.   -0.   -0.   -0.   -0.   -0.   -0.   -0.   -0.   -0.
 -0.   -0.   -0.   -0.   -0.   -0.   -0.   -0.   -0.   -0.   -0.   -0.  ]"
4041,27.5,30,62.2,198.0,2023-01-25 10:22:37,1244.0,745.1,11.3,"[ 3.23  3.23  3.23  3.23  3.23  3.23  3.23  3.23  3.23  3.23  2.38  2.38
  2.38  2.38  0.03  0.03  0.03  0.03  1.63  1.63 -0.   -0.    0.    0.
  0.    0.    0.    0.    0.    0.    0.    0.   -0.   -0.   -0.   -0.
 -0.   -0.   -0.   -0.   -0.   -0.   -0.   -0.   -0.   -0.   -0.   -0.
 -0.   -0.   -0.   -0.   -0.   -0.   -0.   -0.   -0.   -0.   -0.   -0.
 -0.   -0.   -0.   -0.   -0.   -0.   -0.   -0.   -0.   -0.   -0.   -0.
 -0.   -0.   -0.   -0.   -0.   -0.   -0.   -0.   -0.   -0.   -0.   -0.
 -0.   -0.   -0.   -0.   -0.   -0.   -0.   -0.   -0.   -0.   -0.   -0.  ]"
4042,27.5,30,91.61,198.0,2023-01-25 12:52:04,1557.3,992.6,14.2,"[ 6.6   6.6   6.6   6.6   4.36  4.36  4.22  4.22  2.66  2.66  3.87  3.87
  0.    0.    0.    0.    0.   -0.   -0.   -0.   -0.   -0.   -0.   -0.
 -0.   -0.   -0.   -0.   -0.   -0.   -0.   -0.   -0.   -0.   -0.   -0.
 -0.   -0.   -0.   -0.   -0.   -0.   -0.   -0.   -0.   -0.   -0.   -0.
 -0.   -0.   -0.   -0.   -0.   -0.   -0.   -0.   -0.   -0.   -0.   -0.
 -0.   -0.   -0.   -0.   -0.   -0.   -0.   -0.   -0.   -0.   -0.   -0.
 -0.   -0.   -0.   -0.   -0.   -0.   -0.   -0.   -0.   -0.   -0.   -0.
 -0.   -0.   -0.   -0.   -0.   -0.   -0.   -0.   -0.   -0.   -0.   -0.  ]"
4043,27.5,30,79.73,198.0,2023-01-25 14:55:23,2551.4,2279.2,23.2,"[ 6.6   6.6   6.6   6.6   0.68  0.68  0.68  0.68  0.68  2.    2.    2.
  2.    2.    2.    2.    1.04  1.04  1.04  1.04  1.04  1.14  1.14  1.14
  6.6   6.6   6.6   6.6   3.5   3.5   3.5   3.5  -0.   -0.   -0.   -0.
 -0.   -0.   -0.   -0.   -0.   -0.   -0.   -0.   -0.   -0.   -0.   -0.
 -0.   -0.   -0.   -0.   -0.   -0.   -0.   -0.   -0.   -0.   -0.   -0.
 -0.   -0.   -0.   -0.   -0.   -0.   -0.   -0.   -0.   -0.   -0.   -0.
 -0.   -0.   -0.   -0.   -0.   -0.   -0.   -0.   -0.   -0.   -0.   -0.
 -0.   -0.   -0.   -0.   -0.   -0.   -0.   -0.   -0.   -0.   -0.   -0.  ]"
4044,27.5,30,91.61,198.0,2023-01-25 15:25:11,1740.5,2244.2,15.8,"[ 6.6   6.6   3.12  3.12  3.12  3.12  3.12  1.61  1.61  1.61  1.61  1.61
  1.95  1.95  4.5   4.5   4.5   4.5   4.5   0.    0.    0.   -0.   -0.
 -0.   -0.   -0.   -0.   -0.   -0.    0.    0.    0.    0.    0.    0.
  0.    0.    0.    0.    0.    0.    0.    0.    0.    0.    0.    0.
  0.    0.    0.    0.    0.    0.    0.    0.    0.    0.    0.    0.
  0.    0.    0.    0.    0.    0.    0.    0.    0.    0.    0.    0.
  0.    0.    0.    0.    0.    0.    0.    0.    0.    0.    0.    0.
  0.    0.    0.    0.    0.    0.    0.    0.    0.    0.    0.    0.  ]"
4046,27.5,30,92.06,198.0,2023-01-25 17:01:39,644.4,935.0,5.9,"[ 3.37  3.37  3.37  3.37  3.37  3.3   3.3  -0.   -0.   -0.   -0.   -0.
 -0.   -0.   -0.    0.    0.    0.    0.    0.    0.    0.    0.    0.
  0.    0.    0.    0.    0.    0.    0.    0.    0.    0.    0.    0.
  0.    0.    0.    0.    0.    0.    0.    0.    0.    0.    0.    0.
  0.    0.    0.    0.    0.    0.    0.    0.    0.    0.    0.    0.
  0.    0.    0.    0.    0.    0.    0.    0.    0.    0.    0.    0.
  0.    0.    0.    0.    0.    0.    0.    0.    0.    0.    0.    0.
  0.    0.    0.    0.    0.    0.    0.    0.    0.    0.    0.    0.  ]"
4048,27.5,30,98.34,198.0,2023-01-25 22:00:30,393.4,266.1,3.6,"[3.58 3.58 3.58 3.58 0.   0.   0.   0.   0.   0.   0.   0.   0.   0.
 0.   0.   0.   0.   0.   0.   0.   0.   0.   0.   0.   0.   0.   0.
 0.   0.   0.   0.   0.   0.   0.   0.   0.   0.   0.   0.   0.   0.
 0.   0.   0.   0.   0.   0.   0.   0.   0.   0.   0.   0.   0.   0.
 0.   0.   0.   0.   0.   0.   0.   0.   0.   0.   0.   0.   0.   0.
 0.   0.   0.   0.   0.   0.   0.   0.   0.   0.   0.   0.   0.   0.
 0.   0.   0.   0.   0.   0.   0.   0.   0.   0.   0.   0.  ]"
4049,27.5,30,71.65,198.0,2023-01-26 07:38:59,3009.4,1808.4,27.4,"[-0.   -0.   -0.   -0.   -0.    4.58  4.58  4.58  4.58  5.36  5.36  5.36
  5.36  5.36  5.36  5.36  5.36  5.36  5.36  5.36  5.36  4.02  4.02  4.02
  4.02  1.27  1.27  1.27  1.27  1.27  1.27  1.54  1.54 -0.   -0.   -0.
 -0.   -0.   -0.   -0.   -0.   -0.   -0.   -0.   -0.   -0.   -0.   -0.
 -0.   -0.   -0.   -0.   -0.   -0.   -0.   -0.   -0.   -0.   -0.   -0.
 -0.   -0.   -0.   -0.   -0.   -0.   -0.   -0.   -0.   -0.   -0.   -0.
 -0.   -0.   -0.   -0.   -0.   -0.   -0.   -0.   -0.   -0.   -0.   -0.
 -0.   -0.   -0.   -0.   -0.   -0.   -0.   -0.   -0.   -0.   -0.   -0.  ]"
4050,27.5,30,96.66,198.0,2023-01-26 08:11:02,2803.1,1685.1,25.5,"[-0.    0.   -0.    3.66  3.66  3.66  3.66  5.13  5.13  5.13  5.13  5.13
  5.13  5.13  5.13  5.13  5.13  5.13  5.13  3.85  3.85  3.85  3.85  1.71
  1.71  1.71  1.71  1.71  1.71 -0.   -0.   -0.   -0.   -0.   -0.   -0.
 -0.   -0.   -0.   -0.    0.    0.    0.    0.    0.    0.    0.    0.
  0.    0.    0.    0.    0.    0.    0.    0.    0.    0.    0.    0.
  0.    0.    0.    0.    0.    0.    0.    0.    0.    0.    0.    0.
  0.    0.    0.    0.    0.    0.    0.    0.    0.    0.    0.    0.
  0.    0.    0.    0.    0.    0.    0.    0.    0.    0.    0.    0.  ]"
4051,27.5,30,37.73,198.0,2023-01-26 08:19:49,1282.8,771.2,11.7,"[-0.   -0.    1.67  1.67  1.67  1.67  2.35  2.35  2.35  2.35  2.35  2.35
  2.35  2.35  2.35  2.35  2.35  2.35  1.76  1.76  1.76  1.76  0.55  0.55
  0.55  0.55  0.55  0.55  0.7   0.7  -0.   -0.   -0.   -0.    0.    0.
  0.    0.    0.    0.    0.    0.    0.    0.    0.    0.    0.    0.
  0.    0.    0.    0.    0.    0.    0.    0.    0.    0.    0.    0.
  0.    0.    0.    0.    0.    0.    0.    0.    0.    0.    0.    0.
  0.    0.    0.    0.    0.    0.    0.    0.    0.    0.    0.    0.
  0.    0.    0.    0.    0.    0.    0.    0.    0.    0.    0.    0.  ]"
4052,27.5,30,64.33,198.0,2023-01-26 08:40:23,321.7,190.7,2.9,"[-0.    2.92  2.92  2.92  2.92  0.    0.    0.    0.    0.    0.    0.
  0.    0.    0.    0.    0.    0.    0.    0.    0.   -0.   -0.   -0.
 -0.   -0.   -0.   -0.   -0.   -0.   -0.   -0.   -0.   -0.   -0.   -0.
 -0.   -0.    0.    0.    0.    0.    0.    0.    0.    0.    0.    0.
  0.    0.    0.    0.    0.    0.    0.    0.    0.    0.    0.    0.
  0.    0.    0.    0.    0.    0.    0.    0.    0.    0.    0.    0.
  0.    0.    0.    0.    0.    0.    0.    0.    0.    0.    0.    0.
  0.    0.    0.    0.    0.    0.    0.    0.    0.    0.    0.    0.  ]"
4053,27.5,30,26.84,198.0,2023-01-26 08:56:22,832.0,499.7,7.6,"[ 1.52  1.52  1.52  1.52  1.42  1.42  1.42  1.42  1.42  1.42  1.42  1.42
  1.42  1.42  1.42  1.42  1.06  1.06  1.06  1.06  0.26  0.26  0.26  0.26
  0.26  0.26  0.66  0.66 -0.   -0.   -0.    0.    0.    0.    0.    0.
  0.   -0.   -0.   -0.   -0.   -0.   -0.   -0.   -0.   -0.   -0.   -0.
 -0.   -0.   -0.   -0.   -0.   -0.   -0.   -0.   -0.   -0.   -0.   -0.
 -0.   -0.   -0.   -0.   -0.   -0.   -0.   -0.   -0.   -0.   -0.   -0.
 -0.   -0.   -0.   -0.   -0.   -0.   -0.   -0.   -0.   -0.   -0.   -0.
 -0.   -0.   -0.   -0.   -0.   -0.   -0.   -0.   -0.   -0.   -0.   -0.  ]"
4055,27.5,30,77.07,198.0,2023-01-26 09:48:42,1695.5,1021.6,15.4,"[ 3.61  3.61  3.61  3.61  3.61  3.61  3.61  3.61  3.61  3.61  3.61  3.61
  2.77  2.77  2.77  2.77  1.2   1.2   1.2   1.2   1.2   1.2  -0.   -0.
 -0.   -0.   -0.    0.   -0.   -0.   -0.   -0.   -0.    0.    0.    0.
  0.    0.    0.    0.    0.    0.    0.    0.    0.    0.    0.    0.
  0.    0.    0.    0.    0.    0.    0.    0.    0.    0.    0.    0.
  0.    0.    0.    0.    0.    0.    0.    0.    0.    0.    0.    0.
  0.    0.    0.    0.    0.    0.    0.    0.    0.    0.    0.    0.
  0.    0.    0.    0.    0.    0.    0.    0.    0.    0.    0.    0.  ]"
4054,27.5,30,91.87,198.0,2023-01-26 09:49:23,2756.1,1662.4,25.1,"[ 6.26  6.26  6.26  6.26  6.26  6.26  6.26  6.26  6.26  6.26  6.26  6.26
  3.13  3.13  3.13  3.13  1.45  1.45  1.45  1.45  1.45  1.45  1.92  1.92
 -0.   -0.   -0.   -0.   -0.   -0.    0.    0.    0.    0.    0.    0.
  0.    0.    0.    0.    0.    0.    0.    0.    0.    0.    0.    0.
  0.    0.    0.    0.    0.    0.    0.    0.    0.    0.    0.    0.
  0.    0.    0.    0.    0.    0.    0.    0.    0.    0.    0.    0.
  0.    0.    0.    0.    0.    0.    0.    0.    0.    0.    0.    0.
  0.    0.    0.    0.    0.    0.    0.    0.    0.    0.    0.    0.  ]"
4056,27.5,30,93.6,198.0,2023-01-26 13:00:26,1591.3,1015.5,14.5,"[ 6.6   6.6   6.6   6.6   3.52  3.52  3.52  3.52  3.52  3.52  5.16  5.16
 -0.   -0.   -0.   -0.   -0.   -0.    0.    0.    0.   -0.   -0.   -0.
 -0.   -0.   -0.   -0.   -0.   -0.   -0.   -0.   -0.   -0.   -0.   -0.
 -0.   -0.   -0.   -0.   -0.   -0.   -0.   -0.   -0.   -0.   -0.   -0.
 -0.   -0.   -0.   -0.   -0.   -0.   -0.   -0.   -0.   -0.   -0.   -0.
 -0.   -0.   -0.   -0.   -0.   -0.   -0.   -0.   -0.   -0.   -0.   -0.
 -0.   -0.   -0.   -0.   -0.   -0.   -0.   -0.   -0.   -0.   -0.   -0.
 -0.   -0.   -0.   -0.   -0.   -0.   -0.   -0.   -0.   -0.   -0.   -0.  ]"
4057,27.5,30,47.73,198.0,2023-01-26 13:50:02,668.3,452.0,6.1,"[ 3.03  3.03  3.03  3.03  3.03  3.03  3.06  3.06 -0.   -0.   -0.   -0.
 -0.   -0.   -0.   -0.   -0.    0.    0.    0.    0.    0.    0.    0.
  0.    0.    0.    0.    0.    0.    0.    0.    0.    0.    0.    0.
  0.    0.    0.    0.    0.    0.    0.    0.    0.    0.    0.    0.
  0.    0.    0.    0.    0.    0.    0.    0.    0.    0.    0.    0.
  0.    0.    0.    0.    0.    0.    0.    0.    0.    0.    0.    0.
  0.    0.    0.    0.    0.    0.    0.    0.    0.    0.    0.    0.
  0.    0.    0.    0.    0.    0.    0.    0.    0.    0.    0.    0.  ]"
4058,27.5,30,94.94,198.0,2023-01-26 17:58:16,2088.7,1624.9,19.0,"[ 0.9   0.83  0.83  0.83  0.83  0.83  0.83  0.83  0.83  0.83  0.81  0.81
  6.6   6.6   6.6   6.6   6.6   6.6   6.6   6.6   6.6   6.6  -0.   -0.
 -0.   -0.   -0.   -0.   -0.   -0.   -0.   -0.   -0.   -0.   -0.   -0.
 -0.   -0.   -0.   -0.   -0.   -0.   -0.   -0.   -0.   -0.   -0.   -0.
 -0.   -0.   -0.   -0.   -0.   -0.   -0.   -0.   -0.   -0.   -0.   -0.
 -0.   -0.   -0.   -0.   -0.   -0.   -0.   -0.   -0.   -0.   -0.   -0.
 -0.   -0.   -0.   -0.   -0.   -0.   -0.   -0.   -0.   -0.   -0.   -0.
 -0.   -0.   -0.   -0.   -0.   -0.   -0.   -0.   -0.   -0.   -0.   -0.  ]"
4059,27.5,30,181.5,198.0,2023-01-26 18:10:37,1633.5,2370.1,14.8,"[ 6.6  6.6  6.6  6.6  6.6  6.6  6.6  6.6  6.6  0.   0.  -0.  -0.  -0.
 -0.  -0.  -0.  -0.  -0.  -0.  -0.  -0.  -0.  -0.  -0.  -0.  -0.  -0.
 -0.  -0.  -0.  -0.  -0.  -0.  -0.  -0.  -0.  -0.  -0.  -0.  -0.  -0.
 -0.  -0.  -0.  -0.  -0.  -0.  -0.  -0.  -0.  -0.  -0.  -0.  -0.  -0.
 -0.  -0.  -0.  -0.  -0.  -0.  -0.  -0.  -0.  -0.  -0.  -0.  -0.  -0.
 -0.  -0.  -0.  -0.  -0.  -0.  -0.  -0.  -0.  -0.  -0.  -0.  -0.  -0.
 -0.  -0.  -0.  -0.  -0.  -0.  -0.  -0.  -0.  -0.  -0.  -0. ]"
4060,27.5,30,72.38,198.0,2023-01-27 07:41:27,579.1,359.5,5.3,"[ 1.57  1.57  1.57  0.79  1.57  4.66  4.66  4.66 -0.   -0.   -0.   -0.
 -0.   -0.   -0.   -0.   -0.   -0.   -0.   -0.   -0.   -0.   -0.   -0.
 -0.   -0.   -0.   -0.   -0.   -0.   -0.   -0.   -0.   -0.   -0.   -0.
 -0.   -0.   -0.   -0.   -0.   -0.   -0.   -0.   -0.   -0.   -0.   -0.
 -0.   -0.   -0.   -0.   -0.   -0.   -0.   -0.   -0.   -0.   -0.   -0.
 -0.   -0.   -0.   -0.   -0.   -0.   -0.   -0.   -0.   -0.   -0.   -0.
 -0.   -0.   -0.   -0.   -0.   -0.   -0.   -0.   -0.   -0.   -0.   -0.
 -0.   -0.   -0.   -0.   -0.   -0.   -0.   -0.   -0.   -0.   -0.   -0.  ]"
4061,27.5,30,60.6,198.0,2023-01-27 08:27:58,303.0,179.6,2.8,"[-0.   -0.    3.67  3.67  3.67  0.    0.    0.    0.    0.    0.    0.
  0.    0.    0.    0.    0.    0.    0.    0.    0.    0.    0.    0.
  0.    0.    0.    0.    0.    0.    0.    0.    0.    0.    0.    0.
  0.    0.    0.    0.    0.    0.    0.    0.    0.    0.    0.    0.
  0.    0.    0.    0.    0.    0.    0.    0.    0.    0.    0.    0.
  0.    0.    0.    0.    0.    0.    0.    0.    0.    0.    0.    0.
  0.    0.    0.    0.    0.    0.    0.    0.    0.    0.    0.    0.
  0.    0.    0.    0.    0.    0.    0.    0.    0.    0.    0.    0.  ]"
4062,27.5,30,86.96,198.0,2023-01-27 08:42:04,2695.7,1597.8,24.5,"[-0.    1.88  1.88  5.42  5.21  5.21  5.21  5.23  5.23  5.23  5.23  5.23
  5.23  5.23  5.23  5.23  5.23  5.23  5.23  5.23  5.23  0.    0.    0.
  0.    0.    0.    0.    0.    0.    0.    0.    0.    0.    0.    0.
  0.    0.    0.    0.    0.    0.    0.    0.    0.    0.    0.    0.
  0.    0.    0.    0.    0.    0.    0.    0.    0.    0.    0.    0.
  0.    0.    0.    0.    0.    0.    0.    0.    0.    0.    0.    0.
  0.    0.    0.    0.    0.    0.    0.    0.    0.    0.    0.    0.
  0.    0.    0.    0.    0.    0.    0.    0.    0.    0.    0.    0.  ]"
4063,27.5,30,92.65,198.0,2023-01-27 08:59:16,2316.3,1372.9,21.1,"[ 0.89  0.89  4.78  4.56  4.56  4.56  4.57  4.57  4.57  4.57  4.57  4.57
  4.57  4.57  4.57  4.57  4.57  4.57  4.57  4.57  0.    0.    0.    0.
  0.    0.    0.    0.    0.    0.   -0.   -0.   -0.   -0.   -0.   -0.
 -0.   -0.   -0.   -0.   -0.   -0.   -0.   -0.   -0.   -0.   -0.   -0.
 -0.   -0.   -0.   -0.   -0.   -0.   -0.   -0.   -0.   -0.   -0.   -0.
 -0.   -0.   -0.   -0.   -0.   -0.   -0.   -0.   -0.   -0.   -0.   -0.
 -0.   -0.   -0.   -0.   -0.   -0.   -0.   -0.   -0.   -0.   -0.   -0.
 -0.   -0.   -0.   -0.   -0.   -0.   -0.   -0.   -0.   -0.   -0.   -0.  ]"
4065,27.5,30,18.05,198.0,2023-01-27 09:28:10,686.0,437.4,6.2,"[ 1.39  1.3   1.3   1.3   1.31  1.31  1.31  1.31  1.31  1.31  1.31  1.31
  1.31  1.31  1.31  1.31  1.31  1.31  0.    0.    0.    0.    0.    0.
  0.    0.    0.    0.   -0.   -0.    0.    0.    0.22  0.22  0.22  0.22
  0.22  0.22  0.    0.    0.    0.    0.    0.    0.    0.    0.    0.
  0.    0.    0.    0.    0.    0.    0.    0.    0.    0.    0.    0.
  0.    0.    0.    0.    0.    0.    0.    0.    0.    0.    0.    0.
  0.    0.    0.    0.    0.    0.    0.    0.    0.    0.    0.    0.
  0.    0.    0.    0.    0.    0.    0.    0.    0.    0.    0.    0.  ]"
4066,27.5,30,20.45,198.0,2023-01-27 09:42:24,552.2,327.3,5.0,"[ 1.26  1.26  1.26  1.17  1.17  1.17  1.17  1.17  1.17  1.17  1.17  1.17
  1.17  1.17  1.17  1.17  1.17 -0.   -0.   -0.   -0.   -0.    0.    0.
  0.    0.    0.   -0.   -0.   -0.   -0.   -0.   -0.   -0.   -0.   -0.
 -0.    0.    0.    0.    0.    0.    0.    0.    0.    0.    0.    0.
  0.    0.    0.    0.    0.    0.    0.    0.    0.    0.    0.    0.
  0.    0.    0.    0.    0.    0.    0.    0.    0.    0.    0.    0.
  0.    0.    0.    0.    0.    0.    0.    0.    0.    0.    0.    0.
  0.    0.    0.    0.    0.    0.    0.    0.    0.    0.    0.    0.  ]"
4067,27.5,30,102.76,198.0,2023-01-27 10:24:10,2671.7,1594.5,24.3,"[ 6.6   6.6   6.6   6.6   6.6   6.6   6.6   6.6   6.6   6.6   6.6   6.6
  6.6   6.6   0.59  0.59  0.59  0.59  0.59  0.6   0.6   0.6  -0.   -0.
 -0.   -0.   -0.   -0.   -0.   -0.   -0.   -0.   -0.   -0.    0.    0.
  0.    0.    0.    0.    0.    0.    0.    0.    0.    0.    0.    0.
  0.    0.    0.    0.    0.    0.    0.    0.    0.    0.    0.    0.
  0.    0.    0.    0.    0.    0.    0.    0.    0.    0.    0.    0.
  0.    0.    0.    0.    0.    0.    0.    0.    0.    0.    0.    0.
  0.    0.    0.    0.    0.    0.    0.    0.    0.    0.    0.    0.  ]"
4069,27.5,30,86.54,198.0,2023-01-27 17:18:39,1384.6,1727.8,12.6,"[2.74 2.74 2.74 2.74 2.74 2.74 2.59 2.59 2.59 2.59 2.59 2.59 2.59 2.59
 6.6  6.6  0.   0.   0.   0.   0.   0.   0.   0.   0.   0.   0.   0.
 0.   0.   0.   0.   0.   0.   0.   0.   0.   0.   0.   0.   0.   0.
 0.   0.   0.   0.   0.   0.   0.   0.   0.   0.   0.   0.   0.   0.
 0.   0.   0.   0.   0.   0.   0.   0.   0.   0.   0.   0.   0.   0.
 0.   0.   0.   0.   0.   0.   0.   0.   0.   0.   0.   0.   0.   0.
 0.   0.   0.   0.   0.   0.   0.   0.   0.   0.   0.   0.  ]"
4070,27.5,30,95.48,198.0,2023-01-27 18:47:32,1145.8,1100.1,10.4,"[1.91 1.91 1.91 1.91 1.91 1.91 1.91 1.91 6.6  6.6  6.6  6.6  0.   0.
 0.   0.   0.   0.   0.   0.   0.   0.   0.   0.   0.   0.   0.   0.
 0.   0.   0.   0.   0.   0.   0.   0.   0.   0.   0.   0.   0.   0.
 0.   0.   0.   0.   0.   0.   0.   0.   0.   0.   0.   0.   0.   0.
 0.   0.   0.   0.   0.   0.   0.   0.   0.   0.   0.   0.   0.   0.
 0.   0.   0.   0.   0.   0.   0.   0.   0.   0.   0.   0.   0.   0.
 0.   0.   0.   0.   0.   0.   0.   0.   0.   0.   0.   0.  ]"
4071,27.5,30,74.17,198.0,2023-01-27 21:55:49,296.7,200.7,2.7,"[ 2.7  2.7  2.7  2.7 -0.  -0.  -0.  -0.  -0.  -0.  -0.  -0.  -0.  -0.
 -0.  -0.  -0.  -0.  -0.  -0.  -0.  -0.  -0.  -0.  -0.  -0.  -0.  -0.
 -0.  -0.  -0.  -0.  -0.  -0.  -0.  -0.  -0.  -0.  -0.  -0.  -0.  -0.
 -0.  -0.  -0.  -0.  -0.  -0.  -0.  -0.  -0.  -0.  -0.  -0.  -0.  -0.
 -0.  -0.  -0.  -0.  -0.  -0.  -0.  -0.  -0.  -0.  -0.  -0.  -0.  -0.
 -0.  -0.  -0.  -0.  -0.  -0.  -0.  -0.  -0.  -0.  -0.  -0.  -0.  -0.
 -0.  -0.  -0.  -0.  -0.  -0.  -0.  -0.  -0.  -0.  -0.  -0. ]"
4072,27.5,30,111.69,198.0,2023-01-27 21:57:17,1452.0,982.1,13.2,"[2.14 2.14 2.14 2.14 4.92 4.92 4.92 4.92 4.92 4.92 4.92 4.92 4.92 0.
 0.   0.   0.   0.   0.   0.   0.   0.   0.   0.   0.   0.   0.   0.
 0.   0.   0.   0.   0.   0.   0.   0.   0.   0.   0.   0.   0.   0.
 0.   0.   0.   0.   0.   0.   0.   0.   0.   0.   0.   0.   0.   0.
 0.   0.   0.   0.   0.   0.   0.   0.   0.   0.   0.   0.   0.   0.
 0.   0.   0.   0.   0.   0.   0.   0.   0.   0.   0.   0.   0.   0.
 0.   0.   0.   0.   0.   0.   0.   0.   0.   0.   0.   0.  ]"
4073,27.5,30,87.13,198.0,2023-01-28 13:52:08,958.4,648.2,8.7,"[4.98 4.98 4.98 4.98 3.73 3.73 3.73 3.73 0.   0.   0.   0.   0.   0.
 0.   0.   0.   0.   0.   0.   0.   0.   0.   0.   0.   0.   0.   0.
 0.   0.   0.   0.   0.   0.   0.   0.   0.   0.   0.   0.   0.   0.
 0.   0.   0.   0.   0.   0.   0.   0.   0.   0.   0.   0.   0.   0.
 0.   0.   0.   0.   0.   0.   0.   0.   0.   0.   0.   0.   0.   0.
 0.   0.   0.   0.   0.   0.   0.   0.   0.   0.   0.   0.   0.   0.
 0.   0.   0.   0.   0.   0.   0.   0.   0.   0.   0.   0.  ]"
4074,27.5,30,93.2,198.0,2023-01-28 14:46:57,1025.1,925.1,9.3,"[ 6.6   6.6   6.6   6.6   1.2   1.2   1.2   1.82  1.82  1.82  1.82 -0.
 -0.   -0.   -0.   -0.   -0.   -0.   -0.   -0.   -0.   -0.   -0.   -0.
 -0.   -0.   -0.   -0.   -0.   -0.   -0.   -0.   -0.   -0.   -0.   -0.
 -0.   -0.   -0.   -0.   -0.   -0.   -0.   -0.   -0.   -0.   -0.   -0.
 -0.   -0.   -0.   -0.   -0.   -0.   -0.   -0.   -0.   -0.   -0.   -0.
 -0.   -0.   -0.   -0.   -0.   -0.   -0.   -0.   -0.   -0.   -0.   -0.
 -0.   -0.   -0.   -0.   -0.   -0.   -0.   -0.   -0.   -0.   -0.   -0.
 -0.   -0.   -0.   -0.   -0.   -0.   -0.   -0.   -0.   -0.   -0.   -0.  ]"
4077,27.5,30,99.12,198.0,2023-01-29 11:41:45,1883.2,1137.1,17.1,"[ 6.6   6.6   6.6   6.6   6.6   6.6   6.6   6.6   6.6   1.14  1.14  1.14
  1.14  1.14  1.14  1.14  1.14 -0.   -0.   -0.   -0.   -0.   -0.   -0.
 -0.   -0.   -0.   -0.   -0.   -0.   -0.   -0.   -0.   -0.   -0.   -0.
 -0.   -0.   -0.   -0.   -0.   -0.   -0.   -0.   -0.   -0.   -0.   -0.
 -0.   -0.   -0.   -0.   -0.   -0.   -0.   -0.   -0.   -0.   -0.   -0.
 -0.   -0.   -0.   -0.   -0.   -0.   -0.   -0.   -0.   -0.   -0.   -0.
 -0.   -0.   -0.   -0.   -0.   -0.   -0.   -0.   -0.   -0.   -0.   -0.
 -0.   -0.   -0.   -0.   -0.   -0.   -0.   -0.   -0.   -0.   -0.   -0.  ]"
4078,27.5,30,80.04,198.0,2023-01-30 07:27:38,3842.1,2345.8,34.9,"[ 0.55  0.55  0.55  0.55  0.55  0.55  6.49  6.49  6.49  5.64  5.64  5.64
  5.64  5.64  5.64  5.64  5.64  5.64  5.64  5.64  6.6   6.6   6.6   6.6
  6.6   6.6   1.21  1.84  1.84  1.84  1.84  1.84  1.84  1.84 -0.   -0.
 -0.   -0.   -0.   -0.    0.15  0.15  0.15  0.15  0.15  0.15  0.15  0.15
 -0.   -0.   -0.   -0.   -0.   -0.   -0.   -0.   -0.   -0.   -0.   -0.
 -0.   -0.   -0.   -0.   -0.   -0.   -0.   -0.   -0.   -0.   -0.   -0.
 -0.   -0.   -0.   -0.   -0.   -0.   -0.   -0.   -0.   -0.   -0.   -0.
 -0.   -0.   -0.   -0.   -0.   -0.   -0.   -0.   -0.   -0.   -0.   -0.  ]"
4079,27.5,30,83.44,198.0,2023-01-30 08:52:35,1251.6,741.8,11.4,"[ 3.02  3.02  3.02  3.04  3.04  3.04  3.04  3.04  3.04  3.04  3.04  3.04
  3.04  3.04  3.04  0.    0.    0.    0.    0.   -0.   -0.   -0.   -0.
 -0.   -0.   -0.   -0.   -0.   -0.   -0.   -0.   -0.   -0.   -0.   -0.
 -0.   -0.   -0.   -0.   -0.   -0.    0.    0.    0.    0.    0.    0.
  0.    0.    0.    0.    0.    0.    0.    0.    0.    0.    0.    0.
  0.    0.    0.    0.    0.    0.    0.    0.    0.    0.    0.    0.
  0.    0.    0.    0.    0.    0.    0.    0.    0.    0.    0.    0.
  0.    0.    0.    0.    0.    0.    0.    0.    0.    0.    0.    0.  ]"
4080,27.5,30,181.5,198.0,2023-01-30 08:52:40,2722.5,1613.7,24.8,"[ 6.6  6.6  6.6  6.6  6.6  6.6  6.6  6.6  6.6  6.6  6.6  6.6  6.6  6.6
  6.6 -0.  -0.  -0.  -0.  -0.   0.   0.   0.   0.   0.   0.   0.   0.
  0.   0.   0.   0.   0.   0.   0.   0.   0.   0.   0.   0.   0.   0.
 -0.  -0.  -0.  -0.  -0.  -0.  -0.  -0.  -0.  -0.  -0.  -0.  -0.  -0.
 -0.  -0.  -0.  -0.  -0.  -0.  -0.  -0.  -0.  -0.  -0.  -0.  -0.  -0.
 -0.  -0.  -0.  -0.  -0.  -0.  -0.  -0.  -0.  -0.  -0.  -0.  -0.  -0.
 -0.  -0.  -0.  -0.  -0.  -0.  -0.  -0.  -0.  -0.  -0.  -0. ]"
4081,27.5,30,70.25,198.0,2023-01-30 09:36:38,2318.2,1396.9,21.1,"[ 3.16  3.16  3.16  3.16  3.16  3.16  3.16  3.16  3.16  3.16  3.16  6.6
  6.6   6.6   6.6   6.6   6.6   0.96  1.28  1.28  1.28  1.28  1.28  1.28
  1.28 -0.   -0.   -0.   -0.   -0.   -0.   -0.   -0.   -0.   -0.   -0.
 -0.   -0.   -0.   -0.   -0.   -0.   -0.   -0.   -0.   -0.   -0.   -0.
 -0.   -0.   -0.   -0.   -0.   -0.   -0.   -0.   -0.   -0.   -0.   -0.
 -0.   -0.   -0.   -0.   -0.   -0.   -0.   -0.   -0.   -0.   -0.   -0.
 -0.   -0.   -0.   -0.   -0.   -0.   -0.   -0.   -0.   -0.   -0.   -0.
 -0.   -0.   -0.   -0.   -0.   -0.   -0.   -0.   -0.   -0.   -0.   -0.  ]"
4082,27.5,30,22.51,198.0,2023-01-30 09:43:38,675.3,400.5,6.1,"[ 0.09  0.09  0.09  0.09  0.09  0.09  0.09  0.09  0.09  0.09  0.09  3.92
  3.92  3.92  3.92  3.92  3.92  0.    0.01  0.01  0.01  0.01  0.01  0.01
  0.01 -0.   -0.   -0.   -0.   -0.    0.    0.    0.    0.    0.    0.
  0.    0.    0.    0.    0.    0.    0.    0.    0.    0.    0.    0.
  0.    0.    0.    0.    0.    0.    0.    0.    0.    0.    0.    0.
  0.    0.    0.    0.    0.    0.    0.    0.    0.    0.    0.    0.
  0.    0.    0.    0.    0.    0.    0.    0.    0.    0.    0.    0.
  0.    0.    0.    0.    0.    0.    0.    0.    0.    0.    0.    0.  ]"
4083,27.5,30,87.85,198.0,2023-01-30 12:29:05,1669.1,1037.9,15.2,"[ 6.6   6.6   6.6   6.6   6.6   6.6   3.01  2.58  2.58  2.58  2.58  2.58
  2.58  2.58 -0.   -0.   -0.   -0.   -0.   -0.   -0.   -0.    0.    0.
  0.    0.    0.    0.   -0.   -0.   -0.   -0.   -0.   -0.   -0.   -0.
 -0.   -0.   -0.   -0.   -0.   -0.   -0.   -0.   -0.   -0.   -0.   -0.
 -0.   -0.   -0.   -0.   -0.   -0.   -0.   -0.   -0.   -0.   -0.   -0.
 -0.   -0.   -0.   -0.   -0.   -0.   -0.   -0.   -0.   -0.   -0.   -0.
 -0.   -0.   -0.   -0.   -0.   -0.   -0.   -0.   -0.   -0.   -0.   -0.
 -0.   -0.   -0.   -0.   -0.   -0.   -0.   -0.   -0.   -0.   -0.   -0.  ]"
4084,27.5,30,86.56,198.0,2023-01-30 14:13:50,1125.3,761.1,10.2,"[ 5.85  5.85  5.85  5.85  5.85  5.85  5.85 -0.   -0.   -0.   -0.   -0.
 -0.   -0.   -0.   -0.   -0.   -0.   -0.   -0.   -0.    0.    0.    0.
  0.    0.    0.    0.    0.    0.    0.    0.    0.    0.    0.    0.
  0.    0.    0.    0.    0.    0.    0.    0.    0.    0.    0.    0.
  0.    0.    0.    0.    0.    0.    0.    0.    0.    0.    0.    0.
  0.    0.    0.    0.    0.    0.    0.    0.    0.    0.    0.    0.
  0.    0.    0.    0.    0.    0.    0.    0.    0.    0.    0.    0.
  0.    0.    0.    0.    0.    0.    0.    0.    0.    0.    0.    0.  ]"
4085,27.5,30,0.03,198.0,2023-01-30 17:21:01,0.1,0.2,0.0,"[ 0.  0.  0.  0.  0. -0. -0. -0. -0. -0. -0. -0. -0. -0. -0. -0. -0. -0.
 -0. -0. -0. -0. -0. -0. -0. -0. -0. -0. -0. -0. -0. -0. -0. -0. -0. -0.
 -0. -0. -0. -0. -0. -0. -0. -0. -0. -0. -0. -0. -0. -0. -0. -0. -0. -0.
 -0. -0. -0. -0. -0. -0. -0. -0. -0. -0. -0. -0. -0. -0. -0. -0. -0. -0.
 -0. -0. -0. -0. -0. -0. -0. -0. -0. -0. -0. -0. -0. -0. -0. -0. -0. -0.
 -0. -0. -0. -0. -0. -0.]"
4086,27.5,30,86.42,198.0,2023-01-30 21:55:35,345.7,233.8,3.1,"[ 3.14  3.14  3.14  3.14 -0.   -0.   -0.   -0.   -0.   -0.   -0.   -0.
 -0.   -0.   -0.   -0.   -0.   -0.   -0.   -0.   -0.   -0.   -0.   -0.
 -0.   -0.   -0.   -0.   -0.   -0.   -0.   -0.   -0.   -0.   -0.   -0.
 -0.   -0.   -0.   -0.   -0.   -0.   -0.   -0.   -0.   -0.   -0.   -0.
 -0.   -0.   -0.   -0.   -0.   -0.   -0.   -0.   -0.   -0.   -0.   -0.
 -0.   -0.   -0.   -0.   -0.   -0.   -0.   -0.   -0.   -0.   -0.   -0.
 -0.   -0.   -0.   -0.   -0.   -0.   -0.   -0.   -0.   -0.   -0.   -0.
 -0.   -0.   -0.   -0.   -0.   -0.   -0.   -0.   -0.   -0.   -0.   -0.  ]"
4087,27.5,30,164.59,198.0,2023-01-31 07:38:43,7570.9,6042.0,68.8,"[6.6  6.6  6.6  6.6  6.6  6.6  6.6  6.6  6.6  6.6  6.6  6.6  6.6  6.6
 6.6  6.6  6.6  6.6  6.6  6.6  6.6  6.6  6.6  6.6  6.6  6.6  6.6  6.6
 6.6  6.6  6.6  6.6  6.6  4.15 4.15 4.15 3.57 3.57 3.57 4.26 4.26 4.26
 4.85 4.85 5.93 5.93 0.   0.   0.   0.   0.   0.   0.   0.   0.   0.
 0.   0.   0.   0.   0.   0.   0.   0.   0.   0.   0.   0.   0.   0.
 0.   0.   0.   0.   0.   0.   0.   0.   0.   0.   0.   0.   0.   0.
 0.   0.   0.   0.   0.   0.   0.   0.   0.   0.   0.   0.  ]"
4088,27.5,30,85.81,198.0,2023-01-31 07:41:52,1630.3,966.3,14.8,"[-0.   -0.   -0.    0.   -0.    4.24  4.24  4.24  4.23  4.23  4.23  4.23
  4.23  4.23  4.23  4.23  4.23  4.23  4.23  0.    0.    0.    0.    0.
  0.    0.    0.    0.    0.    0.    0.    0.    0.   -0.   -0.   -0.
 -0.   -0.   -0.   -0.   -0.   -0.   -0.   -0.   -0.   -0.    0.    0.
  0.    0.    0.    0.    0.    0.    0.    0.    0.    0.    0.    0.
  0.    0.    0.    0.    0.    0.    0.    0.    0.    0.    0.    0.
  0.    0.    0.    0.    0.    0.    0.    0.    0.    0.    0.    0.
  0.    0.    0.    0.    0.    0.    0.    0.    0.    0.    0.    0.  ]"
4089,27.5,30,91.25,198.0,2023-01-31 08:21:50,1460.0,865.4,13.3,"[ 0.   -0.    3.79  3.79  3.79  3.79  3.79  3.79  3.79  3.79  3.79  3.79
  3.79  3.79  3.79  3.79  0.    0.    0.    0.    0.    0.    0.    0.
  0.    0.    0.    0.    0.    0.   -0.   -0.   -0.   -0.   -0.   -0.
 -0.   -0.   -0.   -0.   -0.   -0.   -0.   -0.   -0.   -0.   -0.   -0.
 -0.   -0.   -0.   -0.   -0.   -0.   -0.   -0.   -0.   -0.   -0.   -0.
 -0.   -0.   -0.   -0.   -0.   -0.   -0.   -0.   -0.   -0.   -0.   -0.
 -0.   -0.   -0.   -0.   -0.   -0.   -0.   -0.   -0.   -0.   -0.   -0.
 -0.   -0.   -0.   -0.   -0.   -0.   -0.   -0.   -0.   -0.   -0.   -0.  ]"
4090,27.5,30,89.97,198.0,2023-01-31 08:32:55,2969.1,1902.4,27.0,"[-0.    1.98  1.98  1.98  1.4   1.4   1.4   1.4   1.4   1.4   1.43  1.43
  1.43  1.43  1.43  6.24  6.24  6.24  6.24  6.24  6.24  5.95  5.95  5.95
  5.95  5.95  5.95  5.96  5.96  0.35  0.35  0.35  0.35  0.    0.    0.
  0.    0.    0.    0.    0.    0.   -0.   -0.   -0.   -0.   -0.   -0.
 -0.   -0.   -0.   -0.   -0.   -0.   -0.   -0.   -0.   -0.   -0.   -0.
 -0.   -0.   -0.   -0.   -0.   -0.   -0.   -0.   -0.   -0.   -0.   -0.
 -0.   -0.   -0.   -0.   -0.   -0.   -0.   -0.   -0.   -0.   -0.   -0.
 -0.   -0.   -0.   -0.   -0.   -0.   -0.   -0.   -0.   -0.   -0.   -0.  ]"
4091,27.5,30,65.79,198.0,2023-01-31 08:52:52,2368.6,1519.4,21.5,"[ 1.83  1.83  1.83  1.83  1.83  1.83  1.83  1.83  1.83  2.67  2.67  2.67
  2.67  2.67  3.47  3.47  3.47  3.47  3.47  3.47  4.2   4.2   4.2   4.2
  4.2   4.2   4.36  4.36  0.18  0.18  0.18  0.15  0.15  0.15  0.3   0.3
 -0.   -0.   -0.   -0.   -0.    0.    0.    0.    0.    0.    0.    0.
  0.    0.    0.    0.    0.    0.    0.    0.    0.    0.    0.    0.
  0.    0.    0.    0.    0.    0.    0.    0.    0.    0.    0.    0.
  0.    0.    0.    0.    0.    0.    0.    0.    0.    0.    0.    0.
  0.    0.    0.    0.    0.    0.    0.    0.    0.    0.    0.    0.  ]"
4092,27.5,30,15.81,198.0,2023-01-31 08:56:17,411.1,248.1,3.7,"[ 0.78  0.78  0.78  0.58  0.58  0.58  0.58  0.58  0.58  0.78  0.78  0.78
  0.78  0.78  0.54  0.54  0.54  0.54  0.54  0.54  0.32  0.32  0.32  0.32
  0.32  0.32 -0.   -0.    0.    0.    0.    0.   -0.   -0.   -0.   -0.
 -0.   -0.   -0.   -0.   -0.   -0.   -0.   -0.   -0.   -0.   -0.   -0.
 -0.   -0.   -0.   -0.   -0.   -0.   -0.   -0.   -0.   -0.   -0.   -0.
 -0.   -0.   -0.   -0.   -0.   -0.   -0.   -0.   -0.   -0.   -0.   -0.
 -0.   -0.   -0.   -0.   -0.   -0.   -0.   -0.   -0.   -0.   -0.   -0.
 -0.   -0.   -0.   -0.   -0.   -0.   -0.   -0.   -0.   -0.   -0.   -0.  ]"
4093,27.5,30,82.35,198.0,2023-01-31 09:42:06,2141.2,1327.2,19.5,"[ 4.87  4.87  4.87  4.87  4.87  4.87  0.68  0.68  0.68  0.68  0.68  3.33
  3.33  3.33  3.33  3.33  3.33  3.11  3.11  3.11  3.11  3.11  3.11  3.27
  3.27  0.   -0.   -0.   -0.   -0.   -0.   -0.   -0.   -0.   -0.   -0.
 -0.   -0.   -0.   -0.   -0.   -0.   -0.   -0.   -0.   -0.   -0.   -0.
 -0.   -0.   -0.   -0.   -0.   -0.   -0.   -0.   -0.   -0.   -0.   -0.
 -0.   -0.   -0.   -0.   -0.   -0.   -0.   -0.   -0.   -0.   -0.   -0.
 -0.   -0.   -0.   -0.   -0.   -0.   -0.   -0.   -0.   -0.   -0.   -0.
 -0.   -0.   -0.   -0.   -0.   -0.   -0.   -0.   -0.   -0.   -0.   -0.  ]"
4094,10.0,30,32.52,198.0,2023-01-31 11:01:57,162.6,265.0,4.1,"[ 3.25  3.25  3.25  3.25  3.25 -0.   -0.   -0.   -0.   -0.   -0.   -0.
 -0.   -0.   -0.   -0.   -0.   -0.   -0.    0.    0.    0.    0.    0.
  0.    0.    0.    0.    0.    0.    0.    0.   -0.   -0.   -0.   -0.
 -0.   -0.   -0.   -0.   -0.   -0.   -0.   -0.   -0.   -0.   -0.   -0.
 -0.   -0.   -0.   -0.   -0.   -0.   -0.   -0.   -0.   -0.   -0.   -0.
 -0.   -0.   -0.   -0.   -0.   -0.   -0.   -0.   -0.   -0.   -0.   -0.
 -0.   -0.   -0.   -0.   -0.   -0.   -0.   -0.   -0.   -0.   -0.   -0.
 -0.   -0.   -0.   -0.   -0.   -0.   -0.   -0.   -0.   -0.   -0.   -0.  ]"
4095,27.5,30,75.22,198.0,2023-01-31 15:52:44,451.3,654.8,4.1,"[ 3.08  3.08  3.08  2.39  2.39  2.39 -0.   -0.   -0.   -0.   -0.   -0.
 -0.   -0.   -0.   -0.   -0.   -0.   -0.   -0.   -0.   -0.   -0.   -0.
 -0.   -0.   -0.   -0.   -0.   -0.   -0.   -0.   -0.   -0.   -0.   -0.
 -0.   -0.   -0.   -0.   -0.   -0.   -0.   -0.   -0.   -0.   -0.   -0.
 -0.   -0.   -0.   -0.   -0.   -0.   -0.   -0.   -0.   -0.   -0.   -0.
 -0.   -0.   -0.   -0.   -0.   -0.   -0.   -0.   -0.   -0.   -0.   -0.
 -0.   -0.   -0.   -0.   -0.   -0.   -0.   -0.   -0.   -0.   -0.   -0.
 -0.   -0.   -0.   -0.   -0.   -0.   -0.   -0.   -0.   -0.   -0.   -0.  ]"
4096,27.5,30,80.47,198.0,2023-01-31 16:33:45,643.8,934.1,5.9,"[2.17 2.17 2.17 3.15 3.15 3.15 3.73 3.73 0.   0.   0.   0.   0.   0.
 0.   0.   0.   0.   0.   0.   0.   0.   0.   0.   0.   0.   0.   0.
 0.   0.   0.   0.   0.   0.   0.   0.   0.   0.   0.   0.   0.   0.
 0.   0.   0.   0.   0.   0.   0.   0.   0.   0.   0.   0.   0.   0.
 0.   0.   0.   0.   0.   0.   0.   0.   0.   0.   0.   0.   0.   0.
 0.   0.   0.   0.   0.   0.   0.   0.   0.   0.   0.   0.   0.   0.
 0.   0.   0.   0.   0.   0.   0.   0.   0.   0.   0.   0.  ]"
4097,27.5,30,39.93,198.0,2023-01-31 16:39:10,239.6,347.6,2.2,"[ 1.74  1.74  1.74  1.16  1.16  1.16 -0.   -0.   -0.   -0.   -0.   -0.
 -0.   -0.   -0.   -0.   -0.   -0.   -0.   -0.   -0.   -0.   -0.   -0.
 -0.   -0.   -0.   -0.   -0.   -0.   -0.   -0.   -0.   -0.   -0.   -0.
 -0.   -0.   -0.   -0.   -0.   -0.   -0.   -0.   -0.   -0.   -0.   -0.
 -0.   -0.   -0.   -0.   -0.   -0.   -0.   -0.   -0.   -0.   -0.   -0.
 -0.   -0.   -0.   -0.   -0.   -0.   -0.   -0.   -0.   -0.   -0.   -0.
 -0.   -0.   -0.   -0.   -0.   -0.   -0.   -0.   -0.   -0.   -0.   -0.
 -0.   -0.   -0.   -0.   -0.   -0.   -0.   -0.   -0.   -0.   -0.   -0.  ]"
4098,27.5,30,90.59,198.0,2023-01-31 17:16:40,724.7,1051.5,6.6,"[ 2.43  2.43  2.43  2.41  2.41  4.66  4.66  4.92 -0.   -0.   -0.   -0.
 -0.   -0.   -0.   -0.   -0.   -0.   -0.   -0.   -0.   -0.   -0.   -0.
 -0.   -0.   -0.   -0.   -0.   -0.   -0.   -0.   -0.   -0.   -0.   -0.
 -0.   -0.   -0.   -0.   -0.   -0.   -0.   -0.   -0.   -0.   -0.   -0.
 -0.   -0.   -0.   -0.   -0.   -0.   -0.   -0.   -0.   -0.   -0.   -0.
 -0.   -0.   -0.   -0.   -0.   -0.   -0.   -0.   -0.   -0.   -0.   -0.
 -0.   -0.   -0.   -0.   -0.   -0.   -0.   -0.   -0.   -0.   -0.   -0.
 -0.   -0.   -0.   -0.   -0.   -0.   -0.   -0.   -0.   -0.   -0.   -0.  ]"
4099,27.5,30,94.34,198.0,2023-01-31 22:17:00,283.0,191.4,2.6,"[ 3.43  3.43  3.43 -0.   -0.   -0.   -0.   -0.   -0.   -0.   -0.   -0.
 -0.   -0.   -0.   -0.   -0.   -0.   -0.   -0.   -0.   -0.   -0.   -0.
 -0.   -0.   -0.   -0.   -0.   -0.   -0.   -0.   -0.   -0.   -0.   -0.
 -0.   -0.   -0.   -0.   -0.   -0.   -0.   -0.   -0.   -0.   -0.   -0.
 -0.   -0.   -0.   -0.   -0.   -0.   -0.   -0.   -0.   -0.   -0.   -0.
 -0.   -0.   -0.   -0.   -0.   -0.   -0.   -0.   -0.   -0.   -0.   -0.
 -0.   -0.   -0.   -0.   -0.   -0.   -0.   -0.   -0.   -0.   -0.   -0.
 -0.   -0.   -0.   -0.   -0.   -0.   -0.   -0.   -0.   -0.   -0.   -0.  ]"
