,dcosId,z_sch,z_reg,start_time,charging_revenue,TOU_cost,energy_delivered,power_profile
0,3854,22.5,30,2023-01-02 10:21:06,1464.9,1122.2,16.3,"[3.61 2.69 2.69 2.69 2.69 2.69 2.69 2.69 2.69 2.69 2.69 2.69 2.69 2.69
 2.69 5.95 5.95 5.95 5.95 0.   0.   0.   0.   0.   0.   0.   0.   0.
 0.   0.   0.   0.   0.   0.   0.   0.   0.   0.   0.   0.   0.   0.
 0.   0.   0.   0.   0.   0.   0.   0.   0.   0.   0.   0.   0.   0.
 0.   0.   0.   0.   0.   0.   0.   0.   0.   0.   0.   0.   0.   0.
 0.   0.   0.   0.   0.   0.   0.   0.   0.   0.   0.   0.   0.   0.
 0.   0.   0.   0.   0.   0.   0.   0.   0.   0.   0.   0.  ]"
1,3855,15.0,30,2023-01-02 10:31:41,683.6,750.4,11.4,"[3.26 3.26 3.26 3.26 3.26 3.26 3.26 3.26 3.26 3.26 3.26 3.26 3.26 3.26
 0.   0.   0.   0.   0.   0.   0.   0.   0.   0.   0.   0.   0.   0.
 0.   0.   0.   0.   0.   0.   0.   0.   0.   0.   0.   0.   0.   0.
 0.   0.   0.   0.   0.   0.   0.   0.   0.   0.   0.   0.   0.   0.
 0.   0.   0.   0.   0.   0.   0.   0.   0.   0.   0.   0.   0.   0.
 0.   0.   0.   0.   0.   0.   0.   0.   0.   0.   0.   0.   0.   0.
 0.   0.   0.   0.   0.   0.   0.   0.   0.   0.   0.   0.  ]"
2,3856,17.5,30,2023-01-02 10:39:57,1075.5,1041.0,15.4,"[3.41 3.41 3.41 3.41 3.41 3.41 3.41 3.41 3.41 3.41 3.41 3.41 3.41 3.41
 3.41 3.41 3.41 3.41 0.   0.   0.   0.   0.   0.   0.   0.   0.   0.
 0.   0.   0.   0.   0.   0.   0.   0.   0.   0.   0.   0.   0.   0.
 0.   0.   0.   0.   0.   0.   0.   0.   0.   0.   0.   0.   0.   0.
 0.   0.   0.   0.   0.   0.   0.   0.   0.   0.   0.   0.   0.   0.
 0.   0.   0.   0.   0.   0.   0.   0.   0.   0.   0.   0.   0.   0.
 0.   0.   0.   0.   0.   0.   0.   0.   0.   0.   0.   0.  ]"
3,3858,27.5,30,2023-01-03 06:20:28,281.3,190.3,2.6,"[1.28 1.28 1.28 1.28 1.28 1.28 1.28 1.28 0.   0.   0.   0.   0.   0.
 0.   0.   0.   0.   0.   0.   0.   0.   0.   0.   0.   0.   0.   0.
 0.   0.   0.   0.   0.   0.   0.   0.   0.   0.   0.   0.   0.   0.
 0.   0.   0.   0.   0.   0.   0.   0.   0.   0.   0.   0.   0.   0.
 0.   0.   0.   0.   0.   0.   0.   0.   0.   0.   0.   0.   0.   0.
 0.   0.   0.   0.   0.   0.   0.   0.   0.   0.   0.   0.   0.   0.
 0.   0.   0.   0.   0.   0.   0.   0.   0.   0.   0.   0.  ]"
4,3859,27.5,30,2023-01-03 08:56:37,2703.5,1761.2,24.6,"[5.16 5.16 5.16 5.16 5.16 3.01 3.01 3.01 3.01 3.01 3.01 3.01 3.01 2.73
 2.73 2.73 2.73 2.73 2.73 2.73 2.73 2.73 2.73 2.73 2.73 2.73 4.29 4.29
 4.29 0.   0.   0.   0.   0.   0.   0.   0.   0.   0.   0.   0.   0.
 0.   0.   0.   0.   0.   0.   0.   0.   0.   0.   0.   0.   0.   0.
 0.   0.   0.   0.   0.   0.   0.   0.   0.   0.   0.   0.   0.   0.
 0.   0.   0.   0.   0.   0.   0.   0.   0.   0.   0.   0.   0.   0.
 0.   0.   0.   0.   0.   0.   0.   0.   0.   0.   0.   0.  ]"
5,3860,27.5,30,2023-01-03 10:14:40,1834.9,1117.9,16.7,"[4.77 4.77 4.77 4.77 4.77 4.77 4.77 4.77 2.2  2.2  2.2  2.2  2.2  2.2
 2.2  2.2  2.2  2.2  2.2  2.2  2.2  0.   0.   0.   0.   0.   0.   0.
 0.   0.   0.   0.   0.   0.   0.   0.   0.   0.   0.   0.   0.   0.
 0.   0.   0.   0.   0.   0.   0.   0.   0.   0.   0.   0.   0.   0.
 0.   0.   0.   0.   0.   0.   0.   0.   0.   0.   0.   0.   0.   0.
 0.   0.   0.   0.   0.   0.   0.   0.   0.   0.   0.   0.   0.   0.
 0.   0.   0.   0.   0.   0.   0.   0.   0.   0.   0.   0.  ]"
6,3861,17.5,30,2023-01-03 12:06:44,1300.5,1667.3,18.6,"[4.43 4.43 4.43 4.43 4.43 4.43 4.43 4.43 4.43 4.43 4.43 4.43 4.43 0.
 0.   0.   2.39 2.39 2.39 2.39 2.39 2.39 2.39 0.   0.   0.   0.   0.
 0.   0.   0.   0.   0.   0.   0.   0.   0.   0.   0.   0.   0.   0.
 0.   0.   0.   0.   0.   0.   0.   0.   0.   0.   0.   0.   0.   0.
 0.   0.   0.   0.   0.   0.   0.   0.   0.   0.   0.   0.   0.   0.
 0.   0.   0.   0.   0.   0.   0.   0.   0.   0.   0.   0.   0.   0.
 0.   0.   0.   0.   0.   0.   0.   0.   0.   0.   0.   0.  ]"
7,3862,15.0,30,2023-01-03 15:24:24,510.3,1141.4,8.5,"[5.07 5.07 1.75 2.64 2.64 2.64 2.64 2.64 2.64 2.64 3.65 0.   0.   0.
 0.   0.   0.   0.   0.   0.   0.   0.   0.   0.   0.   0.   0.   0.
 0.   0.   0.   0.   0.   0.   0.   0.   0.   0.   0.   0.   0.   0.
 0.   0.   0.   0.   0.   0.   0.   0.   0.   0.   0.   0.   0.   0.
 0.   0.   0.   0.   0.   0.   0.   0.   0.   0.   0.   0.   0.   0.
 0.   0.   0.   0.   0.   0.   0.   0.   0.   0.   0.   0.   0.   0.
 0.   0.   0.   0.   0.   0.   0.   0.   0.   0.   0.   0.  ]"
8,3863,27.5,30,2023-01-04 06:22:36,282.5,191.1,2.6,"[1.71 1.71 1.71 1.71 1.71 1.71 0.   0.   0.   0.   0.   0.   0.   0.
 0.   0.   0.   0.   0.   0.   0.   0.   0.   0.   0.   0.   0.   0.
 0.   0.   0.   0.   0.   0.   0.   0.   0.   0.   0.   0.   0.   0.
 0.   0.   0.   0.   0.   0.   0.   0.   0.   0.   0.   0.   0.   0.
 0.   0.   0.   0.   0.   0.   0.   0.   0.   0.   0.   0.   0.   0.
 0.   0.   0.   0.   0.   0.   0.   0.   0.   0.   0.   0.   0.   0.
 0.   0.   0.   0.   0.   0.   0.   0.   0.   0.   0.   0.  ]"
9,3864,27.5,30,2023-01-04 07:48:17,6534.0,4678.1,59.4,"[6.6 6.6 6.6 6.6 6.6 6.6 6.6 6.6 6.6 6.6 6.6 6.6 6.6 6.6 6.6 6.6 6.6 6.6
 6.6 6.6 6.6 6.6 6.6 6.6 6.6 6.6 6.6 6.6 6.6 6.6 6.6 6.6 6.6 6.6 6.6 6.6
 0.  0.  0.  0.  0.  0.  0.  0.  0.  0.  0.  0.  0.  0.  0.  0.  0.  0.
 0.  0.  0.  0.  0.  0.  0.  0.  0.  0.  0.  0.  0.  0.  0.  0.  0.  0.
 0.  0.  0.  0.  0.  0.  0.  0.  0.  0.  0.  0.  0.  0.  0.  0.  0.  0.
 0.  0.  0.  0.  0.  0. ]"
10,3865,10.0,30,2023-01-04 08:26:36,267.7,436.4,6.7,"[0.   0.   1.91 1.91 1.91 1.91 1.91 1.91 1.91 1.91 1.91 1.91 1.91 1.91
 1.91 1.91 0.   0.   0.   0.   0.   0.   0.   0.   0.   0.   0.   0.
 0.   0.   0.   0.   0.   0.   0.   0.   0.   0.   0.   0.   0.   0.
 0.   0.   0.   0.   0.   0.   0.   0.   0.   0.   0.   0.   0.   0.
 0.   0.   0.   0.   0.   0.   0.   0.   0.   0.   0.   0.   0.   0.
 0.   0.   0.   0.   0.   0.   0.   0.   0.   0.   0.   0.   0.   0.
 0.   0.   0.   0.   0.   0.   0.   0.   0.   0.   0.   0.  ]"
11,3866,10.0,30,2023-01-04 08:59:28,476.9,777.3,11.9,"[2.74 2.74 2.74 2.74 2.74 2.74 2.74 2.74 2.74 2.74 2.74 2.74 2.74 2.74
 4.65 4.65 0.   0.   0.   0.   0.   0.   0.   0.   0.   0.   0.   0.
 0.   0.   0.   0.   0.   0.   0.   0.   0.   0.   0.   0.   0.   0.
 0.   0.   0.   0.   0.   0.   0.   0.   0.   0.   0.   0.   0.   0.
 0.   0.   0.   0.   0.   0.   0.   0.   0.   0.   0.   0.   0.   0.
 0.   0.   0.   0.   0.   0.   0.   0.   0.   0.   0.   0.   0.   0.
 0.   0.   0.   0.   0.   0.   0.   0.   0.   0.   0.   0.  ]"
12,3868,15.0,30,2023-01-04 12:32:15,783.5,918.0,13.1,"[4.65 4.65 4.65 4.65 4.65 3.62 3.62 3.62 3.62 3.62 3.62 3.62 3.62 0.
 0.   0.   0.   0.   0.   0.   0.   0.   0.   0.   0.   0.   0.   0.
 0.   0.   0.   0.   0.   0.   0.   0.   0.   0.   0.   0.   0.   0.
 0.   0.   0.   0.   0.   0.   0.   0.   0.   0.   0.   0.   0.   0.
 0.   0.   0.   0.   0.   0.   0.   0.   0.   0.   0.   0.   0.   0.
 0.   0.   0.   0.   0.   0.   0.   0.   0.   0.   0.   0.   0.   0.
 0.   0.   0.   0.   0.   0.   0.   0.   0.   0.   0.   0.  ]"
13,3869,27.5,30,2023-01-05 06:19:10,968.0,654.7,8.8,"[5.03 5.03 5.03 5.03 5.03 5.03 5.03 0.   0.   0.   0.   0.   0.   0.
 0.   0.   0.   0.   0.   0.   0.   0.   0.   0.   0.   0.   0.   0.
 0.   0.   0.   0.   0.   0.   0.   0.   0.   0.   0.   0.   0.   0.
 0.   0.   0.   0.   0.   0.   0.   0.   0.   0.   0.   0.   0.   0.
 0.   0.   0.   0.   0.   0.   0.   0.   0.   0.   0.   0.   0.   0.
 0.   0.   0.   0.   0.   0.   0.   0.   0.   0.   0.   0.   0.   0.
 0.   0.   0.   0.   0.   0.   0.   0.   0.   0.   0.   0.  ]"
14,3870,27.5,30,2023-01-05 07:39:15,1579.2,942.6,14.4,"[0.   0.   0.   0.   0.   2.87 2.51 2.51 2.51 2.51 2.51 2.51 2.51 2.51
 2.51 2.51 2.51 2.51 2.51 2.51 3.31 3.31 3.31 3.31 3.31 0.   0.   0.
 0.   0.   0.96 0.96 0.96 0.   0.   0.   0.   0.   0.   0.   0.   0.
 0.   0.   0.   0.   0.   0.   0.   0.   0.   0.   0.   0.   0.   0.
 0.   0.   0.   0.   0.   0.   0.   0.   0.   0.   0.   0.   0.   0.
 0.   0.   0.   0.   0.   0.   0.   0.   0.   0.   0.   0.   0.   0.
 0.   0.   0.   0.   0.   0.   0.   0.   0.   0.   0.   0.  ]"
15,3871,27.5,30,2023-01-05 09:03:50,1264.2,749.3,11.5,"[3.28 3.28 3.28 3.28 3.28 3.28 3.28 3.28 3.28 3.28 3.28 3.28 3.28 3.28
 0.   0.   0.   0.   0.   0.   0.   0.   0.   0.   0.   0.   0.   0.
 0.   0.   0.   0.   0.   0.   0.   0.   0.   0.   0.   0.   0.   0.
 0.   0.   0.   0.   0.   0.   0.   0.   0.   0.   0.   0.   0.   0.
 0.   0.   0.   0.   0.   0.   0.   0.   0.   0.   0.   0.   0.   0.
 0.   0.   0.   0.   0.   0.   0.   0.   0.   0.   0.   0.   0.   0.
 0.   0.   0.   0.   0.   0.   0.   0.   0.   0.   0.   0.  ]"
16,3872,27.5,30,2023-01-05 15:06:51,1018.4,1055.8,9.3,"[6.6 6.6 6.6 2.  2.  2.2 2.2 2.2 2.2 2.2 2.2 0.  0.  0.  0.  0.  0.  0.
 0.  0.  0.  0.  0.  0.  0.  0.  0.  0.  0.  0.  0.  0.  0.  0.  0.  0.
 0.  0.  0.  0.  0.  0.  0.  0.  0.  0.  0.  0.  0.  0.  0.  0.  0.  0.
 0.  0.  0.  0.  0.  0.  0.  0.  0.  0.  0.  0.  0.  0.  0.  0.  0.  0.
 0.  0.  0.  0.  0.  0.  0.  0.  0.  0.  0.  0.  0.  0.  0.  0.  0.  0.
 0.  0.  0.  0.  0.  0. ]"
17,3873,27.5,30,2023-01-06 07:39:24,3849.6,2718.1,35.0,"[3.86 3.86 3.86 2.26 2.26 2.25 2.98 3.33 3.33 3.2  3.2  3.2  3.45 3.45
 3.45 3.45 3.45 4.22 4.22 4.22 4.22 4.22 4.22 4.22 4.22 4.22 4.22 4.22
 4.83 4.83 4.83 4.83 6.21 6.6  6.6  0.   0.   0.   0.   0.   0.   0.
 0.   0.   0.   0.   0.   0.   0.   0.   0.   0.   0.   0.   0.   0.
 0.   0.   0.   0.   0.   0.   0.   0.   0.   0.   0.   0.   0.   0.
 0.   0.   0.   0.   0.   0.   0.   0.   0.   0.   0.   0.   0.   0.
 0.   0.   0.   0.   0.   0.   0.   0.   0.   0.   0.   0.  ]"
18,3874,27.5,30,2023-01-06 07:40:46,1374.5,832.3,12.5,"[0.   0.   0.   3.82 3.82 3.82 3.47 3.51 3.51 3.5  3.5  3.5  3.5  3.5
 3.5  3.5  3.5  0.   0.   0.   0.   0.   0.   0.   0.   0.   0.   0.
 0.   0.   0.   0.   0.   0.   0.   0.   0.   0.   0.   0.   0.   0.
 0.   0.   0.   0.   0.   0.   0.   0.   0.   0.   0.   0.   0.   0.
 0.   0.   0.   0.   0.   0.   0.   0.   0.   0.   0.   0.   0.   0.
 0.   0.   0.   0.   0.   0.   0.   0.   0.   0.   0.   0.   0.   0.
 0.   0.   0.   0.   0.   0.   0.   0.   0.   0.   0.   0.  ]"
19,3875,20.0,30,2023-01-06 08:21:48,1277.6,1399.4,16.0,"[0.   0.   3.26 1.2  1.37 1.37 1.18 1.18 1.18 1.32 1.32 1.32 1.32 1.32
 1.6  1.6  1.6  1.6  1.6  1.6  1.7  1.7  1.7  1.7  1.7  2.26 2.26 2.26
 2.26 6.16 6.6  6.6  0.   0.   0.   0.   0.   0.   0.   0.   0.   0.
 0.   0.   0.   0.   0.   0.   0.   0.   0.   0.   0.   0.   0.   0.
 0.   0.   0.   0.   0.   0.   0.   0.   0.   0.   0.   0.   0.   0.
 0.   0.   0.   0.   0.   0.   0.   0.   0.   0.   0.   0.   0.   0.
 0.   0.   0.   0.   0.   0.   0.   0.   0.   0.   0.   0.  ]"
20,3876,15.0,30,2023-01-06 09:05:02,1289.7,1466.1,21.5,"[3.6  2.41 2.41 2.48 2.48 2.48 2.73 2.73 2.73 2.73 2.73 3.55 3.55 3.55
 3.55 3.55 3.55 3.53 3.53 3.53 3.53 3.53 4.37 4.37 4.37 4.37 0.   0.
 0.   0.   0.   0.   0.   0.   0.   0.   0.   0.   0.   0.   0.   0.
 0.   0.   0.   0.   0.   0.   0.   0.   0.   0.   0.   0.   0.   0.
 0.   0.   0.   0.   0.   0.   0.   0.   0.   0.   0.   0.   0.   0.
 0.   0.   0.   0.   0.   0.   0.   0.   0.   0.   0.   0.   0.   0.
 0.   0.   0.   0.   0.   0.   0.   0.   0.   0.   0.   0.  ]"
21,3877,20.0,30,2023-01-06 09:17:37,1397.1,1163.1,17.5,"[3.5  3.5  2.69 2.69 2.69 2.92 2.92 2.92 2.92 2.92 3.75 3.75 3.75 3.75
 3.75 3.75 3.54 3.54 3.54 3.54 3.54 0.   0.   0.   0.   0.   0.   0.
 0.   0.   0.   0.   0.   0.   0.   0.   0.   0.   0.   0.   0.   0.
 0.   0.   0.   0.   0.   0.   0.   0.   0.   0.   0.   0.   0.   0.
 0.   0.   0.   0.   0.   0.   0.   0.   0.   0.   0.   0.   0.   0.
 0.   0.   0.   0.   0.   0.   0.   0.   0.   0.   0.   0.   0.   0.
 0.   0.   0.   0.   0.   0.   0.   0.   0.   0.   0.   0.  ]"
22,3878,20.0,30,2023-01-06 09:52:23,1603.2,1371.9,20.0,"[3.63 3.63 3.63 2.62 2.62 2.62 2.62 2.62 3.43 3.43 3.43 3.43 3.43 3.43
 3.58 3.58 3.58 3.58 3.58 4.41 4.41 4.41 4.41 0.   0.   0.   0.   0.
 0.   0.   0.   0.   0.   0.   0.   0.   0.   0.   0.   0.   0.   0.
 0.   0.   0.   0.   0.   0.   0.   0.   0.   0.   0.   0.   0.   0.
 0.   0.   0.   0.   0.   0.   0.   0.   0.   0.   0.   0.   0.   0.
 0.   0.   0.   0.   0.   0.   0.   0.   0.   0.   0.   0.   0.   0.
 0.   0.   0.   0.   0.   0.   0.   0.   0.   0.   0.   0.  ]"
23,3879,15.0,30,2023-01-06 10:39:35,825.2,949.0,13.8,"[2.58 2.58 2.58 2.58 2.58 2.58 2.58 2.58 2.58 2.58 2.58 1.96 1.96 1.96
 1.96 1.96 2.66 2.66 2.66 2.66 6.17 0.   0.   0.   0.   0.   0.   0.
 0.   0.   0.   0.   0.   0.   0.   0.   0.   0.   0.   0.   0.   0.
 0.   0.   0.   0.   0.   0.   0.   0.   0.   0.   0.   0.   0.   0.
 0.   0.   0.   0.   0.   0.   0.   0.   0.   0.   0.   0.   0.   0.
 0.   0.   0.   0.   0.   0.   0.   0.   0.   0.   0.   0.   0.   0.
 0.   0.   0.   0.   0.   0.   0.   0.   0.   0.   0.   0.  ]"
24,3880,10.0,30,2023-01-06 13:29:11,308.7,985.1,7.7,"[1.13 1.13 1.13 1.13 1.13 1.13 1.13 1.13 1.13 1.13 6.47 6.47 6.6  0.
 0.   0.   0.   0.   0.   0.   0.   0.   0.   0.   0.   0.   0.   0.
 0.   0.   0.   0.   0.   0.   0.   0.   0.   0.   0.   0.   0.   0.
 0.   0.   0.   0.   0.   0.   0.   0.   0.   0.   0.   0.   0.   0.
 0.   0.   0.   0.   0.   0.   0.   0.   0.   0.   0.   0.   0.   0.
 0.   0.   0.   0.   0.   0.   0.   0.   0.   0.   0.   0.   0.   0.
 0.   0.   0.   0.   0.   0.   0.   0.   0.   0.   0.   0.  ]"
25,3881,27.5,30,2023-01-06 18:50:49,1348.3,1253.3,12.3,"[2.  2.  2.  2.  2.  2.  2.  2.  6.6 6.6 6.6 6.6 6.6 0.  0.  0.  0.  0.
 0.  0.  0.  0.  0.  0.  0.  0.  0.  0.  0.  0.  0.  0.  0.  0.  0.  0.
 0.  0.  0.  0.  0.  0.  0.  0.  0.  0.  0.  0.  0.  0.  0.  0.  0.  0.
 0.  0.  0.  0.  0.  0.  0.  0.  0.  0.  0.  0.  0.  0.  0.  0.  0.  0.
 0.  0.  0.  0.  0.  0.  0.  0.  0.  0.  0.  0.  0.  0.  0.  0.  0.  0.
 0.  0.  0.  0.  0.  0. ]"
26,3882,27.5,30,2023-01-07 07:59:07,3267.0,1997.2,29.7,"[6.6 6.6 6.6 6.6 6.6 6.6 6.6 6.6 6.6 6.6 6.6 6.6 6.6 6.6 6.6 6.6 6.6 6.6
 0.  0.  0.  0.  0.  0.  0.  0.  0.  0.  0.  0.  0.  0.  0.  0.  0.  0.
 0.  0.  0.  0.  0.  0.  0.  0.  0.  0.  0.  0.  0.  0.  0.  0.  0.  0.
 0.  0.  0.  0.  0.  0.  0.  0.  0.  0.  0.  0.  0.  0.  0.  0.  0.  0.
 0.  0.  0.  0.  0.  0.  0.  0.  0.  0.  0.  0.  0.  0.  0.  0.  0.  0.
 0.  0.  0.  0.  0.  0. ]"
27,3884,27.5,30,2023-01-07 17:04:27,1400.2,2031.5,12.7,"[4.24 4.24 4.24 4.24 4.24 4.24 4.24 4.24 4.24 4.24 4.24 4.24 0.   0.
 0.   0.   0.   0.   0.   0.   0.   0.   0.   0.   0.   0.   0.   0.
 0.   0.   0.   0.   0.   0.   0.   0.   0.   0.   0.   0.   0.   0.
 0.   0.   0.   0.   0.   0.   0.   0.   0.   0.   0.   0.   0.   0.
 0.   0.   0.   0.   0.   0.   0.   0.   0.   0.   0.   0.   0.   0.
 0.   0.   0.   0.   0.   0.   0.   0.   0.   0.   0.   0.   0.   0.
 0.   0.   0.   0.   0.   0.   0.   0.   0.   0.   0.   0.  ]"
28,3885,27.5,30,2023-01-07 23:27:35,183.7,124.3,1.7,"[1.11 1.11 1.11 1.11 1.11 1.11 0.   0.   0.   0.   0.   0.   0.   0.
 0.   0.   0.   0.   0.   0.   0.   0.   0.   0.   0.   0.   0.   0.
 0.   0.   0.   0.   0.   0.   0.   0.   0.   0.   0.   0.   0.   0.
 0.   0.   0.   0.   0.   0.   0.   0.   0.   0.   0.   0.   0.   0.
 0.   0.   0.   0.   0.   0.   0.   0.   0.   0.   0.   0.   0.   0.
 0.   0.   0.   0.   0.   0.   0.   0.   0.   0.   0.   0.   0.   0.
 0.   0.   0.   0.   0.   0.   0.   0.   0.   0.   0.   0.  ]"
29,3886,27.5,30,2023-01-08 10:06:59,2084.5,1235.5,18.9,"[5.05 5.05 5.05 5.05 5.05 5.05 5.05 5.05 5.05 5.05 5.05 5.05 5.05 5.05
 5.05 0.   0.   0.   0.   0.   0.   0.   0.   0.   0.   0.   0.   0.
 0.   0.   0.   0.   0.   0.   0.   0.   0.   0.   0.   0.   0.   0.
 0.   0.   0.   0.   0.   0.   0.   0.   0.   0.   0.   0.   0.   0.
 0.   0.   0.   0.   0.   0.   0.   0.   0.   0.   0.   0.   0.   0.
 0.   0.   0.   0.   0.   0.   0.   0.   0.   0.   0.   0.   0.   0.
 0.   0.   0.   0.   0.   0.   0.   0.   0.   0.   0.   0.  ]"
30,3888,27.5,30,2023-01-08 14:44:52,1354.1,1261.7,12.3,"[6.6  6.6  6.6  6.6  6.6  1.62 1.62 1.62 1.62 1.62 1.62 1.62 1.62 1.62
 1.62 0.   0.   0.   0.   0.   0.   0.   0.   0.   0.   0.   0.   0.
 0.   0.   0.   0.   0.   0.   0.   0.   0.   0.   0.   0.   0.   0.
 0.   0.   0.   0.   0.   0.   0.   0.   0.   0.   0.   0.   0.   0.
 0.   0.   0.   0.   0.   0.   0.   0.   0.   0.   0.   0.   0.   0.
 0.   0.   0.   0.   0.   0.   0.   0.   0.   0.   0.   0.   0.   0.
 0.   0.   0.   0.   0.   0.   0.   0.   0.   0.   0.   0.  ]"
31,3891,27.5,30,2023-01-09 06:50:35,847.0,572.9,7.7,"[4.4  4.4  4.4  4.4  4.4  2.93 2.93 2.93 0.   0.   0.   0.   0.   0.
 0.   0.   0.   0.   0.   0.   0.   0.   0.   0.   0.   0.   0.   0.
 0.   0.   0.   0.   0.   0.   0.   0.   0.   0.   0.   0.   0.   0.
 0.   0.   0.   0.   0.   0.   0.   0.   0.   0.   0.   0.   0.   0.
 0.   0.   0.   0.   0.   0.   0.   0.   0.   0.   0.   0.   0.   0.
 0.   0.   0.   0.   0.   0.   0.   0.   0.   0.   0.   0.   0.   0.
 0.   0.   0.   0.   0.   0.   0.   0.   0.   0.   0.   0.  ]"
32,3892,27.5,30,2023-01-09 08:06:24,6715.5,5082.0,61.1,"[6.6 6.6 6.6 6.6 6.6 6.6 6.6 6.6 6.6 6.6 6.6 6.6 6.6 6.6 6.6 6.6 6.6 6.6
 6.6 6.6 6.6 6.6 6.6 6.6 6.6 6.6 6.6 6.6 6.6 6.6 6.6 6.6 6.6 6.6 6.6 6.6
 6.6 0.  0.  0.  0.  0.  0.  0.  0.  0.  0.  0.  0.  0.  0.  0.  0.  0.
 0.  0.  0.  0.  0.  0.  0.  0.  0.  0.  0.  0.  0.  0.  0.  0.  0.  0.
 0.  0.  0.  0.  0.  0.  0.  0.  0.  0.  0.  0.  0.  0.  0.  0.  0.  0.
 0.  0.  0.  0.  0.  0. ]"
33,3893,27.5,30,2023-01-09 08:26:50,2820.8,1730.2,25.6,"[0.   0.   5.31 4.16 4.16 4.16 4.16 4.16 4.16 3.59 3.62 3.62 3.62 3.62
 3.62 3.62 3.62 3.62 3.62 3.62 3.62 3.62 3.62 3.62 3.62 3.62 3.62 3.62
 3.62 0.   0.   0.   0.   0.   0.   0.   0.   0.   0.   0.   0.   0.
 0.   0.   0.   0.   0.   0.   0.   0.   0.   0.   0.   0.   0.   0.
 0.   0.   0.   0.   0.   0.   0.   0.   0.   0.   0.   0.   0.   0.
 0.   0.   0.   0.   0.   0.   0.   0.   0.   0.   0.   0.   0.   0.
 0.   0.   0.   0.   0.   0.   0.   0.   0.   0.   0.   0.  ]"
34,3894,27.5,30,2023-01-09 09:03:51,1555.2,1378.8,14.1,"[2.31 2.31 2.31 2.31 2.31 2.31 1.03 1.05 1.05 1.05 1.05 1.05 1.05 1.05
 1.05 1.2  1.2  1.2  1.2  1.2  1.2  1.2  1.2  1.2  1.2  1.2  1.74 1.74
 1.74 3.49 5.71 5.71 0.   0.   0.   0.   0.   0.   0.   0.   0.   0.
 0.   0.   0.   0.   0.   0.   0.   0.   0.   0.   0.   0.   0.   0.
 0.   0.   0.   0.   0.   0.   0.   0.   0.   0.   0.   0.   0.   0.
 0.   0.   0.   0.   0.   0.   0.   0.   0.   0.   0.   0.   0.   0.
 0.   0.   0.   0.   0.   0.   0.   0.   0.   0.   0.   0.  ]"
35,3895,27.5,30,2023-01-09 09:14:08,2313.8,1697.4,21.0,"[4.54 4.54 4.54 4.54 4.54 4.54 1.85 2.05 2.05 2.05 2.05 2.05 2.05 2.05
 2.05 2.11 2.11 2.11 2.11 2.11 2.11 2.11 2.11 2.11 2.11 2.11 3.49 3.49
 3.49 5.06 0.   0.   0.   0.   0.   0.   0.   0.   0.   0.   0.   0.
 0.   0.   0.   0.   0.   0.   0.   0.   0.   0.   0.   0.   0.   0.
 0.   0.   0.   0.   0.   0.   0.   0.   0.   0.   0.   0.   0.   0.
 0.   0.   0.   0.   0.   0.   0.   0.   0.   0.   0.   0.   0.   0.
 0.   0.   0.   0.   0.   0.   0.   0.   0.   0.   0.   0.  ]"
36,3896,27.5,30,2023-01-09 10:34:34,2162.2,1559.1,19.7,"[6.27 2.92 2.92 2.92 2.92 2.92 2.92 2.92 2.92 3.21 3.21 3.21 3.21 3.21
 3.21 3.21 3.21 3.21 3.21 3.21 4.56 4.56 4.56 0.   0.   0.   0.   0.
 0.   0.   0.   0.   0.   0.   0.   0.   0.   0.   0.   0.   0.   0.
 0.   0.   0.   0.   0.   0.   0.   0.   0.   0.   0.   0.   0.   0.
 0.   0.   0.   0.   0.   0.   0.   0.   0.   0.   0.   0.   0.   0.
 0.   0.   0.   0.   0.   0.   0.   0.   0.   0.   0.   0.   0.   0.
 0.   0.   0.   0.   0.   0.   0.   0.   0.   0.   0.   0.  ]"
37,3897,20.0,30,2023-01-09 10:54:15,2241.1,3552.0,28.0,"[3.44 3.44 3.44 3.44 3.44 3.44 3.44 3.44 0.99 0.99 0.99 0.99 0.99 0.99
 0.99 0.99 0.99 0.99 0.99 1.33 1.33 1.33 2.58 5.41 5.41 6.25 6.25 6.25
 6.25 6.25 6.25 6.25 6.25 6.25 0.   0.   0.   0.   0.   0.   0.   0.
 0.   0.   0.   0.   0.   0.   0.   0.   0.   0.   0.   0.   0.   0.
 0.   0.   0.   0.   0.   0.   0.   0.   0.   0.   0.   0.   0.   0.
 0.   0.   0.   0.   0.   0.   0.   0.   0.   0.   0.   0.   0.   0.
 0.   0.   0.   0.   0.   0.   0.   0.   0.   0.   0.   0.  ]"
38,3898,12.5,30,2023-01-09 12:47:07,700.1,1465.1,14.0,"[2.91 2.91 2.91 2.91 2.91 2.91 2.91 2.91 2.91 2.91 2.91 2.91 2.91 2.91
 2.91 2.91 2.91 6.6  0.   0.   0.   0.   0.   0.   0.   0.   0.   0.
 0.   0.   0.   0.   0.   0.   0.   0.   0.   0.   0.   0.   0.   0.
 0.   0.   0.   0.   0.   0.   0.   0.   0.   0.   0.   0.   0.   0.
 0.   0.   0.   0.   0.   0.   0.   0.   0.   0.   0.   0.   0.   0.
 0.   0.   0.   0.   0.   0.   0.   0.   0.   0.   0.   0.   0.   0.
 0.   0.   0.   0.   0.   0.   0.   0.   0.   0.   0.   0.  ]"
39,3899,27.5,30,2023-01-09 17:07:42,1633.5,2370.1,14.9,"[6.6 6.6 6.6 6.6 6.6 6.6 6.6 6.6 6.6 0.  0.  0.  0.  0.  0.  0.  0.  0.
 0.  0.  0.  0.  0.  0.  0.  0.  0.  0.  0.  0.  0.  0.  0.  0.  0.  0.
 0.  0.  0.  0.  0.  0.  0.  0.  0.  0.  0.  0.  0.  0.  0.  0.  0.  0.
 0.  0.  0.  0.  0.  0.  0.  0.  0.  0.  0.  0.  0.  0.  0.  0.  0.  0.
 0.  0.  0.  0.  0.  0.  0.  0.  0.  0.  0.  0.  0.  0.  0.  0.  0.  0.
 0.  0.  0.  0.  0.  0. ]"
40,3900,27.5,30,2023-01-10 07:11:47,968.0,654.7,8.8,"[5.03 5.03 5.03 5.03 5.03 5.03 5.03 0.   0.   0.   0.   0.   0.   0.
 0.   0.   0.   0.   0.   0.   0.   0.   0.   0.   0.   0.   0.   0.
 0.   0.   0.   0.   0.   0.   0.   0.   0.   0.   0.   0.   0.   0.
 0.   0.   0.   0.   0.   0.   0.   0.   0.   0.   0.   0.   0.   0.
 0.   0.   0.   0.   0.   0.   0.   0.   0.   0.   0.   0.   0.   0.
 0.   0.   0.   0.   0.   0.   0.   0.   0.   0.   0.   0.   0.   0.
 0.   0.   0.   0.   0.   0.   0.   0.   0.   0.   0.   0.  ]"
41,3901,27.5,30,2023-01-10 08:56:02,970.7,575.3,8.8,"[3.49 3.49 3.1  3.15 3.15 3.15 3.15 3.15 3.15 3.15 3.15 0.   0.   0.
 0.   0.   0.   0.   0.   0.   0.   0.   0.   0.   0.   0.   0.   0.
 0.   0.   0.   0.   0.   0.   0.   0.   0.   0.   0.   0.   0.   0.
 0.   0.   0.   0.   0.   0.   0.   0.   0.   0.   0.   0.   0.   0.
 0.   0.   0.   0.   0.   0.   0.   0.   0.   0.   0.   0.   0.   0.
 0.   0.   0.   0.   0.   0.   0.   0.   0.   0.   0.   0.   0.   0.
 0.   0.   0.   0.   0.   0.   0.   0.   0.   0.   0.   0.  ]"
42,3902,27.5,30,2023-01-10 09:22:18,1426.0,845.3,13.0,"[2.54 2.17 2.17 2.17 2.17 2.17 2.17 2.17 2.17 4.2  3.97 3.97 3.97 3.97
 3.97 3.97 3.97 0.   0.   0.   0.   0.   0.   0.   0.   0.   0.   0.
 0.   0.   0.   0.   0.   0.   0.   0.   0.   0.   0.   0.   0.   0.
 0.   0.   0.   0.   0.   0.   0.   0.   0.   0.   0.   0.   0.   0.
 0.   0.   0.   0.   0.   0.   0.   0.   0.   0.   0.   0.   0.   0.
 0.   0.   0.   0.   0.   0.   0.   0.   0.   0.   0.   0.   0.   0.
 0.   0.   0.   0.   0.   0.   0.   0.   0.   0.   0.   0.  ]"
43,3903,27.5,30,2023-01-10 09:37:55,2525.5,1496.9,23.0,"[5.62 5.62 5.62 5.62 5.62 5.62 5.62 5.62 5.86 5.02 5.02 5.02 5.02 5.02
 5.02 5.02 5.86 0.   0.   0.   0.   0.   0.   0.   0.   0.   0.   0.
 0.   0.   0.   0.   0.   0.   0.   0.   0.   0.   0.   0.   0.   0.
 0.   0.   0.   0.   0.   0.   0.   0.   0.   0.   0.   0.   0.   0.
 0.   0.   0.   0.   0.   0.   0.   0.   0.   0.   0.   0.   0.   0.
 0.   0.   0.   0.   0.   0.   0.   0.   0.   0.   0.   0.   0.   0.
 0.   0.   0.   0.   0.   0.   0.   0.   0.   0.   0.   0.  ]"
44,3904,27.5,30,2023-01-10 11:46:04,1680.4,1015.1,15.3,"[6.6  6.6  6.6  6.6  6.6  6.6  6.6  6.6  1.04 1.04 1.04 1.04 1.04 1.04
 1.04 1.04 0.   0.   0.   0.   0.   0.   0.   0.   0.   0.   0.   0.
 0.   0.   0.   0.   0.   0.   0.   0.   0.   0.   0.   0.   0.   0.
 0.   0.   0.   0.   0.   0.   0.   0.   0.   0.   0.   0.   0.   0.
 0.   0.   0.   0.   0.   0.   0.   0.   0.   0.   0.   0.   0.   0.
 0.   0.   0.   0.   0.   0.   0.   0.   0.   0.   0.   0.   0.   0.
 0.   0.   0.   0.   0.   0.   0.   0.   0.   0.   0.   0.  ]"
45,3905,27.5,30,2023-01-10 13:34:57,1850.9,1405.1,16.8,"[6.6  6.6  6.6  6.6  6.6  6.6  6.6  6.6  6.6  0.72 0.72 0.72 0.72 0.72
 0.72 0.72 0.72 0.72 0.72 0.72 0.   0.   0.   0.   0.   0.   0.   0.
 0.   0.   0.   0.   0.   0.   0.   0.   0.   0.   0.   0.   0.   0.
 0.   0.   0.   0.   0.   0.   0.   0.   0.   0.   0.   0.   0.   0.
 0.   0.   0.   0.   0.   0.   0.   0.   0.   0.   0.   0.   0.   0.
 0.   0.   0.   0.   0.   0.   0.   0.   0.   0.   0.   0.   0.   0.
 0.   0.   0.   0.   0.   0.   0.   0.   0.   0.   0.   0.  ]"
46,3906,27.5,30,2023-01-11 06:30:25,218.9,148.1,2.0,"[1.33 1.33 1.33 1.33 1.33 1.33 0.   0.   0.   0.   0.   0.   0.   0.
 0.   0.   0.   0.   0.   0.   0.   0.   0.   0.   0.   0.   0.   0.
 0.   0.   0.   0.   0.   0.   0.   0.   0.   0.   0.   0.   0.   0.
 0.   0.   0.   0.   0.   0.   0.   0.   0.   0.   0.   0.   0.   0.
 0.   0.   0.   0.   0.   0.   0.   0.   0.   0.   0.   0.   0.   0.
 0.   0.   0.   0.   0.   0.   0.   0.   0.   0.   0.   0.   0.   0.
 0.   0.   0.   0.   0.   0.   0.   0.   0.   0.   0.   0.  ]"
47,3907,27.5,30,2023-01-11 07:51:43,2434.2,1476.1,22.1,"[0.   0.   0.   0.   3.9  3.9  3.9  3.9  3.9  3.27 3.27 3.27 3.27 3.27
 3.27 3.27 3.27 3.27 4.32 4.32 4.32 4.05 4.05 4.05 3.62 3.62 3.62 3.62
 0.   0.   0.   0.   0.   0.   0.   0.   0.   0.   0.   0.   0.   0.
 0.   0.   0.   0.   0.   0.   0.   0.   0.   0.   0.   0.   0.   0.
 0.   0.   0.   0.   0.   0.   0.   0.   0.   0.   0.   0.   0.   0.
 0.   0.   0.   0.   0.   0.   0.   0.   0.   0.   0.   0.   0.   0.
 0.   0.   0.   0.   0.   0.   0.   0.   0.   0.   0.   0.  ]"
48,3908,27.5,30,2023-01-11 08:07:56,3052.4,1875.7,27.7,"[0.   0.   0.   5.57 5.57 5.57 5.34 5.34 3.28 3.28 3.28 3.28 3.28 3.28
 3.28 3.28 3.28 4.35 4.35 4.35 4.05 4.05 4.05 3.62 3.62 3.62 3.62 4.66
 3.27 3.27 3.27 0.   0.   0.   0.   0.   0.   0.   0.   0.   0.   0.
 0.   0.   0.   0.   0.   0.   0.   0.   0.   0.   0.   0.   0.   0.
 0.   0.   0.   0.   0.   0.   0.   0.   0.   0.   0.   0.   0.   0.
 0.   0.   0.   0.   0.   0.   0.   0.   0.   0.   0.   0.   0.   0.
 0.   0.   0.   0.   0.   0.   0.   0.   0.   0.   0.   0.  ]"
49,3909,27.5,30,2023-01-11 08:16:13,1379.2,817.5,12.5,"[0.   0.   3.56 3.56 3.56 3.59 3.59 3.59 3.59 3.59 3.59 3.59 3.59 3.59
 3.59 3.59 0.   0.   0.   0.   0.   0.   0.   0.   0.   0.   0.   0.
 0.   0.   0.   0.   0.   0.   0.   0.   0.   0.   0.   0.   0.   0.
 0.   0.   0.   0.   0.   0.   0.   0.   0.   0.   0.   0.   0.   0.
 0.   0.   0.   0.   0.   0.   0.   0.   0.   0.   0.   0.   0.   0.
 0.   0.   0.   0.   0.   0.   0.   0.   0.   0.   0.   0.   0.   0.
 0.   0.   0.   0.   0.   0.   0.   0.   0.   0.   0.   0.  ]"
50,3910,27.5,30,2023-01-11 08:55:47,1014.5,624.3,9.2,"[1.76 1.76 1.76 1.2  1.2  1.17 1.17 1.17 1.17 1.17 1.17 1.17 1.17 1.17
 1.51 1.51 1.51 1.38 1.38 1.38 1.24 1.24 1.24 1.24 1.69 1.69 1.69 0.
 0.   0.   0.   0.   0.   0.   0.   0.   0.   0.   0.   0.   0.   0.
 0.   0.   0.   0.   0.   0.   0.   0.   0.   0.   0.   0.   0.   0.
 0.   0.   0.   0.   0.   0.   0.   0.   0.   0.   0.   0.   0.   0.
 0.   0.   0.   0.   0.   0.   0.   0.   0.   0.   0.   0.   0.   0.
 0.   0.   0.   0.   0.   0.   0.   0.   0.   0.   0.   0.  ]"
51,3911,27.5,30,2023-01-11 09:40:30,2266.0,1401.5,20.6,"[5.08 5.08 2.72 2.72 2.72 2.72 2.72 2.72 2.72 2.72 2.72 3.85 3.85 3.85
 3.59 3.59 3.59 3.13 3.13 3.13 3.13 4.3  4.3  4.3  0.   0.   0.   0.
 0.   0.   0.   0.   0.   0.   0.   0.   0.   0.   0.   0.   0.   0.
 0.   0.   0.   0.   0.   0.   0.   0.   0.   0.   0.   0.   0.   0.
 0.   0.   0.   0.   0.   0.   0.   0.   0.   0.   0.   0.   0.   0.
 0.   0.   0.   0.   0.   0.   0.   0.   0.   0.   0.   0.   0.   0.
 0.   0.   0.   0.   0.   0.   0.   0.   0.   0.   0.   0.  ]"
52,3913,27.5,30,2023-01-11 10:11:24,2399.8,1452.0,21.8,"[5.96 5.96 5.96 5.96 5.96 5.96 5.96 5.96 5.96 5.95 5.95 5.95 0.97 0.97
 0.97 0.89 0.89 0.89 0.89 1.05 2.76 2.76 2.76 0.   0.   0.   0.   0.
 0.   0.   0.   0.   0.   0.   0.   0.   0.   0.   0.   0.   0.   0.
 0.   0.   0.   0.   0.   0.   0.   0.   0.   0.   0.   0.   0.   0.
 0.   0.   0.   0.   0.   0.   0.   0.   0.   0.   0.   0.   0.   0.
 0.   0.   0.   0.   0.   0.   0.   0.   0.   0.   0.   0.   0.   0.
 0.   0.   0.   0.   0.   0.   0.   0.   0.   0.   0.   0.  ]"
53,3914,27.5,30,2023-01-11 13:03:26,1080.4,685.2,9.8,"[6.6  6.6  6.6  3.15 3.15 3.15 3.15 3.09 1.27 1.27 1.27 0.   0.   0.
 0.   0.   0.   0.   0.   0.   0.   0.   0.   0.   0.   0.   0.   0.
 0.   0.   0.   0.   0.   0.   0.   0.   0.   0.   0.   0.   0.   0.
 0.   0.   0.   0.   0.   0.   0.   0.   0.   0.   0.   0.   0.   0.
 0.   0.   0.   0.   0.   0.   0.   0.   0.   0.   0.   0.   0.   0.
 0.   0.   0.   0.   0.   0.   0.   0.   0.   0.   0.   0.   0.   0.
 0.   0.   0.   0.   0.   0.   0.   0.   0.   0.   0.   0.  ]"
54,3915,27.5,30,2023-01-11 15:15:15,1274.6,1427.5,11.6,"[6.6  6.6  6.6  2.49 2.49 2.35 2.36 2.36 2.9  2.9  2.9  2.9  2.9  0.
 0.   0.   0.   0.   0.   0.   0.   0.   0.   0.   0.   0.   0.   0.
 0.   0.   0.   0.   0.   0.   0.   0.   0.   0.   0.   0.   0.   0.
 0.   0.   0.   0.   0.   0.   0.   0.   0.   0.   0.   0.   0.   0.
 0.   0.   0.   0.   0.   0.   0.   0.   0.   0.   0.   0.   0.   0.
 0.   0.   0.   0.   0.   0.   0.   0.   0.   0.   0.   0.   0.   0.
 0.   0.   0.   0.   0.   0.   0.   0.   0.   0.   0.   0.  ]"
55,3916,27.5,30,2023-01-11 17:54:08,1132.3,1502.3,10.3,"[2.04 2.04 3.05 3.05 3.05 3.05 3.05 3.05 3.05 3.05 3.05 3.05 6.6  0.
 0.   0.   0.   0.   0.   0.   0.   0.   0.   0.   0.   0.   0.   0.
 0.   0.   0.   0.   0.   0.   0.   0.   0.   0.   0.   0.   0.   0.
 0.   0.   0.   0.   0.   0.   0.   0.   0.   0.   0.   0.   0.   0.
 0.   0.   0.   0.   0.   0.   0.   0.   0.   0.   0.   0.   0.   0.
 0.   0.   0.   0.   0.   0.   0.   0.   0.   0.   0.   0.   0.   0.
 0.   0.   0.   0.   0.   0.   0.   0.   0.   0.   0.   0.  ]"
56,3917,27.5,30,2023-01-12 06:17:33,275.9,186.6,2.5,"[1.25 1.25 1.25 1.25 1.25 1.25 1.25 1.25 0.   0.   0.   0.   0.   0.
 0.   0.   0.   0.   0.   0.   0.   0.   0.   0.   0.   0.   0.   0.
 0.   0.   0.   0.   0.   0.   0.   0.   0.   0.   0.   0.   0.   0.
 0.   0.   0.   0.   0.   0.   0.   0.   0.   0.   0.   0.   0.   0.
 0.   0.   0.   0.   0.   0.   0.   0.   0.   0.   0.   0.   0.   0.
 0.   0.   0.   0.   0.   0.   0.   0.   0.   0.   0.   0.   0.   0.
 0.   0.   0.   0.   0.   0.   0.   0.   0.   0.   0.   0.  ]"
57,3918,27.5,30,2023-01-12 08:34:09,2722.5,1628.9,24.8,"[6.6 6.6 6.6 6.6 6.6 6.6 6.6 6.6 6.6 6.6 6.6 6.6 6.6 6.6 6.6 0.  0.  0.
 0.  0.  0.  0.  0.  0.  0.  0.  0.  0.  0.  0.  0.  0.  0.  0.  0.  0.
 0.  0.  0.  0.  0.  0.  0.  0.  0.  0.  0.  0.  0.  0.  0.  0.  0.  0.
 0.  0.  0.  0.  0.  0.  0.  0.  0.  0.  0.  0.  0.  0.  0.  0.  0.  0.
 0.  0.  0.  0.  0.  0.  0.  0.  0.  0.  0.  0.  0.  0.  0.  0.  0.  0.
 0.  0.  0.  0.  0.  0. ]"
58,3919,27.5,30,2023-01-12 08:37:07,2797.5,1673.3,25.4,"[6.6  6.6  6.6  6.29 6.29 6.28 6.28 6.28 6.28 6.28 6.28 6.28 6.28 6.28
 6.28 6.6  0.   0.   0.   0.   0.   0.   0.   0.   0.   0.   0.   0.
 0.   0.   0.   0.   0.   0.   0.   0.   0.   0.   0.   0.   0.   0.
 0.   0.   0.   0.   0.   0.   0.   0.   0.   0.   0.   0.   0.   0.
 0.   0.   0.   0.   0.   0.   0.   0.   0.   0.   0.   0.   0.   0.
 0.   0.   0.   0.   0.   0.   0.   0.   0.   0.   0.   0.   0.   0.
 0.   0.   0.   0.   0.   0.   0.   0.   0.   0.   0.   0.  ]"
59,3920,27.5,30,2023-01-12 09:23:49,1314.2,778.9,11.9,"[2.92 2.92 1.85 1.85 1.85 1.85 1.85 1.85 1.85 1.85 1.85 1.85 5.63 4.46
 4.46 4.46 4.46 0.   0.   0.   0.   0.   0.   0.   0.   0.   0.   0.
 0.   0.   0.   0.   0.   0.   0.   0.   0.   0.   0.   0.   0.   0.
 0.   0.   0.   0.   0.   0.   0.   0.   0.   0.   0.   0.   0.   0.
 0.   0.   0.   0.   0.   0.   0.   0.   0.   0.   0.   0.   0.   0.
 0.   0.   0.   0.   0.   0.   0.   0.   0.   0.   0.   0.   0.   0.
 0.   0.   0.   0.   0.   0.   0.   0.   0.   0.   0.   0.  ]"
60,3921,27.5,30,2023-01-12 09:46:59,1893.6,1207.5,17.2,"[0.   0.   0.   0.   0.   0.   0.   0.   0.   0.   6.41 4.95 4.95 4.95
 4.95 5.63 5.31 5.31 6.6  6.6  6.6  6.6  0.   0.   0.   0.   0.   0.
 0.   0.   0.   0.   0.   0.   0.   0.   0.   0.   0.   0.   0.   0.
 0.   0.   0.   0.   0.   0.   0.   0.   0.   0.   0.   0.   0.   0.
 0.   0.   0.   0.   0.   0.   0.   0.   0.   0.   0.   0.   0.   0.
 0.   0.   0.   0.   0.   0.   0.   0.   0.   0.   0.   0.   0.   0.
 0.   0.   0.   0.   0.   0.   0.   0.   0.   0.   0.   0.  ]"
61,3922,25.0,30,2023-01-12 09:53:05,1487.8,984.9,14.9,"[3.63 3.63 3.63 3.63 3.63 3.63 3.63 3.63 3.63 3.63 1.99 2.55 2.55 2.55
 2.55 4.54 3.23 3.23 0.   0.   0.   0.   0.   0.   0.   0.   0.   0.
 0.   0.   0.   0.   0.   0.   0.   0.   0.   0.   0.   0.   0.   0.
 0.   0.   0.   0.   0.   0.   0.   0.   0.   0.   0.   0.   0.   0.
 0.   0.   0.   0.   0.   0.   0.   0.   0.   0.   0.   0.   0.   0.
 0.   0.   0.   0.   0.   0.   0.   0.   0.   0.   0.   0.   0.   0.
 0.   0.   0.   0.   0.   0.   0.   0.   0.   0.   0.   0.  ]"
62,3925,27.5,30,2023-01-12 12:17:12,1576.9,1176.3,14.3,"[6.6  2.07 2.07 2.07 2.07 3.86 2.56 2.56 3.28 3.28 3.28 3.28 6.6  6.6
 1.44 1.44 1.44 1.44 1.44 0.   0.   0.   0.   0.   0.   0.   0.   0.
 0.   0.   0.   0.   0.   0.   0.   0.   0.   0.   0.   0.   0.   0.
 0.   0.   0.   0.   0.   0.   0.   0.   0.   0.   0.   0.   0.   0.
 0.   0.   0.   0.   0.   0.   0.   0.   0.   0.   0.   0.   0.   0.
 0.   0.   0.   0.   0.   0.   0.   0.   0.   0.   0.   0.   0.   0.
 0.   0.   0.   0.   0.   0.   0.   0.   0.   0.   0.   0.  ]"
63,3926,27.5,30,2023-01-12 12:45:56,2813.9,2388.1,25.6,"[6.6  6.6  6.6  6.6  6.6  6.6  6.6  4.15 4.15 4.15 4.15 6.6  6.6  1.65
 1.65 1.65 1.65 1.65 1.81 1.81 1.81 1.81 1.81 1.81 1.81 1.81 1.81 1.81
 0.   0.   0.   0.   0.   0.   0.   0.   0.   0.   0.   0.   0.   0.
 0.   0.   0.   0.   0.   0.   0.   0.   0.   0.   0.   0.   0.   0.
 0.   0.   0.   0.   0.   0.   0.   0.   0.   0.   0.   0.   0.   0.
 0.   0.   0.   0.   0.   0.   0.   0.   0.   0.   0.   0.   0.   0.
 0.   0.   0.   0.   0.   0.   0.   0.   0.   0.   0.   0.  ]"
64,3927,27.5,30,2023-01-12 14:25:41,1057.6,715.3,9.6,"[6.35 6.35 6.35 6.35 6.54 6.54 0.   0.   0.   0.   0.   0.   0.   0.
 0.   0.   0.   0.   0.   0.   0.   0.   0.   0.   0.   0.   0.   0.
 0.   0.   0.   0.   0.   0.   0.   0.   0.   0.   0.   0.   0.   0.
 0.   0.   0.   0.   0.   0.   0.   0.   0.   0.   0.   0.   0.   0.
 0.   0.   0.   0.   0.   0.   0.   0.   0.   0.   0.   0.   0.   0.
 0.   0.   0.   0.   0.   0.   0.   0.   0.   0.   0.   0.   0.   0.
 0.   0.   0.   0.   0.   0.   0.   0.   0.   0.   0.   0.  ]"
65,3929,27.5,30,2023-01-13 07:29:52,2401.3,1426.4,21.8,"[0.   0.   0.   0.   0.   0.   4.55 4.55 4.55 4.55 4.16 4.16 4.16 4.12
 4.12 4.12 4.12 4.12 4.12 4.12 4.12 4.12 4.12 4.12 4.98 4.98 1.35 0.
 0.   0.   0.   0.   0.   0.   0.   0.   0.   0.   0.   0.   0.   0.
 0.   0.   0.   0.   0.   0.   0.   0.   0.   0.   0.   0.   0.   0.
 0.   0.   0.   0.   0.   0.   0.   0.   0.   0.   0.   0.   0.   0.
 0.   0.   0.   0.   0.   0.   0.   0.   0.   0.   0.   0.   0.   0.
 0.   0.   0.   0.   0.   0.   0.   0.   0.   0.   0.   0.  ]"
66,3930,27.5,30,2023-01-13 07:53:29,2100.9,1273.1,19.1,"[0.   0.   0.   0.   3.85 3.85 3.85 3.85 3.51 3.51 3.51 2.76 2.76 2.76
 2.76 2.76 2.76 2.76 2.76 2.76 2.76 2.76 4.02 4.02 1.07 1.25 1.25 1.25
 1.25 1.25 1.25 3.51 0.   0.   0.   0.   0.   0.   0.   0.   0.   0.
 0.   0.   0.   0.   0.   0.   0.   0.   0.   0.   0.   0.   0.   0.
 0.   0.   0.   0.   0.   0.   0.   0.   0.   0.   0.   0.   0.   0.
 0.   0.   0.   0.   0.   0.   0.   0.   0.   0.   0.   0.   0.   0.
 0.   0.   0.   0.   0.   0.   0.   0.   0.   0.   0.   0.  ]"
67,3931,27.5,30,2023-01-13 08:43:21,1458.3,864.4,13.3,"[0.   3.11 3.11 3.11 3.11 2.88 2.88 2.88 2.9  2.9  2.9  2.9  2.9  2.9
 2.9  2.9  2.9  2.9  2.9  0.   0.   0.   0.   0.   0.   0.   0.   0.
 0.   0.   0.   0.   0.   0.   0.   0.   0.   0.   0.   0.   0.   0.
 0.   0.   0.   0.   0.   0.   0.   0.   0.   0.   0.   0.   0.   0.
 0.   0.   0.   0.   0.   0.   0.   0.   0.   0.   0.   0.   0.   0.
 0.   0.   0.   0.   0.   0.   0.   0.   0.   0.   0.   0.   0.   0.
 0.   0.   0.   0.   0.   0.   0.   0.   0.   0.   0.   0.  ]"
68,3932,27.5,30,2023-01-13 09:48:22,2538.0,1545.7,23.1,"[5.87 5.87 5.87 4.24 4.24 4.24 4.24 4.24 4.24 4.24 4.24 4.24 4.24 4.24
 5.02 5.02 1.52 1.77 1.77 1.77 1.77 1.77 1.77 5.87 0.   0.   0.   0.
 0.   0.   0.   0.   0.   0.   0.   0.   0.   0.   0.   0.   0.   0.
 0.   0.   0.   0.   0.   0.   0.   0.   0.   0.   0.   0.   0.   0.
 0.   0.   0.   0.   0.   0.   0.   0.   0.   0.   0.   0.   0.   0.
 0.   0.   0.   0.   0.   0.   0.   0.   0.   0.   0.   0.   0.   0.
 0.   0.   0.   0.   0.   0.   0.   0.   0.   0.   0.   0.  ]"
69,3935,27.5,30,2023-01-13 10:40:02,2387.0,1417.2,21.7,"[6.6  6.6  6.6  6.6  6.6  6.6  6.6  6.6  6.6  6.6  6.6  6.6  6.6  0.14
 0.14 0.14 0.14 0.14 0.14 0.14 0.   0.   0.   0.   0.   0.   0.   0.
 0.   0.   0.   0.   0.   0.   0.   0.   0.   0.   0.   0.   0.   0.
 0.   0.   0.   0.   0.   0.   0.   0.   0.   0.   0.   0.   0.   0.
 0.   0.   0.   0.   0.   0.   0.   0.   0.   0.   0.   0.   0.   0.
 0.   0.   0.   0.   0.   0.   0.   0.   0.   0.   0.   0.   0.   0.
 0.   0.   0.   0.   0.   0.   0.   0.   0.   0.   0.   0.  ]"
70,3936,27.5,30,2023-01-13 15:41:05,741.8,935.7,6.7,"[6.6  2.95 2.95 2.95 2.95 2.96 2.79 2.82 0.   0.   0.   0.   0.   0.
 0.   0.   0.   0.   0.   0.   0.   0.   0.   0.   0.   0.   0.   0.
 0.   0.   0.   0.   0.   0.   0.   0.   0.   0.   0.   0.   0.   0.
 0.   0.   0.   0.   0.   0.   0.   0.   0.   0.   0.   0.   0.   0.
 0.   0.   0.   0.   0.   0.   0.   0.   0.   0.   0.   0.   0.   0.
 0.   0.   0.   0.   0.   0.   0.   0.   0.   0.   0.   0.   0.   0.
 0.   0.   0.   0.   0.   0.   0.   0.   0.   0.   0.   0.  ]"
71,3937,27.5,30,2023-01-13 17:47:24,1754.8,1562.0,16.0,"[1.47 1.47 1.47 1.47 1.47 1.47 1.47 1.47 1.47 1.47 1.47 1.47 6.6  6.6
 6.6  6.6  6.6  6.6  6.6  0.   0.   0.   0.   0.   0.   0.   0.   0.
 0.   0.   0.   0.   0.   0.   0.   0.   0.   0.   0.   0.   0.   0.
 0.   0.   0.   0.   0.   0.   0.   0.   0.   0.   0.   0.   0.   0.
 0.   0.   0.   0.   0.   0.   0.   0.   0.   0.   0.   0.   0.   0.
 0.   0.   0.   0.   0.   0.   0.   0.   0.   0.   0.   0.   0.   0.
 0.   0.   0.   0.   0.   0.   0.   0.   0.   0.   0.   0.  ]"
72,3941,27.5,30,2023-01-14 23:40:55,341.0,230.6,3.1,"[1.77 1.77 1.77 1.77 1.77 1.77 1.77 0.   0.   0.   0.   0.   0.   0.
 0.   0.   0.   0.   0.   0.   0.   0.   0.   0.   0.   0.   0.   0.
 0.   0.   0.   0.   0.   0.   0.   0.   0.   0.   0.   0.   0.   0.
 0.   0.   0.   0.   0.   0.   0.   0.   0.   0.   0.   0.   0.   0.
 0.   0.   0.   0.   0.   0.   0.   0.   0.   0.   0.   0.   0.   0.
 0.   0.   0.   0.   0.   0.   0.   0.   0.   0.   0.   0.   0.   0.
 0.   0.   0.   0.   0.   0.   0.   0.   0.   0.   0.   0.  ]"
73,3943,27.5,30,2023-01-15 14:40:33,953.7,680.8,8.7,"[6.6  6.6  6.6  6.6  6.6  0.34 0.34 0.34 0.34 0.17 0.17 0.   0.   0.
 0.   0.   0.   0.   0.   0.   0.   0.   0.   0.   0.   0.   0.   0.
 0.   0.   0.   0.   0.   0.   0.   0.   0.   0.   0.   0.   0.   0.
 0.   0.   0.   0.   0.   0.   0.   0.   0.   0.   0.   0.   0.   0.
 0.   0.   0.   0.   0.   0.   0.   0.   0.   0.   0.   0.   0.   0.
 0.   0.   0.   0.   0.   0.   0.   0.   0.   0.   0.   0.   0.   0.
 0.   0.   0.   0.   0.   0.   0.   0.   0.   0.   0.   0.  ]"
74,3944,27.5,30,2023-01-15 16:59:41,401.9,583.1,3.7,"[2.87 2.87 2.96 2.96 2.96 0.   0.   0.   0.   0.   0.   0.   0.   0.
 0.   0.   0.   0.   0.   0.   0.   0.   0.   0.   0.   0.   0.   0.
 0.   0.   0.   0.   0.   0.   0.   0.   0.   0.   0.   0.   0.   0.
 0.   0.   0.   0.   0.   0.   0.   0.   0.   0.   0.   0.   0.   0.
 0.   0.   0.   0.   0.   0.   0.   0.   0.   0.   0.   0.   0.   0.
 0.   0.   0.   0.   0.   0.   0.   0.   0.   0.   0.   0.   0.   0.
 0.   0.   0.   0.   0.   0.   0.   0.   0.   0.   0.   0.  ]"
75,3945,27.5,30,2023-01-16 07:20:35,3470.9,2162.8,31.6,"[0.   0.   0.   0.   0.   0.   6.32 6.32 6.32 6.32 6.32 6.32 6.32 5.83
 5.83 5.88 5.88 5.88 5.88 4.35 4.35 4.35 4.35 4.35 4.35 4.35 1.43 1.43
 1.43 1.43 1.22 1.22 1.22 3.73 0.18 0.26 0.26 0.26 0.26 0.22 0.22 0.22
 0.22 0.22 0.22 0.22 0.22 0.22 0.   0.   0.   0.   0.   0.   0.   0.
 0.   0.   0.   0.   0.   0.   0.   0.   0.   0.   0.   0.   0.   0.
 0.   0.   0.   0.   0.   0.   0.   0.   0.   0.   0.   0.   0.   0.
 0.   0.   0.   0.   0.   0.   0.   0.   0.   0.   0.   0.  ]"
76,3946,27.5,30,2023-01-16 10:31:21,1573.9,965.0,14.3,"[4.47 4.47 4.06 4.06 4.06 4.06 3.08 3.08 3.08 3.08 3.08 3.08 3.08 0.94
 0.94 0.94 0.94 0.89 0.89 0.89 3.69 0.12 0.12 0.12 0.   0.   0.   0.
 0.   0.   0.   0.   0.   0.   0.   0.   0.   0.   0.   0.   0.   0.
 0.   0.   0.   0.   0.   0.   0.   0.   0.   0.   0.   0.   0.   0.
 0.   0.   0.   0.   0.   0.   0.   0.   0.   0.   0.   0.   0.   0.
 0.   0.   0.   0.   0.   0.   0.   0.   0.   0.   0.   0.   0.   0.
 0.   0.   0.   0.   0.   0.   0.   0.   0.   0.   0.   0.  ]"
77,3947,27.5,30,2023-01-16 11:04:58,4356.0,3482.2,39.6,"[6.6 6.6 6.6 6.6 6.6 6.6 6.6 6.6 6.6 6.6 6.6 6.6 6.6 6.6 6.6 6.6 6.6 6.6
 6.6 6.6 6.6 6.6 6.6 6.6 0.  0.  0.  0.  0.  0.  0.  0.  0.  0.  0.  0.
 0.  0.  0.  0.  0.  0.  0.  0.  0.  0.  0.  0.  0.  0.  0.  0.  0.  0.
 0.  0.  0.  0.  0.  0.  0.  0.  0.  0.  0.  0.  0.  0.  0.  0.  0.  0.
 0.  0.  0.  0.  0.  0.  0.  0.  0.  0.  0.  0.  0.  0.  0.  0.  0.  0.
 0.  0.  0.  0.  0.  0. ]"
78,3948,27.5,30,2023-01-16 12:02:13,1073.9,636.5,9.8,"[5.58 5.58 5.58 5.58 5.58 5.58 5.58 0.   0.   0.   0.   0.   0.   0.
 0.   0.   0.   0.   0.   0.   0.   0.   0.   0.   0.   0.   0.   0.
 0.   0.   0.   0.   0.   0.   0.   0.   0.   0.   0.   0.   0.   0.
 0.   0.   0.   0.   0.   0.   0.   0.   0.   0.   0.   0.   0.   0.
 0.   0.   0.   0.   0.   0.   0.   0.   0.   0.   0.   0.   0.   0.
 0.   0.   0.   0.   0.   0.   0.   0.   0.   0.   0.   0.   0.   0.
 0.   0.   0.   0.   0.   0.   0.   0.   0.   0.   0.   0.  ]"
79,3951,27.5,30,2023-01-16 15:35:11,2459.1,2865.1,22.4,"[6.6  2.34 0.56 0.56 0.56 0.56 3.4  3.4  3.4  3.4  3.4  3.4  3.4  3.4
 3.4  3.53 3.53 3.53 3.53 3.53 3.53 6.6  6.6  6.6  6.6  0.   0.   0.
 0.   0.   0.   0.   0.   0.   0.   0.   0.   0.   0.   0.   0.   0.
 0.   0.   0.   0.   0.   0.   0.   0.   0.   0.   0.   0.   0.   0.
 0.   0.   0.   0.   0.   0.   0.   0.   0.   0.   0.   0.   0.   0.
 0.   0.   0.   0.   0.   0.   0.   0.   0.   0.   0.   0.   0.   0.
 0.   0.   0.   0.   0.   0.   0.   0.   0.   0.   0.   0.  ]"
80,3952,27.5,30,2023-01-16 16:08:25,1351.4,1960.7,12.3,"[1.22 1.22 1.22 1.22 2.92 2.92 2.92 2.92 2.92 2.92 2.92 2.92 2.92 2.99
 2.99 2.99 2.99 2.99 2.99 0.   0.   0.   0.   0.   0.   0.   0.   0.
 0.   0.   0.   0.   0.   0.   0.   0.   0.   0.   0.   0.   0.   0.
 0.   0.   0.   0.   0.   0.   0.   0.   0.   0.   0.   0.   0.   0.
 0.   0.   0.   0.   0.   0.   0.   0.   0.   0.   0.   0.   0.   0.
 0.   0.   0.   0.   0.   0.   0.   0.   0.   0.   0.   0.   0.   0.
 0.   0.   0.   0.   0.   0.   0.   0.   0.   0.   0.   0.  ]"
81,3953,27.5,30,2023-01-17 06:20:42,907.5,613.8,8.2,"[4.4 4.4 4.4 4.4 4.4 4.4 3.3 3.3 0.  0.  0.  0.  0.  0.  0.  0.  0.  0.
 0.  0.  0.  0.  0.  0.  0.  0.  0.  0.  0.  0.  0.  0.  0.  0.  0.  0.
 0.  0.  0.  0.  0.  0.  0.  0.  0.  0.  0.  0.  0.  0.  0.  0.  0.  0.
 0.  0.  0.  0.  0.  0.  0.  0.  0.  0.  0.  0.  0.  0.  0.  0.  0.  0.
 0.  0.  0.  0.  0.  0.  0.  0.  0.  0.  0.  0.  0.  0.  0.  0.  0.  0.
 0.  0.  0.  0.  0.  0. ]"
82,3954,27.5,30,2023-01-17 07:46:58,5725.8,4434.4,52.1,"[6.02 6.34 6.34 6.51 5.18 5.18 5.18 5.18 5.18 5.18 5.18 5.18 5.18 5.18
 5.18 5.18 5.18 5.18 5.18 5.18 5.18 5.18 5.18 5.18 5.18 5.18 5.17 5.17
 5.17 5.17 5.17 5.57 6.13 6.13 6.13 6.39 6.39 6.39 0.   0.   0.   0.
 0.   0.   0.   0.   0.   0.   0.   0.   0.   0.   0.   0.   0.   0.
 0.   0.   0.   0.   0.   0.   0.   0.   0.   0.   0.   0.   0.   0.
 0.   0.   0.   0.   0.   0.   0.   0.   0.   0.   0.   0.   0.   0.
 0.   0.   0.   0.   0.   0.   0.   0.   0.   0.   0.   0.  ]"
83,3955,27.5,30,2023-01-17 07:58:44,2388.5,1472.9,21.7,"[0.   0.   0.   3.14 3.1  3.1  3.1  3.1  3.1  3.1  3.1  3.1  3.1  3.1
 3.1  3.1  3.1  3.1  3.1  3.1  3.1  3.1  3.1  3.1  3.1  3.1  3.1  3.1
 3.1  3.1  3.1  0.   0.   0.   0.   0.   0.   0.   0.   0.   0.   0.
 0.   0.   0.   0.   0.   0.   0.   0.   0.   0.   0.   0.   0.   0.
 0.   0.   0.   0.   0.   0.   0.   0.   0.   0.   0.   0.   0.   0.
 0.   0.   0.   0.   0.   0.   0.   0.   0.   0.   0.   0.   0.   0.
 0.   0.   0.   0.   0.   0.   0.   0.   0.   0.   0.   0.  ]"
84,3956,27.5,30,2023-01-17 08:06:38,3328.0,3015.4,30.3,"[0.   0.   4.18 2.62 2.62 2.63 2.63 2.63 2.63 2.63 2.63 2.63 2.63 2.63
 2.63 2.63 2.63 2.63 2.63 2.63 2.63 2.63 2.63 2.63 2.63 2.63 2.63 2.63
 2.63 2.63 4.27 5.5  5.5  5.5  6.37 6.37 6.37 5.96 0.   0.   0.   0.
 0.   0.   0.   0.   0.   0.   0.   0.   0.   0.   0.   0.   0.   0.
 0.   0.   0.   0.   0.   0.   0.   0.   0.   0.   0.   0.   0.   0.
 0.   0.   0.   0.   0.   0.   0.   0.   0.   0.   0.   0.   0.   0.
 0.   0.   0.   0.   0.   0.   0.   0.   0.   0.   0.   0.  ]"
85,3957,27.5,30,2023-01-17 08:42:33,2623.1,1726.6,23.8,"[0.   3.14 3.14 3.19 3.19 3.19 3.19 3.19 3.19 3.19 3.19 3.19 3.19 3.19
 3.19 3.19 3.19 3.19 3.19 3.19 3.19 3.19 3.19 3.2  3.2  3.2  3.2  3.2
 4.65 4.65 0.   0.   0.   0.   0.   0.   0.   0.   0.   0.   0.   0.
 0.   0.   0.   0.   0.   0.   0.   0.   0.   0.   0.   0.   0.   0.
 0.   0.   0.   0.   0.   0.   0.   0.   0.   0.   0.   0.   0.   0.
 0.   0.   0.   0.   0.   0.   0.   0.   0.   0.   0.   0.   0.   0.
 0.   0.   0.   0.   0.   0.   0.   0.   0.   0.   0.   0.  ]"
86,3958,27.5,30,2023-01-17 08:55:20,1530.1,939.1,13.9,"[2.88 2.88 2.   2.   2.   2.   2.   2.   2.   2.   2.   2.   2.   2.
 2.   2.   2.   2.   2.   2.   2.   2.   1.99 1.99 1.99 1.99 1.99 0.
 0.   0.   0.   0.   0.   0.   0.   0.   0.   0.   0.   0.   0.   0.
 0.   0.   0.   0.   0.   0.   0.   0.   0.   0.   0.   0.   0.   0.
 0.   0.   0.   0.   0.   0.   0.   0.   0.   0.   0.   0.   0.   0.
 0.   0.   0.   0.   0.   0.   0.   0.   0.   0.   0.   0.   0.   0.
 0.   0.   0.   0.   0.   0.   0.   0.   0.   0.   0.   0.  ]"
87,3959,20.0,30,2023-01-17 09:16:00,1793.1,1919.9,22.4,"[2.73 2.73 2.73 2.73 2.73 2.73 2.73 2.73 2.73 2.73 2.73 2.73 2.73 2.73
 2.73 2.73 2.73 2.73 2.73 2.73 2.73 2.73 2.73 2.73 2.73 4.34 5.72 5.72
 5.72 0.   0.   0.   0.   0.   0.   0.   0.   0.   0.   0.   0.   0.
 0.   0.   0.   0.   0.   0.   0.   0.   0.   0.   0.   0.   0.   0.
 0.   0.   0.   0.   0.   0.   0.   0.   0.   0.   0.   0.   0.   0.
 0.   0.   0.   0.   0.   0.   0.   0.   0.   0.   0.   0.   0.   0.
 0.   0.   0.   0.   0.   0.   0.   0.   0.   0.   0.   0.  ]"
88,3960,27.5,30,2023-01-17 09:18:11,3531.6,2122.8,32.1,"[6.42 6.42 6.42 6.42 6.42 6.42 6.42 6.42 6.42 6.42 6.42 6.42 6.42 6.42
 6.42 6.42 6.42 6.42 6.42 6.42 0.   0.   0.   0.   0.   0.   0.   0.
 0.   0.   0.   0.   0.   0.   0.   0.   0.   0.   0.   0.   0.   0.
 0.   0.   0.   0.   0.   0.   0.   0.   0.   0.   0.   0.   0.   0.
 0.   0.   0.   0.   0.   0.   0.   0.   0.   0.   0.   0.   0.   0.
 0.   0.   0.   0.   0.   0.   0.   0.   0.   0.   0.   0.   0.   0.
 0.   0.   0.   0.   0.   0.   0.   0.   0.   0.   0.   0.  ]"
89,3961,27.5,30,2023-01-17 15:54:37,720.0,1044.6,6.5,"[1.77 1.77 1.77 3.76 3.76 3.76 4.92 4.67 0.   0.   0.   0.   0.   0.
 0.   0.   0.   0.   0.   0.   0.   0.   0.   0.   0.   0.   0.   0.
 0.   0.   0.   0.   0.   0.   0.   0.   0.   0.   0.   0.   0.   0.
 0.   0.   0.   0.   0.   0.   0.   0.   0.   0.   0.   0.   0.   0.
 0.   0.   0.   0.   0.   0.   0.   0.   0.   0.   0.   0.   0.   0.
 0.   0.   0.   0.   0.   0.   0.   0.   0.   0.   0.   0.   0.   0.
 0.   0.   0.   0.   0.   0.   0.   0.   0.   0.   0.   0.  ]"
90,3962,27.5,30,2023-01-18 06:12:33,968.0,654.7,8.8,"[3.91 3.91 3.91 3.91 3.91 3.91 3.91 3.91 3.91 0.   0.   0.   0.   0.
 0.   0.   0.   0.   0.   0.   0.   0.   0.   0.   0.   0.   0.   0.
 0.   0.   0.   0.   0.   0.   0.   0.   0.   0.   0.   0.   0.   0.
 0.   0.   0.   0.   0.   0.   0.   0.   0.   0.   0.   0.   0.   0.
 0.   0.   0.   0.   0.   0.   0.   0.   0.   0.   0.   0.   0.   0.
 0.   0.   0.   0.   0.   0.   0.   0.   0.   0.   0.   0.   0.   0.
 0.   0.   0.   0.   0.   0.   0.   0.   0.   0.   0.   0.  ]"
91,3963,27.5,30,2023-01-18 08:04:22,3448.5,2089.6,31.4,"[6.6 6.6 6.6 6.6 6.6 6.6 6.6 6.6 6.6 6.6 6.6 6.6 6.6 6.6 6.6 6.6 6.6 6.6
 6.6 0.  0.  0.  0.  0.  0.  0.  0.  0.  0.  0.  0.  0.  0.  0.  0.  0.
 0.  0.  0.  0.  0.  0.  0.  0.  0.  0.  0.  0.  0.  0.  0.  0.  0.  0.
 0.  0.  0.  0.  0.  0.  0.  0.  0.  0.  0.  0.  0.  0.  0.  0.  0.  0.
 0.  0.  0.  0.  0.  0.  0.  0.  0.  0.  0.  0.  0.  0.  0.  0.  0.  0.
 0.  0.  0.  0.  0.  0. ]"
92,3964,27.5,30,2023-01-18 08:45:36,4356.0,2642.6,39.6,"[6.6 6.6 6.6 6.6 6.6 6.6 6.6 6.6 6.6 6.6 6.6 6.6 6.6 6.6 6.6 6.6 6.6 6.6
 6.6 6.6 6.6 6.6 6.6 6.6 0.  0.  0.  0.  0.  0.  0.  0.  0.  0.  0.  0.
 0.  0.  0.  0.  0.  0.  0.  0.  0.  0.  0.  0.  0.  0.  0.  0.  0.  0.
 0.  0.  0.  0.  0.  0.  0.  0.  0.  0.  0.  0.  0.  0.  0.  0.  0.  0.
 0.  0.  0.  0.  0.  0.  0.  0.  0.  0.  0.  0.  0.  0.  0.  0.  0.  0.
 0.  0.  0.  0.  0.  0. ]"
93,3965,27.5,30,2023-01-18 09:11:13,4008.1,2978.6,36.4,"[6.6  5.45 5.45 4.28 4.28 4.28 4.28 4.28 4.28 4.28 4.28 4.2  4.2  4.2
 4.2  6.18 3.71 3.71 3.71 3.71 3.71 3.71 5.28 5.41 5.41 5.41 5.41 0.95
 3.17 3.17 4.85 4.85 4.85 0.   0.   0.   0.   0.   0.   0.   0.   0.
 0.   0.   0.   0.   0.   0.   0.   0.   0.   0.   0.   0.   0.   0.
 0.   0.   0.   0.   0.   0.   0.   0.   0.   0.   0.   0.   0.   0.
 0.   0.   0.   0.   0.   0.   0.   0.   0.   0.   0.   0.   0.   0.
 0.   0.   0.   0.   0.   0.   0.   0.   0.   0.   0.   0.  ]"
94,3966,27.5,30,2023-01-18 09:30:28,2598.8,1758.6,23.6,"[5.11 5.11 1.16 1.16 1.16 1.16 1.16 1.16 1.16 1.16 1.04 1.04 1.04 1.04
 5.58 5.24 5.24 5.24 5.24 5.24 5.24 5.78 5.79 5.79 5.79 5.79 4.9  0.
 0.   0.   0.   0.   0.   0.   0.   0.   0.   0.   0.   0.   0.   0.
 0.   0.   0.   0.   0.   0.   0.   0.   0.   0.   0.   0.   0.   0.
 0.   0.   0.   0.   0.   0.   0.   0.   0.   0.   0.   0.   0.   0.
 0.   0.   0.   0.   0.   0.   0.   0.   0.   0.   0.   0.   0.   0.
 0.   0.   0.   0.   0.   0.   0.   0.   0.   0.   0.   0.  ]"
95,3968,27.5,30,2023-01-18 09:47:07,1930.0,1346.3,17.5,"[4.45 4.45 4.45 4.45 4.45 4.45 4.45 4.45 0.21 0.21 0.21 0.21 0.29 1.66
 1.66 1.66 1.65 1.65 1.65 4.06 3.25 3.25 3.25 3.25 0.9  2.76 2.76 0.
 0.   0.   0.   0.   0.   0.   0.   0.   0.   0.   0.   0.   0.   0.
 0.   0.   0.   0.   0.   0.   0.   0.   0.   0.   0.   0.   0.   0.
 0.   0.   0.   0.   0.   0.   0.   0.   0.   0.   0.   0.   0.   0.
 0.   0.   0.   0.   0.   0.   0.   0.   0.   0.   0.   0.   0.   0.
 0.   0.   0.   0.   0.   0.   0.   0.   0.   0.   0.   0.  ]"
96,3969,27.5,30,2023-01-18 11:48:55,2073.5,1601.6,18.8,"[6.6  6.6  6.6  6.6  6.6  1.45 1.45 1.45 1.45 1.45 1.45 3.53 4.2  4.2
 4.2  4.2  0.44 0.71 0.71 1.11 1.11 1.11 4.1  4.1  0.   0.   0.   0.
 0.   0.   0.   0.   0.   0.   0.   0.   0.   0.   0.   0.   0.   0.
 0.   0.   0.   0.   0.   0.   0.   0.   0.   0.   0.   0.   0.   0.
 0.   0.   0.   0.   0.   0.   0.   0.   0.   0.   0.   0.   0.   0.
 0.   0.   0.   0.   0.   0.   0.   0.   0.   0.   0.   0.   0.   0.
 0.   0.   0.   0.   0.   0.   0.   0.   0.   0.   0.   0.  ]"
97,3970,27.5,30,2023-01-18 13:08:51,323.6,191.8,2.9,"[3.92 3.92 3.92 0.   0.   0.   0.   0.   0.   0.   0.   0.   0.   0.
 0.   0.   0.   0.   0.   0.   0.   0.   0.   0.   0.   0.   0.   0.
 0.   0.   0.   0.   0.   0.   0.   0.   0.   0.   0.   0.   0.   0.
 0.   0.   0.   0.   0.   0.   0.   0.   0.   0.   0.   0.   0.   0.
 0.   0.   0.   0.   0.   0.   0.   0.   0.   0.   0.   0.   0.   0.
 0.   0.   0.   0.   0.   0.   0.   0.   0.   0.   0.   0.   0.   0.
 0.   0.   0.   0.   0.   0.   0.   0.   0.   0.   0.   0.  ]"
98,3971,27.5,30,2023-01-18 14:49:28,2226.5,2668.2,20.2,"[6.6  6.6  6.6  6.6  0.5  0.62 0.62 0.78 0.78 0.78 2.23 2.23 4.19 4.19
 4.19 4.19 4.19 4.19 4.19 4.19 4.19 4.19 4.19 0.   0.   0.   0.   0.
 0.   0.   0.   0.   0.   0.   0.   0.   0.   0.   0.   0.   0.   0.
 0.   0.   0.   0.   0.   0.   0.   0.   0.   0.   0.   0.   0.   0.
 0.   0.   0.   0.   0.   0.   0.   0.   0.   0.   0.   0.   0.   0.
 0.   0.   0.   0.   0.   0.   0.   0.   0.   0.   0.   0.   0.   0.
 0.   0.   0.   0.   0.   0.   0.   0.   0.   0.   0.   0.  ]"
99,3972,27.5,30,2023-01-18 15:55:52,284.0,412.0,2.6,"[1.26 1.57 1.57 1.98 1.98 1.98 0.   0.   0.   0.   0.   0.   0.   0.
 0.   0.   0.   0.   0.   0.   0.   0.   0.   0.   0.   0.   0.   0.
 0.   0.   0.   0.   0.   0.   0.   0.   0.   0.   0.   0.   0.   0.
 0.   0.   0.   0.   0.   0.   0.   0.   0.   0.   0.   0.   0.   0.
 0.   0.   0.   0.   0.   0.   0.   0.   0.   0.   0.   0.   0.   0.
 0.   0.   0.   0.   0.   0.   0.   0.   0.   0.   0.   0.   0.   0.
 0.   0.   0.   0.   0.   0.   0.   0.   0.   0.   0.   0.  ]"
100,3974,27.5,30,2023-01-19 06:12:32,907.5,613.8,8.2,"[4.4 4.4 4.4 4.4 4.4 4.4 3.3 3.3 0.  0.  0.  0.  0.  0.  0.  0.  0.  0.
 0.  0.  0.  0.  0.  0.  0.  0.  0.  0.  0.  0.  0.  0.  0.  0.  0.  0.
 0.  0.  0.  0.  0.  0.  0.  0.  0.  0.  0.  0.  0.  0.  0.  0.  0.  0.
 0.  0.  0.  0.  0.  0.  0.  0.  0.  0.  0.  0.  0.  0.  0.  0.  0.  0.
 0.  0.  0.  0.  0.  0.  0.  0.  0.  0.  0.  0.  0.  0.  0.  0.  0.  0.
 0.  0.  0.  0.  0.  0. ]"
101,3975,27.5,30,2023-01-19 07:38:24,2609.1,1897.4,23.7,"[0.   0.   0.01 0.01 0.01 4.51 4.51 2.5  2.5  2.5  2.5  2.5  1.11 1.11
 1.11 1.11 1.11 1.11 1.73 1.73 1.73 1.73 3.35 3.35 3.35 4.71 3.83 3.83
 4.56 4.56 4.56 6.28 6.28 2.78 2.78 2.78 2.78 0.   0.   0.   0.   0.
 0.   0.   0.   0.   0.   0.   0.   0.   0.   0.   0.   0.   0.   0.
 0.   0.   0.   0.   0.   0.   0.   0.   0.   0.   0.   0.   0.   0.
 0.   0.   0.   0.   0.   0.   0.   0.   0.   0.   0.   0.   0.   0.
 0.   0.   0.   0.   0.   0.   0.   0.   0.   0.   0.   0.  ]"
102,3976,27.5,30,2023-01-19 07:44:36,1904.1,1128.6,17.3,"[0.   0.   0.01 0.01 0.01 4.58 4.58 4.27 4.27 4.27 4.27 4.27 4.3  4.3
 4.3  4.3  4.3  4.3  3.22 3.22 3.22 3.22 0.   0.   0.   0.   0.   0.
 0.   0.   0.   0.   0.   0.   0.   0.   0.   0.   0.   0.   0.   0.
 0.   0.   0.   0.   0.   0.   0.   0.   0.   0.   0.   0.   0.   0.
 0.   0.   0.   0.   0.   0.   0.   0.   0.   0.   0.   0.   0.   0.
 0.   0.   0.   0.   0.   0.   0.   0.   0.   0.   0.   0.   0.   0.
 0.   0.   0.   0.   0.   0.   0.   0.   0.   0.   0.   0.  ]"
103,3977,27.5,30,2023-01-19 08:04:38,1864.9,1105.4,17.0,"[0.01 0.01 0.01 3.21 3.21 3.07 3.07 3.07 3.07 3.07 3.31 3.31 3.31 3.31
 3.31 3.31 3.03 3.03 3.03 3.03 4.67 4.67 4.67 0.   0.   0.   0.   0.
 0.   0.   0.   0.   0.   0.   0.   0.   0.   0.   0.   0.   0.   0.
 0.   0.   0.   0.   0.   0.   0.   0.   0.   0.   0.   0.   0.   0.
 0.   0.   0.   0.   0.   0.   0.   0.   0.   0.   0.   0.   0.   0.
 0.   0.   0.   0.   0.   0.   0.   0.   0.   0.   0.   0.   0.   0.
 0.   0.   0.   0.   0.   0.   0.   0.   0.   0.   0.   0.  ]"
104,3978,27.5,30,2023-01-19 08:11:50,2641.9,1566.1,24.0,"[0.03 0.03 0.03 6.35 6.35 5.92 5.92 5.92 5.92 5.92 5.97 5.97 5.97 5.97
 5.97 5.97 4.46 4.46 4.46 4.46 0.   0.   0.   0.   0.   0.   0.   0.
 0.   0.   0.   0.   0.   0.   0.   0.   0.   0.   0.   0.   0.   0.
 0.   0.   0.   0.   0.   0.   0.   0.   0.   0.   0.   0.   0.   0.
 0.   0.   0.   0.   0.   0.   0.   0.   0.   0.   0.   0.   0.   0.
 0.   0.   0.   0.   0.   0.   0.   0.   0.   0.   0.   0.   0.   0.
 0.   0.   0.   0.   0.   0.   0.   0.   0.   0.   0.   0.  ]"
105,3979,27.5,30,2023-01-19 08:12:08,2476.4,1540.7,22.5,"[0.   0.   0.   4.69 4.69 2.87 2.87 2.87 2.87 2.87 1.77 1.77 1.77 1.77
 1.77 1.77 2.67 2.67 2.67 2.67 4.45 4.45 4.45 5.25 4.29 4.29 5.94 5.94
 5.94 0.   0.   0.   0.   0.   0.   0.   0.   0.   0.   0.   0.   0.
 0.   0.   0.   0.   0.   0.   0.   0.   0.   0.   0.   0.   0.   0.
 0.   0.   0.   0.   0.   0.   0.   0.   0.   0.   0.   0.   0.   0.
 0.   0.   0.   0.   0.   0.   0.   0.   0.   0.   0.   0.   0.   0.
 0.   0.   0.   0.   0.   0.   0.   0.   0.   0.   0.   0.  ]"
106,3980,27.5,30,2023-01-19 09:21:34,3525.4,2677.2,32.0,"[6.6  6.6  6.6  6.6  6.6  2.19 2.19 2.19 2.19 2.19 2.19 2.28 2.28 2.28
 2.28 4.1  4.1  4.1  5.17 4.44 4.44 4.36 4.36 4.36 6.21 6.21 1.33 1.33
 1.33 1.33 2.25 2.25 2.25 2.25 2.25 2.25 2.25 0.   0.   0.   0.   0.
 0.   0.   0.   0.   0.   0.   0.   0.   0.   0.   0.   0.   0.   0.
 0.   0.   0.   0.   0.   0.   0.   0.   0.   0.   0.   0.   0.   0.
 0.   0.   0.   0.   0.   0.   0.   0.   0.   0.   0.   0.   0.   0.
 0.   0.   0.   0.   0.   0.   0.   0.   0.   0.   0.   0.  ]"
107,3981,27.5,30,2023-01-19 10:44:03,1454.9,898.5,13.2,"[4.34 4.34 4.34 4.34 4.34 4.34 1.24 1.24 1.24 1.24 2.07 2.07 2.07 3.52
 6.1  6.1  0.   0.   0.   0.   0.   0.   0.   0.   0.   0.   0.   0.
 0.   0.   0.   0.   0.   0.   0.   0.   0.   0.   0.   0.   0.   0.
 0.   0.   0.   0.   0.   0.   0.   0.   0.   0.   0.   0.   0.   0.
 0.   0.   0.   0.   0.   0.   0.   0.   0.   0.   0.   0.   0.   0.
 0.   0.   0.   0.   0.   0.   0.   0.   0.   0.   0.   0.   0.   0.
 0.   0.   0.   0.   0.   0.   0.   0.   0.   0.   0.   0.  ]"
108,3982,27.5,30,2023-01-19 12:15:18,666.5,395.1,6.1,"[3.45 3.45 3.45 3.45 3.48 3.48 3.48 0.   0.   0.   0.   0.   0.   0.
 0.   0.   0.   0.   0.   0.   0.   0.   0.   0.   0.   0.   0.   0.
 0.   0.   0.   0.   0.   0.   0.   0.   0.   0.   0.   0.   0.   0.
 0.   0.   0.   0.   0.   0.   0.   0.   0.   0.   0.   0.   0.   0.
 0.   0.   0.   0.   0.   0.   0.   0.   0.   0.   0.   0.   0.   0.
 0.   0.   0.   0.   0.   0.   0.   0.   0.   0.   0.   0.   0.   0.
 0.   0.   0.   0.   0.   0.   0.   0.   0.   0.   0.   0.  ]"
109,3983,27.5,30,2023-01-19 14:14:38,1690.1,1666.8,15.4,"[6.6  6.6  3.78 3.78 3.78 6.16 6.16 1.03 1.03 1.03 1.03 1.56 1.56 1.56
 1.56 1.56 1.56 1.56 2.24 3.64 3.64 0.   0.   0.   0.   0.   0.   0.
 0.   0.   0.   0.   0.   0.   0.   0.   0.   0.   0.   0.   0.   0.
 0.   0.   0.   0.   0.   0.   0.   0.   0.   0.   0.   0.   0.   0.
 0.   0.   0.   0.   0.   0.   0.   0.   0.   0.   0.   0.   0.   0.
 0.   0.   0.   0.   0.   0.   0.   0.   0.   0.   0.   0.   0.   0.
 0.   0.   0.   0.   0.   0.   0.   0.   0.   0.   0.   0.  ]"
110,3984,27.5,30,2023-01-19 14:37:33,1491.9,1461.8,13.6,"[6.6  6.6  6.6  6.6  6.6  1.2  1.2  1.2  1.2  1.94 1.94 1.94 1.94 1.94
 1.94 1.94 2.86 0.   0.   0.   0.   0.   0.   0.   0.   0.   0.   0.
 0.   0.   0.   0.   0.   0.   0.   0.   0.   0.   0.   0.   0.   0.
 0.   0.   0.   0.   0.   0.   0.   0.   0.   0.   0.   0.   0.   0.
 0.   0.   0.   0.   0.   0.   0.   0.   0.   0.   0.   0.   0.   0.
 0.   0.   0.   0.   0.   0.   0.   0.   0.   0.   0.   0.   0.   0.
 0.   0.   0.   0.   0.   0.   0.   0.   0.   0.   0.   0.  ]"
111,3985,27.5,30,2023-01-19 15:52:42,1976.4,2586.4,18.0,"[1.91 1.91 1.91 1.91 2.22 2.22 2.22 2.22 2.22 2.22 2.22 2.57 3.31 3.31
 4.39 4.39 4.39 4.39 4.39 4.39 6.6  6.6  0.   0.   0.   0.   0.   0.
 0.   0.   0.   0.   0.   0.   0.   0.   0.   0.   0.   0.   0.   0.
 0.   0.   0.   0.   0.   0.   0.   0.   0.   0.   0.   0.   0.   0.
 0.   0.   0.   0.   0.   0.   0.   0.   0.   0.   0.   0.   0.   0.
 0.   0.   0.   0.   0.   0.   0.   0.   0.   0.   0.   0.   0.   0.
 0.   0.   0.   0.   0.   0.   0.   0.   0.   0.   0.   0.  ]"
112,3986,27.5,30,2023-01-19 22:18:45,277.8,187.9,2.5,"[3.37 3.37 3.37 0.   0.   0.   0.   0.   0.   0.   0.   0.   0.   0.
 0.   0.   0.   0.   0.   0.   0.   0.   0.   0.   0.   0.   0.   0.
 0.   0.   0.   0.   0.   0.   0.   0.   0.   0.   0.   0.   0.   0.
 0.   0.   0.   0.   0.   0.   0.   0.   0.   0.   0.   0.   0.   0.
 0.   0.   0.   0.   0.   0.   0.   0.   0.   0.   0.   0.   0.   0.
 0.   0.   0.   0.   0.   0.   0.   0.   0.   0.   0.   0.   0.   0.
 0.   0.   0.   0.   0.   0.   0.   0.   0.   0.   0.   0.  ]"
113,3987,27.5,30,2023-01-20 06:26:49,829.7,561.2,7.5,"[5.03 5.03 5.03 5.03 5.03 2.51 2.51 0.   0.   0.   0.   0.   0.   0.
 0.   0.   0.   0.   0.   0.   0.   0.   0.   0.   0.   0.   0.   0.
 0.   0.   0.   0.   0.   0.   0.   0.   0.   0.   0.   0.   0.   0.
 0.   0.   0.   0.   0.   0.   0.   0.   0.   0.   0.   0.   0.   0.
 0.   0.   0.   0.   0.   0.   0.   0.   0.   0.   0.   0.   0.   0.
 0.   0.   0.   0.   0.   0.   0.   0.   0.   0.   0.   0.   0.   0.
 0.   0.   0.   0.   0.   0.   0.   0.   0.   0.   0.   0.  ]"
114,3988,27.5,30,2023-01-20 07:36:20,1421.8,842.7,12.9,"[0.   0.   0.   0.   0.   3.38 3.45 3.45 3.45 3.45 3.45 3.45 3.45 3.45
 3.45 3.45 3.45 3.45 3.45 3.45 0.   0.   0.   0.   0.   0.   0.   0.
 0.   0.   0.   0.   0.   0.   0.   0.   0.   0.   0.   0.   0.   0.
 0.   0.   0.   0.   0.   0.   0.   0.   0.   0.   0.   0.   0.   0.
 0.   0.   0.   0.   0.   0.   0.   0.   0.   0.   0.   0.   0.   0.
 0.   0.   0.   0.   0.   0.   0.   0.   0.   0.   0.   0.   0.   0.
 0.   0.   0.   0.   0.   0.   0.   0.   0.   0.   0.   0.  ]"
115,3989,27.5,30,2023-01-20 09:00:30,833.5,494.0,7.6,"[1.42 1.22 1.22 1.22 1.22 1.22 1.22 1.22 1.22 1.22 1.22 1.22 1.22 1.22
 1.22 2.35 2.35 2.35 2.35 2.35 0.   0.   0.   0.   0.   0.   0.   0.
 0.   0.   0.   0.   0.   0.   0.   0.   0.   0.   0.   0.   0.   0.
 0.   0.   0.   0.   0.   0.   0.   0.   0.   0.   0.   0.   0.   0.
 0.   0.   0.   0.   0.   0.   0.   0.   0.   0.   0.   0.   0.   0.
 0.   0.   0.   0.   0.   0.   0.   0.   0.   0.   0.   0.   0.   0.
 0.   0.   0.   0.   0.   0.   0.   0.   0.   0.   0.   0.  ]"
116,3990,27.5,30,2023-01-20 09:15:53,2000.9,1186.0,18.2,"[3.55 3.55 3.55 3.55 3.55 3.55 3.55 3.55 3.55 3.55 3.55 3.55 3.55 3.55
 4.62 4.62 4.62 4.62 4.62 0.   0.   0.   0.   0.   0.   0.   0.   0.
 0.   0.   0.   0.   0.   0.   0.   0.   0.   0.   0.   0.   0.   0.
 0.   0.   0.   0.   0.   0.   0.   0.   0.   0.   0.   0.   0.   0.
 0.   0.   0.   0.   0.   0.   0.   0.   0.   0.   0.   0.   0.   0.
 0.   0.   0.   0.   0.   0.   0.   0.   0.   0.   0.   0.   0.   0.
 0.   0.   0.   0.   0.   0.   0.   0.   0.   0.   0.   0.  ]"
117,3992,27.5,30,2023-01-20 21:31:56,498.9,337.4,4.5,"[3.02 3.02 3.02 3.02 3.02 3.02 0.   0.   0.   0.   0.   0.   0.   0.
 0.   0.   0.   0.   0.   0.   0.   0.   0.   0.   0.   0.   0.   0.
 0.   0.   0.   0.   0.   0.   0.   0.   0.   0.   0.   0.   0.   0.
 0.   0.   0.   0.   0.   0.   0.   0.   0.   0.   0.   0.   0.   0.
 0.   0.   0.   0.   0.   0.   0.   0.   0.   0.   0.   0.   0.   0.
 0.   0.   0.   0.   0.   0.   0.   0.   0.   0.   0.   0.   0.   0.
 0.   0.   0.   0.   0.   0.   0.   0.   0.   0.   0.   0.  ]"
118,3993,27.5,30,2023-01-21 08:58:02,2470.8,1464.5,22.5,"[4.49 4.49 4.49 4.49 4.49 4.49 4.49 4.49 4.49 4.49 4.49 4.49 4.49 4.49
 4.49 4.49 4.49 4.49 4.49 4.49 0.   0.   0.   0.   0.   0.   0.   0.
 0.   0.   0.   0.   0.   0.   0.   0.   0.   0.   0.   0.   0.   0.
 0.   0.   0.   0.   0.   0.   0.   0.   0.   0.   0.   0.   0.   0.
 0.   0.   0.   0.   0.   0.   0.   0.   0.   0.   0.   0.   0.   0.
 0.   0.   0.   0.   0.   0.   0.   0.   0.   0.   0.   0.   0.   0.
 0.   0.   0.   0.   0.   0.   0.   0.   0.   0.   0.   0.  ]"
119,3997,27.5,30,2023-01-21 16:10:38,538.9,781.9,4.9,"[3.27 3.27 3.27 3.27 3.27 3.27 0.   0.   0.   0.   0.   0.   0.   0.
 0.   0.   0.   0.   0.   0.   0.   0.   0.   0.   0.   0.   0.   0.
 0.   0.   0.   0.   0.   0.   0.   0.   0.   0.   0.   0.   0.   0.
 0.   0.   0.   0.   0.   0.   0.   0.   0.   0.   0.   0.   0.   0.
 0.   0.   0.   0.   0.   0.   0.   0.   0.   0.   0.   0.   0.   0.
 0.   0.   0.   0.   0.   0.   0.   0.   0.   0.   0.   0.   0.   0.
 0.   0.   0.   0.   0.   0.   0.   0.   0.   0.   0.   0.  ]"
120,3998,27.5,30,2023-01-21 17:17:45,1115.0,914.8,10.1,"[0.54 0.54 0.54 0.54 0.54 0.54 0.54 0.54 0.54 0.54 0.54 0.54 0.54 0.54
 6.6  5.28 5.28 5.28 5.28 5.28 0.   0.   0.   0.   0.   0.   0.   0.
 0.   0.   0.   0.   0.   0.   0.   0.   0.   0.   0.   0.   0.   0.
 0.   0.   0.   0.   0.   0.   0.   0.   0.   0.   0.   0.   0.   0.
 0.   0.   0.   0.   0.   0.   0.   0.   0.   0.   0.   0.   0.   0.
 0.   0.   0.   0.   0.   0.   0.   0.   0.   0.   0.   0.   0.   0.
 0.   0.   0.   0.   0.   0.   0.   0.   0.   0.   0.   0.  ]"
121,3999,27.5,30,2023-01-21 21:12:29,708.9,479.5,6.4,"[2.04 2.04 2.04 2.04 2.04 5.2  5.2  5.2  0.   0.   0.   0.   0.   0.
 0.   0.   0.   0.   0.   0.   0.   0.   0.   0.   0.   0.   0.   0.
 0.   0.   0.   0.   0.   0.   0.   0.   0.   0.   0.   0.   0.   0.
 0.   0.   0.   0.   0.   0.   0.   0.   0.   0.   0.   0.   0.   0.
 0.   0.   0.   0.   0.   0.   0.   0.   0.   0.   0.   0.   0.   0.
 0.   0.   0.   0.   0.   0.   0.   0.   0.   0.   0.   0.   0.   0.
 0.   0.   0.   0.   0.   0.   0.   0.   0.   0.   0.   0.  ]"
122,4001,27.5,30,2023-01-22 22:03:34,347.9,235.3,3.2,"[3.16 3.16 3.16 3.16 0.   0.   0.   0.   0.   0.   0.   0.   0.   0.
 0.   0.   0.   0.   0.   0.   0.   0.   0.   0.   0.   0.   0.   0.
 0.   0.   0.   0.   0.   0.   0.   0.   0.   0.   0.   0.   0.   0.
 0.   0.   0.   0.   0.   0.   0.   0.   0.   0.   0.   0.   0.   0.
 0.   0.   0.   0.   0.   0.   0.   0.   0.   0.   0.   0.   0.   0.
 0.   0.   0.   0.   0.   0.   0.   0.   0.   0.   0.   0.   0.   0.
 0.   0.   0.   0.   0.   0.   0.   0.   0.   0.   0.   0.  ]"
123,4002,27.5,30,2023-01-23 07:30:24,1512.3,896.4,13.7,"[0.  0.  0.  0.  0.  0.  5.5 5.5 5.5 5.5 5.5 5.5 5.5 5.5 5.5 5.5 0.  0.
 0.  0.  0.  0.  0.  0.  0.  0.  0.  0.  0.  0.  0.  0.  0.  0.  0.  0.
 0.  0.  0.  0.  0.  0.  0.  0.  0.  0.  0.  0.  0.  0.  0.  0.  0.  0.
 0.  0.  0.  0.  0.  0.  0.  0.  0.  0.  0.  0.  0.  0.  0.  0.  0.  0.
 0.  0.  0.  0.  0.  0.  0.  0.  0.  0.  0.  0.  0.  0.  0.  0.  0.  0.
 0.  0.  0.  0.  0.  0. ]"
124,4003,27.5,30,2023-01-23 08:19:44,2567.3,1708.3,23.3,"[0.   0.   3.94 3.76 2.39 1.52 1.52 1.52 1.52 1.52 1.52 1.52 3.28 3.28
 3.28 3.28 3.28 3.28 3.28 3.28 4.6  4.6  3.73 3.73 4.37 4.37 4.37 4.75
 3.57 3.57 0.78 0.78 0.78 0.78 0.78 0.82 0.   0.   0.   0.   0.   0.
 0.   0.   0.   0.   0.   0.   0.   0.   0.   0.   0.   0.   0.   0.
 0.   0.   0.   0.   0.   0.   0.   0.   0.   0.   0.   0.   0.   0.
 0.   0.   0.   0.   0.   0.   0.   0.   0.   0.   0.   0.   0.   0.
 0.   0.   0.   0.   0.   0.   0.   0.   0.   0.   0.   0.  ]"
125,4004,27.5,30,2023-01-23 08:46:06,1513.7,897.2,13.8,"[1.89 2.34 2.56 2.03 2.03 2.03 2.03 2.03 2.03 2.03 4.26 4.26 4.26 4.26
 4.26 4.26 4.26 4.26 0.   0.   0.   0.   0.   0.   0.   0.   0.   0.
 0.   0.   0.   0.   0.   0.   0.   0.   0.   0.   0.   0.   0.   0.
 0.   0.   0.   0.   0.   0.   0.   0.   0.   0.   0.   0.   0.   0.
 0.   0.   0.   0.   0.   0.   0.   0.   0.   0.   0.   0.   0.   0.
 0.   0.   0.   0.   0.   0.   0.   0.   0.   0.   0.   0.   0.   0.
 0.   0.   0.   0.   0.   0.   0.   0.   0.   0.   0.   0.  ]"
126,4005,27.5,30,2023-01-23 08:52:32,2332.7,1434.3,21.2,"[3.85 3.28 2.6  1.74 1.74 1.74 1.74 1.74 1.74 1.74 3.83 3.83 3.83 3.83
 3.83 3.83 3.83 3.83 4.91 4.91 4.22 4.22 4.66 4.66 4.66 0.   0.   0.
 0.   0.   0.   0.   0.   0.   0.   0.   0.   0.   0.   0.   0.   0.
 0.   0.   0.   0.   0.   0.   0.   0.   0.   0.   0.   0.   0.   0.
 0.   0.   0.   0.   0.   0.   0.   0.   0.   0.   0.   0.   0.   0.
 0.   0.   0.   0.   0.   0.   0.   0.   0.   0.   0.   0.   0.   0.
 0.   0.   0.   0.   0.   0.   0.   0.   0.   0.   0.   0.  ]"
127,4006,27.5,30,2023-01-23 09:03:20,1174.6,708.4,10.7,"[2.   1.56 1.18 1.18 1.18 1.18 1.18 1.18 1.18 2.28 2.28 2.28 2.28 2.28
 2.28 2.28 2.28 3.69 3.69 2.65 2.65 0.   0.   0.   0.   0.   0.   0.
 0.   0.   0.   0.   0.   0.   0.   0.   0.   0.   0.   0.   0.   0.
 0.   0.   0.   0.   0.   0.   0.   0.   0.   0.   0.   0.   0.   0.
 0.   0.   0.   0.   0.   0.   0.   0.   0.   0.   0.   0.   0.   0.
 0.   0.   0.   0.   0.   0.   0.   0.   0.   0.   0.   0.   0.   0.
 0.   0.   0.   0.   0.   0.   0.   0.   0.   0.   0.   0.  ]"
128,4008,27.5,30,2023-01-23 09:22:40,3500.5,2299.1,31.8,"[4.05 3.66 3.66 3.66 3.66 3.66 3.66 3.66 5.   5.   5.   5.   5.   5.
 5.   5.   5.45 5.45 5.14 5.14 5.33 5.33 5.33 5.48 4.76 4.76 0.59 0.59
 0.59 0.59 0.59 0.61 0.64 0.64 0.64 0.   0.   0.   0.   0.   0.   0.
 0.   0.   0.   0.   0.   0.   0.   0.   0.   0.   0.   0.   0.   0.
 0.   0.   0.   0.   0.   0.   0.   0.   0.   0.   0.   0.   0.   0.
 0.   0.   0.   0.   0.   0.   0.   0.   0.   0.   0.   0.   0.   0.
 0.   0.   0.   0.   0.   0.   0.   0.   0.   0.   0.   0.  ]"
129,4009,27.5,30,2023-01-23 09:28:53,679.1,402.5,6.2,"[3.53 3.02 3.02 3.02 3.02 3.02 3.02 3.02 0.   0.   0.   0.   0.   0.
 0.   0.   0.   0.   0.   0.   0.   0.   0.   0.   0.   0.   0.   0.
 0.   0.   0.   0.   0.   0.   0.   0.   0.   0.   0.   0.   0.   0.
 0.   0.   0.   0.   0.   0.   0.   0.   0.   0.   0.   0.   0.   0.
 0.   0.   0.   0.   0.   0.   0.   0.   0.   0.   0.   0.   0.   0.
 0.   0.   0.   0.   0.   0.   0.   0.   0.   0.   0.   0.   0.   0.
 0.   0.   0.   0.   0.   0.   0.   0.   0.   0.   0.   0.  ]"
130,4012,27.5,30,2023-01-23 09:33:01,3375.7,2052.0,30.7,"[6.6  6.6  6.6  6.6  6.6  6.6  6.6  6.6  6.6  6.6  6.6  6.6  6.6  6.6
 6.6  6.6  6.6  1.33 1.33 1.37 1.37 1.37 1.26 0.63 0.63 0.14 0.14 0.14
 0.14 0.14 0.13 0.11 0.11 0.11 0.09 0.   0.   0.   0.   0.   0.   0.
 0.   0.   0.   0.   0.   0.   0.   0.   0.   0.   0.   0.   0.   0.
 0.   0.   0.   0.   0.   0.   0.   0.   0.   0.   0.   0.   0.   0.
 0.   0.   0.   0.   0.   0.   0.   0.   0.   0.   0.   0.   0.   0.
 0.   0.   0.   0.   0.   0.   0.   0.   0.   0.   0.   0.  ]"
131,4013,27.5,30,2023-01-23 15:18:21,996.4,1164.5,9.1,"[6.6  6.6  1.45 1.45 1.45 1.45 1.45 1.58 1.89 1.89 1.89 2.12 2.14 2.14
 2.14 0.   0.   0.   0.   0.   0.   0.   0.   0.   0.   0.   0.   0.
 0.   0.   0.   0.   0.   0.   0.   0.   0.   0.   0.   0.   0.   0.
 0.   0.   0.   0.   0.   0.   0.   0.   0.   0.   0.   0.   0.   0.
 0.   0.   0.   0.   0.   0.   0.   0.   0.   0.   0.   0.   0.   0.
 0.   0.   0.   0.   0.   0.   0.   0.   0.   0.   0.   0.   0.   0.
 0.   0.   0.   0.   0.   0.   0.   0.   0.   0.   0.   0.  ]"
132,4015,27.5,30,2023-01-23 16:00:44,96.0,139.3,0.9,"[0.7 0.7 0.7 0.7 0.7 0.  0.  0.  0.  0.  0.  0.  0.  0.  0.  0.  0.  0.
 0.  0.  0.  0.  0.  0.  0.  0.  0.  0.  0.  0.  0.  0.  0.  0.  0.  0.
 0.  0.  0.  0.  0.  0.  0.  0.  0.  0.  0.  0.  0.  0.  0.  0.  0.  0.
 0.  0.  0.  0.  0.  0.  0.  0.  0.  0.  0.  0.  0.  0.  0.  0.  0.  0.
 0.  0.  0.  0.  0.  0.  0.  0.  0.  0.  0.  0.  0.  0.  0.  0.  0.  0.
 0.  0.  0.  0.  0.  0. ]"
133,4017,27.5,30,2023-01-23 22:04:02,345.0,233.4,3.1,"[3.14 3.14 3.14 3.14 0.   0.   0.   0.   0.   0.   0.   0.   0.   0.
 0.   0.   0.   0.   0.   0.   0.   0.   0.   0.   0.   0.   0.   0.
 0.   0.   0.   0.   0.   0.   0.   0.   0.   0.   0.   0.   0.   0.
 0.   0.   0.   0.   0.   0.   0.   0.   0.   0.   0.   0.   0.   0.
 0.   0.   0.   0.   0.   0.   0.   0.   0.   0.   0.   0.   0.   0.
 0.   0.   0.   0.   0.   0.   0.   0.   0.   0.   0.   0.   0.   0.
 0.   0.   0.   0.   0.   0.   0.   0.   0.   0.   0.   0.  ]"
134,4018,27.5,30,2023-01-24 08:16:10,1344.4,796.8,12.2,"[0.   0.   3.67 3.31 3.36 3.39 3.4  3.4  3.4  3.4  3.4  3.4  3.4  3.4
 3.4  4.53 0.   0.   0.   0.   0.   0.   0.   0.   0.   0.   0.   0.
 0.   0.   0.   0.   0.   0.   0.   0.   0.   0.   0.   0.   0.   0.
 0.   0.   0.   0.   0.   0.   0.   0.   0.   0.   0.   0.   0.   0.
 0.   0.   0.   0.   0.   0.   0.   0.   0.   0.   0.   0.   0.   0.
 0.   0.   0.   0.   0.   0.   0.   0.   0.   0.   0.   0.   0.   0.
 0.   0.   0.   0.   0.   0.   0.   0.   0.   0.   0.   0.  ]"
135,4019,27.5,30,2023-01-24 08:43:46,1264.5,749.5,11.5,"[0.   3.81 3.49 3.52 3.52 3.52 3.52 3.52 3.52 3.52 3.52 3.52 3.52 3.52
 0.   0.   0.   0.   0.   0.   0.   0.   0.   0.   0.   0.   0.   0.
 0.   0.   0.   0.   0.   0.   0.   0.   0.   0.   0.   0.   0.   0.
 0.   0.   0.   0.   0.   0.   0.   0.   0.   0.   0.   0.   0.   0.
 0.   0.   0.   0.   0.   0.   0.   0.   0.   0.   0.   0.   0.   0.
 0.   0.   0.   0.   0.   0.   0.   0.   0.   0.   0.   0.   0.   0.
 0.   0.   0.   0.   0.   0.   0.   0.   0.   0.   0.   0.  ]"
136,4020,27.5,30,2023-01-24 09:02:01,1584.0,957.9,14.4,"[2.13 1.58 1.71 1.36 1.36 1.36 1.36 1.36 1.36 1.36 1.36 1.36 4.53 4.53
 4.53 4.53 4.53 4.53 4.53 0.   1.18 1.18 1.18 1.18 1.18 1.18 1.18 0.
 0.   0.   0.   0.   0.   0.   0.   0.   0.   0.   0.   0.   0.   0.
 0.   0.   0.   0.   0.   0.   0.   0.   0.   0.   0.   0.   0.   0.
 0.   0.   0.   0.   0.   0.   0.   0.   0.   0.   0.   0.   0.   0.
 0.   0.   0.   0.   0.   0.   0.   0.   0.   0.   0.   0.   0.   0.
 0.   0.   0.   0.   0.   0.   0.   0.   0.   0.   0.   0.  ]"
137,4023,27.5,30,2023-01-24 09:29:47,3918.0,2402.6,35.6,"[6.6  6.6  6.6  6.6  6.6  6.6  6.6  6.6  6.6  6.6  6.6  6.6  6.6  6.6
 6.6  6.6  6.6  6.6  1.32 3.02 3.02 3.02 3.02 3.02 3.02 3.02 0.   0.
 0.11 0.11 0.11 0.11 0.11 0.11 0.12 0.12 0.12 0.07 0.07 0.07 0.   0.
 0.   0.   0.   0.   0.   0.   0.   0.   0.   0.   0.   0.   0.   0.
 0.   0.   0.   0.   0.   0.   0.   0.   0.   0.   0.   0.   0.   0.
 0.   0.   0.   0.   0.   0.   0.   0.   0.   0.   0.   0.   0.   0.
 0.   0.   0.   0.   0.   0.   0.   0.   0.   0.   0.   0.  ]"
138,4024,27.5,30,2023-01-24 09:33:43,787.9,467.0,7.2,"[2.82 2.45 2.45 2.45 2.45 2.45 2.45 2.45 2.45 2.45 3.76 0.   0.   0.
 0.   0.   0.   0.   0.   0.   0.   0.   0.   0.   0.   0.   0.   0.
 0.   0.   0.   0.   0.   0.   0.   0.   0.   0.   0.   0.   0.   0.
 0.   0.   0.   0.   0.   0.   0.   0.   0.   0.   0.   0.   0.   0.
 0.   0.   0.   0.   0.   0.   0.   0.   0.   0.   0.   0.   0.   0.
 0.   0.   0.   0.   0.   0.   0.   0.   0.   0.   0.   0.   0.   0.
 0.   0.   0.   0.   0.   0.   0.   0.   0.   0.   0.   0.  ]"
139,4025,27.5,30,2023-01-24 09:47:28,3246.3,1954.5,29.5,"[6.6  6.6  6.6  6.6  6.6  6.6  6.6  6.6  6.6  6.49 6.49 6.49 6.49 6.49
 6.49 6.49 0.   1.89 1.89 1.89 1.89 1.89 1.89 1.89 0.   0.   0.   0.
 0.   0.   0.   0.   0.   0.   0.   0.   0.   0.   0.   0.   0.   0.
 0.   0.   0.   0.   0.   0.   0.   0.   0.   0.   0.   0.   0.   0.
 0.   0.   0.   0.   0.   0.   0.   0.   0.   0.   0.   0.   0.   0.
 0.   0.   0.   0.   0.   0.   0.   0.   0.   0.   0.   0.   0.   0.
 0.   0.   0.   0.   0.   0.   0.   0.   0.   0.   0.   0.  ]"
140,4022,27.5,30,2023-01-24 12:15:14,2538.7,1610.8,23.1,"[6.6  6.6  6.6  6.6  6.6  6.6  6.6  5.76 5.76 5.76 5.76 5.76 5.76 5.76
 5.76 0.   0.   0.   0.   0.   0.   0.   0.   0.   0.   0.   0.   0.
 0.   0.   0.   0.   0.   0.   0.   0.   0.   0.   0.   0.   0.   0.
 0.   0.   0.   0.   0.   0.   0.   0.   0.   0.   0.   0.   0.   0.
 0.   0.   0.   0.   0.   0.   0.   0.   0.   0.   0.   0.   0.   0.
 0.   0.   0.   0.   0.   0.   0.   0.   0.   0.   0.   0.   0.   0.
 0.   0.   0.   0.   0.   0.   0.   0.   0.   0.   0.   0.  ]"
141,4027,27.5,30,2023-01-24 14:02:13,1181.8,799.3,10.7,"[6.14 6.14 6.14 6.14 6.14 6.14 6.14 0.   0.   0.   0.   0.   0.   0.
 0.   0.   0.   0.   0.   0.   0.   0.   0.   0.   0.   0.   0.   0.
 0.   0.   0.   0.   0.   0.   0.   0.   0.   0.   0.   0.   0.   0.
 0.   0.   0.   0.   0.   0.   0.   0.   0.   0.   0.   0.   0.   0.
 0.   0.   0.   0.   0.   0.   0.   0.   0.   0.   0.   0.   0.   0.
 0.   0.   0.   0.   0.   0.   0.   0.   0.   0.   0.   0.   0.   0.
 0.   0.   0.   0.   0.   0.   0.   0.   0.   0.   0.   0.  ]"
142,4030,27.5,30,2023-01-24 16:21:09,1067.8,1549.3,9.7,"[3.53 3.53 3.53 3.53 3.53 3.53 2.   2.   2.   3.89 3.89 3.89 0.   0.
 0.   0.   0.   0.   0.   0.   0.   0.   0.   0.   0.   0.   0.   0.
 0.   0.   0.   0.   0.   0.   0.   0.   0.   0.   0.   0.   0.   0.
 0.   0.   0.   0.   0.   0.   0.   0.   0.   0.   0.   0.   0.   0.
 0.   0.   0.   0.   0.   0.   0.   0.   0.   0.   0.   0.   0.   0.
 0.   0.   0.   0.   0.   0.   0.   0.   0.   0.   0.   0.   0.   0.
 0.   0.   0.   0.   0.   0.   0.   0.   0.   0.   0.   0.  ]"
143,4032,27.5,30,2023-01-24 17:53:08,264.5,383.7,2.4,"[3.21 3.21 3.21 0.   0.   0.   0.   0.   0.   0.   0.   0.   0.   0.
 0.   0.   0.   0.   0.   0.   0.   0.   0.   0.   0.   0.   0.   0.
 0.   0.   0.   0.   0.   0.   0.   0.   0.   0.   0.   0.   0.   0.
 0.   0.   0.   0.   0.   0.   0.   0.   0.   0.   0.   0.   0.   0.
 0.   0.   0.   0.   0.   0.   0.   0.   0.   0.   0.   0.   0.   0.
 0.   0.   0.   0.   0.   0.   0.   0.   0.   0.   0.   0.   0.   0.
 0.   0.   0.   0.   0.   0.   0.   0.   0.   0.   0.   0.  ]"
144,4034,27.5,30,2023-01-25 07:37:09,2293.9,1359.7,20.9,"[0.   0.   0.   0.   0.   4.38 4.38 4.38 4.14 4.13 4.13 4.13 4.13 4.13
 4.13 4.13 4.13 4.13 4.13 4.13 4.13 4.13 4.13 4.13 4.13 0.   0.   0.
 0.   0.   0.   0.   0.   0.   0.   0.   0.   0.   0.   0.   0.   0.
 0.   0.   0.   0.   0.   0.   0.   0.   0.   0.   0.   0.   0.   0.
 0.   0.   0.   0.   0.   0.   0.   0.   0.   0.   0.   0.   0.   0.
 0.   0.   0.   0.   0.   0.   0.   0.   0.   0.   0.   0.   0.   0.
 0.   0.   0.   0.   0.   0.   0.   0.   0.   0.   0.   0.  ]"
145,4035,27.5,30,2023-01-25 07:42:22,4043.6,2431.4,36.8,"[1.4  1.4  1.4  1.4  1.4  6.6  6.6  6.6  6.6  6.6  6.6  6.6  6.6  6.6
 6.6  6.6  6.6  6.6  6.6  6.6  6.6  6.6  6.6  6.6  6.6  0.6  0.6  0.4
 0.4  1.74 1.74 1.3  1.3  0.   0.   0.   0.   0.   0.   0.   0.   0.
 0.   0.   0.   0.   0.   0.   0.   0.   0.   0.   0.   0.   0.   0.
 0.   0.   0.   0.   0.   0.   0.   0.   0.   0.   0.   0.   0.   0.
 0.   0.   0.   0.   0.   0.   0.   0.   0.   0.   0.   0.   0.   0.
 0.   0.   0.   0.   0.   0.   0.   0.   0.   0.   0.   0.  ]"
146,4037,27.5,30,2023-01-25 09:31:25,2014.0,1225.5,18.3,"[4.05 4.07 4.07 4.07 4.07 4.07 4.07 4.07 4.07 4.07 4.07 4.07 4.07 4.06
 4.06 4.06 4.06 0.   0.   0.   0.   0.99 0.99 0.53 0.53 0.   0.   0.
 0.   0.   0.21 0.21 0.21 0.21 0.21 0.   0.   0.   0.   0.   0.   0.
 0.   0.   0.   0.   0.   0.   0.   0.   0.   0.   0.   0.   0.   0.
 0.   0.   0.   0.   0.   0.   0.   0.   0.   0.   0.   0.   0.   0.
 0.   0.   0.   0.   0.   0.   0.   0.   0.   0.   0.   0.   0.   0.
 0.   0.   0.   0.   0.   0.   0.   0.   0.   0.   0.   0.  ]"
147,4039,27.5,30,2023-01-25 09:43:21,306.2,181.5,2.8,"[0.69 0.65 0.65 0.65 0.65 0.65 0.65 0.65 0.65 0.65 0.65 0.65 0.65 0.65
 0.65 0.65 0.65 0.   0.   0.   0.   0.   0.   0.   0.   0.   0.   0.
 0.   0.   0.   0.   0.   0.   0.   0.   0.   0.   0.   0.   0.   0.
 0.   0.   0.   0.   0.   0.   0.   0.   0.   0.   0.   0.   0.   0.
 0.   0.   0.   0.   0.   0.   0.   0.   0.   0.   0.   0.   0.   0.
 0.   0.   0.   0.   0.   0.   0.   0.   0.   0.   0.   0.   0.   0.
 0.   0.   0.   0.   0.   0.   0.   0.   0.   0.   0.   0.  ]"
148,4040,27.5,30,2023-01-25 09:53:31,368.9,224.6,3.4,"[0.84 0.84 0.78 0.78 0.78 0.78 0.78 0.78 0.78 0.78 0.78 0.78 0.79 0.79
 0.79 0.79 0.   0.   0.   0.   0.2  0.2  0.1  0.1  0.   0.   0.   0.
 0.   0.04 0.04 0.04 0.04 0.04 0.   0.   0.   0.   0.   0.   0.   0.
 0.   0.   0.   0.   0.   0.   0.   0.   0.   0.   0.   0.   0.   0.
 0.   0.   0.   0.   0.   0.   0.   0.   0.   0.   0.   0.   0.   0.
 0.   0.   0.   0.   0.   0.   0.   0.   0.   0.   0.   0.   0.   0.
 0.   0.   0.   0.   0.   0.   0.   0.   0.   0.   0.   0.  ]"
149,4041,27.5,30,2023-01-25 10:22:37,1244.7,745.2,11.3,"[3.23 3.23 3.23 3.23 3.23 3.23 3.23 3.23 3.23 3.23 2.42 2.42 2.42 2.42
 0.   0.   0.   0.   1.62 1.62 0.   0.   0.   0.   0.   0.   0.   0.
 0.   0.   0.   0.   0.   0.   0.   0.   0.   0.   0.   0.   0.   0.
 0.   0.   0.   0.   0.   0.   0.   0.   0.   0.   0.   0.   0.   0.
 0.   0.   0.   0.   0.   0.   0.   0.   0.   0.   0.   0.   0.   0.
 0.   0.   0.   0.   0.   0.   0.   0.   0.   0.   0.   0.   0.   0.
 0.   0.   0.   0.   0.   0.   0.   0.   0.   0.   0.   0.  ]"
150,4042,27.5,30,2023-01-25 12:52:04,1552.5,989.3,14.1,"[6.6  6.6  6.6  6.6  4.42 4.42 4.14 4.14 2.54 2.54 3.92 3.92 0.   0.
 0.   0.   0.   0.   0.   0.   0.   0.   0.   0.   0.   0.   0.   0.
 0.   0.   0.   0.   0.   0.   0.   0.   0.   0.   0.   0.   0.   0.
 0.   0.   0.   0.   0.   0.   0.   0.   0.   0.   0.   0.   0.   0.
 0.   0.   0.   0.   0.   0.   0.   0.   0.   0.   0.   0.   0.   0.
 0.   0.   0.   0.   0.   0.   0.   0.   0.   0.   0.   0.   0.   0.
 0.   0.   0.   0.   0.   0.   0.   0.   0.   0.   0.   0.  ]"
151,4043,27.5,30,2023-01-25 14:55:23,2551.4,2274.7,23.2,"[6.6  6.6  6.6  6.6  1.02 1.02 1.02 1.02 1.02 1.14 1.14 1.14 1.14 1.14
 1.16 1.16 1.5  1.5  1.5  1.5  1.5  1.73 1.73 1.73 6.6  6.6  6.6  6.6
 3.55 3.55 3.55 3.55 0.   0.   0.   0.   0.   0.   0.   0.   0.   0.
 0.   0.   0.   0.   0.   0.   0.   0.   0.   0.   0.   0.   0.   0.
 0.   0.   0.   0.   0.   0.   0.   0.   0.   0.   0.   0.   0.   0.
 0.   0.   0.   0.   0.   0.   0.   0.   0.   0.   0.   0.   0.   0.
 0.   0.   0.   0.   0.   0.   0.   0.   0.   0.   0.   0.  ]"
152,4044,27.5,30,2023-01-25 15:25:11,1740.8,2244.6,15.8,"[6.6  6.6  3.16 3.16 3.16 3.16 3.16 2.31 2.31 2.31 2.31 2.31 2.4  2.4
 3.6  3.6  3.6  3.6  3.6  0.   0.   0.   0.   0.   0.   0.   0.   0.
 0.   0.   0.   0.   0.   0.   0.   0.   0.   0.   0.   0.   0.   0.
 0.   0.   0.   0.   0.   0.   0.   0.   0.   0.   0.   0.   0.   0.
 0.   0.   0.   0.   0.   0.   0.   0.   0.   0.   0.   0.   0.   0.
 0.   0.   0.   0.   0.   0.   0.   0.   0.   0.   0.   0.   0.   0.
 0.   0.   0.   0.   0.   0.   0.   0.   0.   0.   0.   0.  ]"
153,4046,27.5,30,2023-01-25 17:01:39,644.4,935.0,5.9,"[3.32 3.32 3.32 3.32 3.32 3.41 3.41 0.   0.   0.   0.   0.   0.   0.
 0.   0.   0.   0.   0.   0.   0.   0.   0.   0.   0.   0.   0.   0.
 0.   0.   0.   0.   0.   0.   0.   0.   0.   0.   0.   0.   0.   0.
 0.   0.   0.   0.   0.   0.   0.   0.   0.   0.   0.   0.   0.   0.
 0.   0.   0.   0.   0.   0.   0.   0.   0.   0.   0.   0.   0.   0.
 0.   0.   0.   0.   0.   0.   0.   0.   0.   0.   0.   0.   0.   0.
 0.   0.   0.   0.   0.   0.   0.   0.   0.   0.   0.   0.  ]"
154,4048,27.5,30,2023-01-25 22:00:30,393.4,266.1,3.6,"[3.58 3.58 3.58 3.58 0.   0.   0.   0.   0.   0.   0.   0.   0.   0.
 0.   0.   0.   0.   0.   0.   0.   0.   0.   0.   0.   0.   0.   0.
 0.   0.   0.   0.   0.   0.   0.   0.   0.   0.   0.   0.   0.   0.
 0.   0.   0.   0.   0.   0.   0.   0.   0.   0.   0.   0.   0.   0.
 0.   0.   0.   0.   0.   0.   0.   0.   0.   0.   0.   0.   0.   0.
 0.   0.   0.   0.   0.   0.   0.   0.   0.   0.   0.   0.   0.   0.
 0.   0.   0.   0.   0.   0.   0.   0.   0.   0.   0.   0.  ]"
155,4049,27.5,30,2023-01-26 07:38:59,3009.4,1808.5,27.4,"[0.   0.   0.   0.   0.   4.49 4.49 4.49 4.49 5.38 5.38 5.38 5.38 5.38
 5.38 5.38 5.38 5.38 5.38 5.38 5.38 4.03 4.03 4.03 4.03 1.24 1.24 1.24
 1.24 1.24 1.24 1.66 1.66 0.   0.   0.   0.   0.   0.   0.   0.   0.
 0.   0.   0.   0.   0.   0.   0.   0.   0.   0.   0.   0.   0.   0.
 0.   0.   0.   0.   0.   0.   0.   0.   0.   0.   0.   0.   0.   0.
 0.   0.   0.   0.   0.   0.   0.   0.   0.   0.   0.   0.   0.   0.
 0.   0.   0.   0.   0.   0.   0.   0.   0.   0.   0.   0.  ]"
156,4050,27.5,30,2023-01-26 08:11:02,2803.1,1684.4,25.5,"[0.   0.   0.   4.24 4.24 4.24 4.24 5.   5.   5.   5.   5.   5.   5.
 5.   5.   5.   5.   5.   3.75 3.75 3.75 3.75 1.67 1.67 1.67 1.67 1.67
 1.67 0.   0.   0.   0.   0.   0.   0.   0.   0.   0.   0.   0.   0.
 0.   0.   0.   0.   0.   0.   0.   0.   0.   0.   0.   0.   0.   0.
 0.   0.   0.   0.   0.   0.   0.   0.   0.   0.   0.   0.   0.   0.
 0.   0.   0.   0.   0.   0.   0.   0.   0.   0.   0.   0.   0.   0.
 0.   0.   0.   0.   0.   0.   0.   0.   0.   0.   0.   0.  ]"
157,4051,27.5,30,2023-01-26 08:19:49,1282.8,771.2,11.7,"[0.   0.   1.64 1.64 1.64 1.64 2.36 2.36 2.36 2.36 2.36 2.36 2.36 2.36
 2.36 2.36 2.36 2.36 1.77 1.77 1.77 1.77 0.57 0.57 0.57 0.57 0.57 0.57
 0.65 0.65 0.   0.   0.   0.   0.   0.   0.   0.   0.   0.   0.   0.
 0.   0.   0.   0.   0.   0.   0.   0.   0.   0.   0.   0.   0.   0.
 0.   0.   0.   0.   0.   0.   0.   0.   0.   0.   0.   0.   0.   0.
 0.   0.   0.   0.   0.   0.   0.   0.   0.   0.   0.   0.   0.   0.
 0.   0.   0.   0.   0.   0.   0.   0.   0.   0.   0.   0.  ]"
158,4052,27.5,30,2023-01-26 08:40:23,321.7,190.7,2.9,"[0.   2.92 2.92 2.92 2.92 0.   0.   0.   0.   0.   0.   0.   0.   0.
 0.   0.   0.   0.   0.   0.   0.   0.   0.   0.   0.   0.   0.   0.
 0.   0.   0.   0.   0.   0.   0.   0.   0.   0.   0.   0.   0.   0.
 0.   0.   0.   0.   0.   0.   0.   0.   0.   0.   0.   0.   0.   0.
 0.   0.   0.   0.   0.   0.   0.   0.   0.   0.   0.   0.   0.   0.
 0.   0.   0.   0.   0.   0.   0.   0.   0.   0.   0.   0.   0.   0.
 0.   0.   0.   0.   0.   0.   0.   0.   0.   0.   0.   0.  ]"
159,4053,27.5,30,2023-01-26 08:56:22,832.0,499.8,7.6,"[1.37 1.37 1.37 1.37 1.46 1.46 1.46 1.46 1.46 1.46 1.46 1.46 1.46 1.46
 1.46 1.46 1.09 1.09 1.09 1.09 0.36 0.36 0.36 0.36 0.36 0.36 0.38 0.38
 0.   0.   0.   0.   0.   0.   0.   0.   0.   0.   0.   0.   0.   0.
 0.   0.   0.   0.   0.   0.   0.   0.   0.   0.   0.   0.   0.   0.
 0.   0.   0.   0.   0.   0.   0.   0.   0.   0.   0.   0.   0.   0.
 0.   0.   0.   0.   0.   0.   0.   0.   0.   0.   0.   0.   0.   0.
 0.   0.   0.   0.   0.   0.   0.   0.   0.   0.   0.   0.  ]"
160,4055,27.5,30,2023-01-26 09:48:42,1695.5,1021.6,15.4,"[3.61 3.61 3.61 3.61 3.61 3.61 3.61 3.61 3.61 3.61 3.61 3.61 2.77 2.77
 2.77 2.77 1.2  1.2  1.2  1.2  1.2  1.2  0.   0.   0.   0.   0.   0.
 0.   0.   0.   0.   0.   0.   0.   0.   0.   0.   0.   0.   0.   0.
 0.   0.   0.   0.   0.   0.   0.   0.   0.   0.   0.   0.   0.   0.
 0.   0.   0.   0.   0.   0.   0.   0.   0.   0.   0.   0.   0.   0.
 0.   0.   0.   0.   0.   0.   0.   0.   0.   0.   0.   0.   0.   0.
 0.   0.   0.   0.   0.   0.   0.   0.   0.   0.   0.   0.  ]"
161,4054,27.5,30,2023-01-26 09:49:23,2756.1,1662.4,25.1,"[6.26 6.26 6.26 6.26 6.26 6.26 6.26 6.26 6.26 6.26 6.26 6.26 3.13 3.13
 3.13 3.13 1.41 1.41 1.41 1.41 1.41 1.41 2.04 2.04 0.   0.   0.   0.
 0.   0.   0.   0.   0.   0.   0.   0.   0.   0.   0.   0.   0.   0.
 0.   0.   0.   0.   0.   0.   0.   0.   0.   0.   0.   0.   0.   0.
 0.   0.   0.   0.   0.   0.   0.   0.   0.   0.   0.   0.   0.   0.
 0.   0.   0.   0.   0.   0.   0.   0.   0.   0.   0.   0.   0.   0.
 0.   0.   0.   0.   0.   0.   0.   0.   0.   0.   0.   0.  ]"
162,4056,27.5,30,2023-01-26 13:00:26,1591.3,1015.6,14.5,"[6.6  6.6  6.6  6.6  3.53 3.53 3.53 3.53 3.53 3.53 5.13 5.13 0.   0.
 0.   0.   0.   0.   0.   0.   0.   0.   0.   0.   0.   0.   0.   0.
 0.   0.   0.   0.   0.   0.   0.   0.   0.   0.   0.   0.   0.   0.
 0.   0.   0.   0.   0.   0.   0.   0.   0.   0.   0.   0.   0.   0.
 0.   0.   0.   0.   0.   0.   0.   0.   0.   0.   0.   0.   0.   0.
 0.   0.   0.   0.   0.   0.   0.   0.   0.   0.   0.   0.   0.   0.
 0.   0.   0.   0.   0.   0.   0.   0.   0.   0.   0.   0.  ]"
163,4057,27.5,30,2023-01-26 13:50:02,668.3,452.0,6.1,"[3.   3.   3.   3.   3.   3.   3.16 3.16 0.   0.   0.   0.   0.   0.
 0.   0.   0.   0.   0.   0.   0.   0.   0.   0.   0.   0.   0.   0.
 0.   0.   0.   0.   0.   0.   0.   0.   0.   0.   0.   0.   0.   0.
 0.   0.   0.   0.   0.   0.   0.   0.   0.   0.   0.   0.   0.   0.
 0.   0.   0.   0.   0.   0.   0.   0.   0.   0.   0.   0.   0.   0.
 0.   0.   0.   0.   0.   0.   0.   0.   0.   0.   0.   0.   0.   0.
 0.   0.   0.   0.   0.   0.   0.   0.   0.   0.   0.   0.  ]"
164,4058,27.5,30,2023-01-26 17:58:16,2088.7,1624.8,19.0,"[0.9  0.8  0.8  0.8  0.8  0.8  0.8  0.8  0.8  0.8  0.94 0.94 6.6  6.6
 6.6  6.6  6.6  6.6  6.6  6.6  6.6  6.6  0.   0.   0.   0.   0.   0.
 0.   0.   0.   0.   0.   0.   0.   0.   0.   0.   0.   0.   0.   0.
 0.   0.   0.   0.   0.   0.   0.   0.   0.   0.   0.   0.   0.   0.
 0.   0.   0.   0.   0.   0.   0.   0.   0.   0.   0.   0.   0.   0.
 0.   0.   0.   0.   0.   0.   0.   0.   0.   0.   0.   0.   0.   0.
 0.   0.   0.   0.   0.   0.   0.   0.   0.   0.   0.   0.  ]"
165,4059,27.5,30,2023-01-26 18:10:37,1633.5,2370.1,14.9,"[6.6 6.6 6.6 6.6 6.6 6.6 6.6 6.6 6.6 0.  0.  0.  0.  0.  0.  0.  0.  0.
 0.  0.  0.  0.  0.  0.  0.  0.  0.  0.  0.  0.  0.  0.  0.  0.  0.  0.
 0.  0.  0.  0.  0.  0.  0.  0.  0.  0.  0.  0.  0.  0.  0.  0.  0.  0.
 0.  0.  0.  0.  0.  0.  0.  0.  0.  0.  0.  0.  0.  0.  0.  0.  0.  0.
 0.  0.  0.  0.  0.  0.  0.  0.  0.  0.  0.  0.  0.  0.  0.  0.  0.  0.
 0.  0.  0.  0.  0.  0. ]"
166,4060,27.5,30,2023-01-27 07:41:27,579.1,359.5,5.3,"[1.57 1.57 1.57 0.79 1.57 4.66 4.66 4.66 0.   0.   0.   0.   0.   0.
 0.   0.   0.   0.   0.   0.   0.   0.   0.   0.   0.   0.   0.   0.
 0.   0.   0.   0.   0.   0.   0.   0.   0.   0.   0.   0.   0.   0.
 0.   0.   0.   0.   0.   0.   0.   0.   0.   0.   0.   0.   0.   0.
 0.   0.   0.   0.   0.   0.   0.   0.   0.   0.   0.   0.   0.   0.
 0.   0.   0.   0.   0.   0.   0.   0.   0.   0.   0.   0.   0.   0.
 0.   0.   0.   0.   0.   0.   0.   0.   0.   0.   0.   0.  ]"
167,4061,27.5,30,2023-01-27 08:27:58,303.0,179.6,2.8,"[0.   0.   3.67 3.67 3.67 0.   0.   0.   0.   0.   0.   0.   0.   0.
 0.   0.   0.   0.   0.   0.   0.   0.   0.   0.   0.   0.   0.   0.
 0.   0.   0.   0.   0.   0.   0.   0.   0.   0.   0.   0.   0.   0.
 0.   0.   0.   0.   0.   0.   0.   0.   0.   0.   0.   0.   0.   0.
 0.   0.   0.   0.   0.   0.   0.   0.   0.   0.   0.   0.   0.   0.
 0.   0.   0.   0.   0.   0.   0.   0.   0.   0.   0.   0.   0.   0.
 0.   0.   0.   0.   0.   0.   0.   0.   0.   0.   0.   0.  ]"
168,4062,27.5,30,2023-01-27 08:42:04,2693.0,1596.2,24.5,"[0.   0.88 0.88 5.59 5.31 5.31 5.31 5.33 5.33 5.33 5.33 5.33 5.33 5.33
 5.33 5.33 5.33 5.33 5.33 5.33 5.33 0.   0.   0.   0.   0.   0.   0.
 0.   0.   0.   0.   0.   0.   0.   0.   0.   0.   0.   0.   0.   0.
 0.   0.   0.   0.   0.   0.   0.   0.   0.   0.   0.   0.   0.   0.
 0.   0.   0.   0.   0.   0.   0.   0.   0.   0.   0.   0.   0.   0.
 0.   0.   0.   0.   0.   0.   0.   0.   0.   0.   0.   0.   0.   0.
 0.   0.   0.   0.   0.   0.   0.   0.   0.   0.   0.   0.  ]"
169,4063,27.5,30,2023-01-27 08:59:16,2320.5,1375.4,21.1,"[2.45 2.45 4.52 4.4  4.4  4.4  4.41 4.41 4.41 4.41 4.41 4.41 4.41 4.41
 4.41 4.41 4.41 4.41 4.41 4.41 0.   0.   0.   0.   0.   0.   0.   0.
 0.   0.   0.   0.   0.   0.   0.   0.   0.   0.   0.   0.   0.   0.
 0.   0.   0.   0.   0.   0.   0.   0.   0.   0.   0.   0.   0.   0.
 0.   0.   0.   0.   0.   0.   0.   0.   0.   0.   0.   0.   0.   0.
 0.   0.   0.   0.   0.   0.   0.   0.   0.   0.   0.   0.   0.   0.
 0.   0.   0.   0.   0.   0.   0.   0.   0.   0.   0.   0.  ]"
170,4065,27.5,30,2023-01-27 09:28:10,686.0,437.4,6.2,"[1.39 1.3  1.3  1.3  1.31 1.31 1.31 1.31 1.31 1.31 1.31 1.31 1.31 1.31
 1.31 1.31 1.31 1.31 0.   0.   0.   0.   0.   0.   0.   0.   0.   0.
 0.   0.   0.   0.   0.22 0.22 0.22 0.22 0.22 0.22 0.   0.   0.   0.
 0.   0.   0.   0.   0.   0.   0.   0.   0.   0.   0.   0.   0.   0.
 0.   0.   0.   0.   0.   0.   0.   0.   0.   0.   0.   0.   0.   0.
 0.   0.   0.   0.   0.   0.   0.   0.   0.   0.   0.   0.   0.   0.
 0.   0.   0.   0.   0.   0.   0.   0.   0.   0.   0.   0.  ]"
171,4066,27.5,30,2023-01-27 09:42:24,552.2,327.3,5.0,"[1.25 1.25 1.25 1.17 1.17 1.17 1.17 1.17 1.17 1.17 1.17 1.17 1.17 1.17
 1.17 1.17 1.17 0.   0.   0.   0.   0.   0.   0.   0.   0.   0.   0.
 0.   0.   0.   0.   0.   0.   0.   0.   0.   0.   0.   0.   0.   0.
 0.   0.   0.   0.   0.   0.   0.   0.   0.   0.   0.   0.   0.   0.
 0.   0.   0.   0.   0.   0.   0.   0.   0.   0.   0.   0.   0.   0.
 0.   0.   0.   0.   0.   0.   0.   0.   0.   0.   0.   0.   0.   0.
 0.   0.   0.   0.   0.   0.   0.   0.   0.   0.   0.   0.  ]"
172,4067,27.5,30,2023-01-27 10:24:10,2671.7,1594.5,24.3,"[6.6  6.6  6.6  6.6  6.6  6.6  6.6  6.6  6.6  6.6  6.6  6.6  6.6  6.6
 0.54 0.54 0.54 0.54 0.54 0.69 0.69 0.69 0.   0.   0.   0.   0.   0.
 0.   0.   0.   0.   0.   0.   0.   0.   0.   0.   0.   0.   0.   0.
 0.   0.   0.   0.   0.   0.   0.   0.   0.   0.   0.   0.   0.   0.
 0.   0.   0.   0.   0.   0.   0.   0.   0.   0.   0.   0.   0.   0.
 0.   0.   0.   0.   0.   0.   0.   0.   0.   0.   0.   0.   0.   0.
 0.   0.   0.   0.   0.   0.   0.   0.   0.   0.   0.   0.  ]"
173,4069,27.5,30,2023-01-27 17:18:39,1386.8,1731.0,12.6,"[2.84 2.84 2.84 2.84 2.84 2.84 2.52 2.52 2.52 2.52 2.52 2.52 2.52 2.52
 6.6  6.6  0.   0.   0.   0.   0.   0.   0.   0.   0.   0.   0.   0.
 0.   0.   0.   0.   0.   0.   0.   0.   0.   0.   0.   0.   0.   0.
 0.   0.   0.   0.   0.   0.   0.   0.   0.   0.   0.   0.   0.   0.
 0.   0.   0.   0.   0.   0.   0.   0.   0.   0.   0.   0.   0.   0.
 0.   0.   0.   0.   0.   0.   0.   0.   0.   0.   0.   0.   0.   0.
 0.   0.   0.   0.   0.   0.   0.   0.   0.   0.   0.   0.  ]"
174,4070,27.5,30,2023-01-27 18:47:32,1145.8,1100.1,10.4,"[1.91 1.91 1.91 1.91 1.91 1.91 1.91 1.91 6.6  6.6  6.6  6.6  0.   0.
 0.   0.   0.   0.   0.   0.   0.   0.   0.   0.   0.   0.   0.   0.
 0.   0.   0.   0.   0.   0.   0.   0.   0.   0.   0.   0.   0.   0.
 0.   0.   0.   0.   0.   0.   0.   0.   0.   0.   0.   0.   0.   0.
 0.   0.   0.   0.   0.   0.   0.   0.   0.   0.   0.   0.   0.   0.
 0.   0.   0.   0.   0.   0.   0.   0.   0.   0.   0.   0.   0.   0.
 0.   0.   0.   0.   0.   0.   0.   0.   0.   0.   0.   0.  ]"
175,4071,27.5,30,2023-01-27 21:55:49,296.7,200.7,2.7,"[2.7 2.7 2.7 2.7 0.  0.  0.  0.  0.  0.  0.  0.  0.  0.  0.  0.  0.  0.
 0.  0.  0.  0.  0.  0.  0.  0.  0.  0.  0.  0.  0.  0.  0.  0.  0.  0.
 0.  0.  0.  0.  0.  0.  0.  0.  0.  0.  0.  0.  0.  0.  0.  0.  0.  0.
 0.  0.  0.  0.  0.  0.  0.  0.  0.  0.  0.  0.  0.  0.  0.  0.  0.  0.
 0.  0.  0.  0.  0.  0.  0.  0.  0.  0.  0.  0.  0.  0.  0.  0.  0.  0.
 0.  0.  0.  0.  0.  0. ]"
176,4072,27.5,30,2023-01-27 21:57:17,1452.0,982.1,13.2,"[2.97 2.97 2.97 2.97 4.55 4.55 4.55 4.55 4.55 4.55 4.55 4.55 4.55 0.
 0.   0.   0.   0.   0.   0.   0.   0.   0.   0.   0.   0.   0.   0.
 0.   0.   0.   0.   0.   0.   0.   0.   0.   0.   0.   0.   0.   0.
 0.   0.   0.   0.   0.   0.   0.   0.   0.   0.   0.   0.   0.   0.
 0.   0.   0.   0.   0.   0.   0.   0.   0.   0.   0.   0.   0.   0.
 0.   0.   0.   0.   0.   0.   0.   0.   0.   0.   0.   0.   0.   0.
 0.   0.   0.   0.   0.   0.   0.   0.   0.   0.   0.   0.  ]"
177,4073,27.5,30,2023-01-28 13:52:08,958.4,648.2,8.7,"[4.98 4.98 4.98 4.98 3.73 3.73 3.73 3.73 0.   0.   0.   0.   0.   0.
 0.   0.   0.   0.   0.   0.   0.   0.   0.   0.   0.   0.   0.   0.
 0.   0.   0.   0.   0.   0.   0.   0.   0.   0.   0.   0.   0.   0.
 0.   0.   0.   0.   0.   0.   0.   0.   0.   0.   0.   0.   0.   0.
 0.   0.   0.   0.   0.   0.   0.   0.   0.   0.   0.   0.   0.   0.
 0.   0.   0.   0.   0.   0.   0.   0.   0.   0.   0.   0.   0.   0.
 0.   0.   0.   0.   0.   0.   0.   0.   0.   0.   0.   0.  ]"
178,4074,27.5,30,2023-01-28 14:46:57,1025.1,925.1,9.3,"[6.6  6.6  6.6  6.6  1.25 1.25 1.25 1.78 1.78 1.78 1.78 0.   0.   0.
 0.   0.   0.   0.   0.   0.   0.   0.   0.   0.   0.   0.   0.   0.
 0.   0.   0.   0.   0.   0.   0.   0.   0.   0.   0.   0.   0.   0.
 0.   0.   0.   0.   0.   0.   0.   0.   0.   0.   0.   0.   0.   0.
 0.   0.   0.   0.   0.   0.   0.   0.   0.   0.   0.   0.   0.   0.
 0.   0.   0.   0.   0.   0.   0.   0.   0.   0.   0.   0.   0.   0.
 0.   0.   0.   0.   0.   0.   0.   0.   0.   0.   0.   0.  ]"
179,4077,27.5,30,2023-01-29 11:41:45,1883.2,1137.1,17.1,"[6.6  6.6  6.6  6.6  6.6  6.6  6.6  6.6  6.6  1.13 1.13 1.13 1.13 1.13
 1.13 1.13 1.13 0.   0.   0.   0.   0.   0.   0.   0.   0.   0.   0.
 0.   0.   0.   0.   0.   0.   0.   0.   0.   0.   0.   0.   0.   0.
 0.   0.   0.   0.   0.   0.   0.   0.   0.   0.   0.   0.   0.   0.
 0.   0.   0.   0.   0.   0.   0.   0.   0.   0.   0.   0.   0.   0.
 0.   0.   0.   0.   0.   0.   0.   0.   0.   0.   0.   0.   0.   0.
 0.   0.   0.   0.   0.   0.   0.   0.   0.   0.   0.   0.  ]"
180,4078,27.5,30,2023-01-30 07:27:38,3842.1,2348.7,34.9,"[0.55 0.55 0.55 0.55 0.55 0.55 6.53 6.53 6.53 5.58 5.58 5.58 5.58 5.58
 5.58 5.58 5.58 5.58 5.58 5.58 6.6  6.6  6.6  6.6  6.6  6.6  1.28 1.9
 1.9  1.9  1.9  1.9  1.9  1.9  0.   0.   0.   0.   0.   0.   0.16 0.16
 0.16 0.16 0.16 0.16 0.16 0.16 0.   0.   0.   0.   0.   0.   0.   0.
 0.   0.   0.   0.   0.   0.   0.   0.   0.   0.   0.   0.   0.   0.
 0.   0.   0.   0.   0.   0.   0.   0.   0.   0.   0.   0.   0.   0.
 0.   0.   0.   0.   0.   0.   0.   0.   0.   0.   0.   0.  ]"
181,4079,27.5,30,2023-01-30 08:52:35,1251.6,741.8,11.4,"[3.02 3.02 3.02 3.04 3.04 3.04 3.04 3.04 3.04 3.04 3.04 3.04 3.04 3.04
 3.04 0.   0.   0.   0.   0.   0.   0.   0.   0.   0.   0.   0.   0.
 0.   0.   0.   0.   0.   0.   0.   0.   0.   0.   0.   0.   0.   0.
 0.   0.   0.   0.   0.   0.   0.   0.   0.   0.   0.   0.   0.   0.
 0.   0.   0.   0.   0.   0.   0.   0.   0.   0.   0.   0.   0.   0.
 0.   0.   0.   0.   0.   0.   0.   0.   0.   0.   0.   0.   0.   0.
 0.   0.   0.   0.   0.   0.   0.   0.   0.   0.   0.   0.  ]"
182,4080,27.5,30,2023-01-30 08:52:40,2722.5,1613.7,24.8,"[6.6 6.6 6.6 6.6 6.6 6.6 6.6 6.6 6.6 6.6 6.6 6.6 6.6 6.6 6.6 0.  0.  0.
 0.  0.  0.  0.  0.  0.  0.  0.  0.  0.  0.  0.  0.  0.  0.  0.  0.  0.
 0.  0.  0.  0.  0.  0.  0.  0.  0.  0.  0.  0.  0.  0.  0.  0.  0.  0.
 0.  0.  0.  0.  0.  0.  0.  0.  0.  0.  0.  0.  0.  0.  0.  0.  0.  0.
 0.  0.  0.  0.  0.  0.  0.  0.  0.  0.  0.  0.  0.  0.  0.  0.  0.  0.
 0.  0.  0.  0.  0.  0. ]"
183,4081,27.5,30,2023-01-30 09:36:38,2329.3,1397.6,21.2,"[3.43 3.43 3.43 3.43 3.43 3.43 3.43 3.43 3.43 3.43 3.43 6.6  6.6  6.6
 6.6  6.6  6.6  0.56 0.97 0.97 0.97 0.97 0.97 0.97 0.97 0.   0.   0.
 0.   0.   0.   0.   0.   0.   0.   0.   0.   0.   0.   0.   0.   0.
 0.   0.   0.   0.   0.   0.   0.   0.   0.   0.   0.   0.   0.   0.
 0.   0.   0.   0.   0.   0.   0.   0.   0.   0.   0.   0.   0.   0.
 0.   0.   0.   0.   0.   0.   0.   0.   0.   0.   0.   0.   0.   0.
 0.   0.   0.   0.   0.   0.   0.   0.   0.   0.   0.   0.  ]"
184,4082,27.5,30,2023-01-30 09:43:38,675.3,402.9,6.1,"[1.14 1.14 1.14 1.14 1.14 1.14 1.14 1.14 1.14 1.14 1.14 1.81 1.81 1.81
 1.81 1.81 1.81 0.   0.16 0.16 0.16 0.16 0.16 0.16 0.16 0.   0.   0.
 0.   0.   0.   0.   0.   0.   0.   0.   0.   0.   0.   0.   0.   0.
 0.   0.   0.   0.   0.   0.   0.   0.   0.   0.   0.   0.   0.   0.
 0.   0.   0.   0.   0.   0.   0.   0.   0.   0.   0.   0.   0.   0.
 0.   0.   0.   0.   0.   0.   0.   0.   0.   0.   0.   0.   0.   0.
 0.   0.   0.   0.   0.   0.   0.   0.   0.   0.   0.   0.  ]"
185,4083,27.5,30,2023-01-30 12:29:05,1669.1,1037.9,15.2,"[6.6  6.6  6.6  6.6  6.6  6.6  3.01 2.58 2.58 2.58 2.58 2.58 2.58 2.58
 0.   0.   0.   0.   0.   0.   0.   0.   0.   0.   0.   0.   0.   0.
 0.   0.   0.   0.   0.   0.   0.   0.   0.   0.   0.   0.   0.   0.
 0.   0.   0.   0.   0.   0.   0.   0.   0.   0.   0.   0.   0.   0.
 0.   0.   0.   0.   0.   0.   0.   0.   0.   0.   0.   0.   0.   0.
 0.   0.   0.   0.   0.   0.   0.   0.   0.   0.   0.   0.   0.   0.
 0.   0.   0.   0.   0.   0.   0.   0.   0.   0.   0.   0.  ]"
186,4084,27.5,30,2023-01-30 14:13:50,1125.3,761.1,10.2,"[5.85 5.85 5.85 5.85 5.85 5.85 5.85 0.   0.   0.   0.   0.   0.   0.
 0.   0.   0.   0.   0.   0.   0.   0.   0.   0.   0.   0.   0.   0.
 0.   0.   0.   0.   0.   0.   0.   0.   0.   0.   0.   0.   0.   0.
 0.   0.   0.   0.   0.   0.   0.   0.   0.   0.   0.   0.   0.   0.
 0.   0.   0.   0.   0.   0.   0.   0.   0.   0.   0.   0.   0.   0.
 0.   0.   0.   0.   0.   0.   0.   0.   0.   0.   0.   0.   0.   0.
 0.   0.   0.   0.   0.   0.   0.   0.   0.   0.   0.   0.  ]"
187,4085,27.5,30,2023-01-30 17:21:01,0.1,0.2,0.0,"[0. 0. 0. 0. 0. 0. 0. 0. 0. 0. 0. 0. 0. 0. 0. 0. 0. 0. 0. 0. 0. 0. 0. 0.
 0. 0. 0. 0. 0. 0. 0. 0. 0. 0. 0. 0. 0. 0. 0. 0. 0. 0. 0. 0. 0. 0. 0. 0.
 0. 0. 0. 0. 0. 0. 0. 0. 0. 0. 0. 0. 0. 0. 0. 0. 0. 0. 0. 0. 0. 0. 0. 0.
 0. 0. 0. 0. 0. 0. 0. 0. 0. 0. 0. 0. 0. 0. 0. 0. 0. 0. 0. 0. 0. 0. 0. 0.]"
188,4086,27.5,30,2023-01-30 21:55:35,345.7,233.8,3.1,"[3.14 3.14 3.14 3.14 0.   0.   0.   0.   0.   0.   0.   0.   0.   0.
 0.   0.   0.   0.   0.   0.   0.   0.   0.   0.   0.   0.   0.   0.
 0.   0.   0.   0.   0.   0.   0.   0.   0.   0.   0.   0.   0.   0.
 0.   0.   0.   0.   0.   0.   0.   0.   0.   0.   0.   0.   0.   0.
 0.   0.   0.   0.   0.   0.   0.   0.   0.   0.   0.   0.   0.   0.
 0.   0.   0.   0.   0.   0.   0.   0.   0.   0.   0.   0.   0.   0.
 0.   0.   0.   0.   0.   0.   0.   0.   0.   0.   0.   0.  ]"
189,4087,27.5,30,2023-01-31 07:38:43,7542.5,6318.7,68.6,"[6.6  6.6  6.6  6.6  6.6  6.6  6.6  6.6  6.6  6.6  6.6  6.6  6.6  6.6
 5.63 5.63 5.63 5.63 5.63 5.95 5.95 5.95 5.95 5.95 5.95 5.95 5.95 5.95
 5.95 5.95 5.95 5.96 5.96 4.83 4.83 4.83 5.38 5.38 5.38 5.54 5.54 5.54
 5.69 5.69 5.91 5.91 0.   0.   0.   0.   0.   0.   0.   0.   0.   0.
 0.   0.   0.   0.   0.   0.   0.   0.   0.   0.   0.   0.   0.   0.
 0.   0.   0.   0.   0.   0.   0.   0.   0.   0.   0.   0.   0.   0.
 0.   0.   0.   0.   0.   0.   0.   0.   0.   0.   0.   0.  ]"
190,4088,27.5,30,2023-01-31 07:41:52,1630.3,966.3,14.8,"[0.   0.   0.   0.   0.   4.24 4.24 4.24 4.23 4.23 4.23 4.23 4.23 4.23
 4.23 4.23 4.23 4.23 4.23 0.   0.   0.   0.   0.   0.   0.   0.   0.
 0.   0.   0.   0.   0.   0.   0.   0.   0.   0.   0.   0.   0.   0.
 0.   0.   0.   0.   0.   0.   0.   0.   0.   0.   0.   0.   0.   0.
 0.   0.   0.   0.   0.   0.   0.   0.   0.   0.   0.   0.   0.   0.
 0.   0.   0.   0.   0.   0.   0.   0.   0.   0.   0.   0.   0.   0.
 0.   0.   0.   0.   0.   0.   0.   0.   0.   0.   0.   0.  ]"
191,4089,27.5,30,2023-01-31 08:21:50,1460.0,865.4,13.3,"[0.   0.   3.79 3.79 3.79 3.79 3.79 3.79 3.79 3.79 3.79 3.79 3.79 3.79
 3.79 3.79 0.   0.   0.   0.   0.   0.   0.   0.   0.   0.   0.   0.
 0.   0.   0.   0.   0.   0.   0.   0.   0.   0.   0.   0.   0.   0.
 0.   0.   0.   0.   0.   0.   0.   0.   0.   0.   0.   0.   0.   0.
 0.   0.   0.   0.   0.   0.   0.   0.   0.   0.   0.   0.   0.   0.
 0.   0.   0.   0.   0.   0.   0.   0.   0.   0.   0.   0.   0.   0.
 0.   0.   0.   0.   0.   0.   0.   0.   0.   0.   0.   0.  ]"
192,4090,27.5,30,2023-01-31 08:32:55,2941.9,1978.2,26.7,"[0.   2.47 2.47 2.47 2.19 2.19 2.19 2.19 2.19 2.19 1.93 1.93 1.93 1.93
 1.93 5.03 5.03 5.03 5.03 5.03 5.03 5.04 5.04 5.04 5.04 5.04 5.04 5.15
 5.15 1.5  1.5  1.5  1.5  0.   0.   0.   0.   0.   0.   0.   0.   0.
 0.   0.   0.   0.   0.   0.   0.   0.   0.   0.   0.   0.   0.   0.
 0.   0.   0.   0.   0.   0.   0.   0.   0.   0.   0.   0.   0.   0.
 0.   0.   0.   0.   0.   0.   0.   0.   0.   0.   0.   0.   0.   0.
 0.   0.   0.   0.   0.   0.   0.   0.   0.   0.   0.   0.  ]"
193,4091,27.5,30,2023-01-31 08:52:52,2351.2,1663.9,21.4,"[1.55 1.55 1.55 1.41 1.41 1.41 1.41 1.41 1.41 1.41 1.41 1.41 1.41 1.41
 4.05 4.05 4.05 4.05 4.05 4.05 4.05 4.05 4.05 4.05 4.05 4.05 4.28 4.28
 0.86 0.86 0.86 0.99 0.99 0.99 1.34 1.34 0.   0.   0.   0.   0.   0.
 0.   0.   0.   0.   0.   0.   0.   0.   0.   0.   0.   0.   0.   0.
 0.   0.   0.   0.   0.   0.   0.   0.   0.   0.   0.   0.   0.   0.
 0.   0.   0.   0.   0.   0.   0.   0.   0.   0.   0.   0.   0.   0.
 0.   0.   0.   0.   0.   0.   0.   0.   0.   0.   0.   0.  ]"
194,4092,27.5,30,2023-01-31 08:56:17,415.5,255.0,3.8,"[0.8  0.8  0.8  0.42 0.42 0.42 0.42 0.42 0.42 0.51 0.51 0.51 0.51 0.51
 0.63 0.63 0.63 0.63 0.63 0.63 0.63 0.63 0.63 0.63 0.63 0.63 0.   0.
 0.   0.   0.   0.   0.   0.   0.   0.   0.   0.   0.   0.   0.   0.
 0.   0.   0.   0.   0.   0.   0.   0.   0.   0.   0.   0.   0.   0.
 0.   0.   0.   0.   0.   0.   0.   0.   0.   0.   0.   0.   0.   0.
 0.   0.   0.   0.   0.   0.   0.   0.   0.   0.   0.   0.   0.   0.
 0.   0.   0.   0.   0.   0.   0.   0.   0.   0.   0.   0.  ]"
195,4093,27.5,30,2023-01-31 09:42:06,2141.3,1341.8,19.5,"[4.86 4.86 4.86 4.86 4.86 4.86 1.14 1.14 1.14 1.14 1.14 2.98 2.98 2.98
 2.98 2.98 2.98 2.98 2.98 2.98 2.98 2.98 2.98 3.26 3.26 0.7  0.   0.
 0.   0.   0.   0.   0.   0.   0.   0.   0.   0.   0.   0.   0.   0.
 0.   0.   0.   0.   0.   0.   0.   0.   0.   0.   0.   0.   0.   0.
 0.   0.   0.   0.   0.   0.   0.   0.   0.   0.   0.   0.   0.   0.
 0.   0.   0.   0.   0.   0.   0.   0.   0.   0.   0.   0.   0.   0.
 0.   0.   0.   0.   0.   0.   0.   0.   0.   0.   0.   0.  ]"
196,4094,27.5,30,2023-01-31 11:01:57,447.1,265.0,4.1,"[3.25 3.25 3.25 3.25 3.25 0.   0.   0.   0.   0.   0.   0.   0.   0.
 0.   0.   0.   0.   0.   0.   0.   0.   0.   0.   0.   0.   0.   0.
 0.   0.   0.   0.   0.   0.   0.   0.   0.   0.   0.   0.   0.   0.
 0.   0.   0.   0.   0.   0.   0.   0.   0.   0.   0.   0.   0.   0.
 0.   0.   0.   0.   0.   0.   0.   0.   0.   0.   0.   0.   0.   0.
 0.   0.   0.   0.   0.   0.   0.   0.   0.   0.   0.   0.   0.   0.
 0.   0.   0.   0.   0.   0.   0.   0.   0.   0.   0.   0.  ]"
197,4095,27.5,30,2023-01-31 15:52:44,445.0,645.6,4.0,"[2.91 2.91 2.91 2.49 2.49 2.49 0.   0.   0.   0.   0.   0.   0.   0.
 0.   0.   0.   0.   0.   0.   0.   0.   0.   0.   0.   0.   0.   0.
 0.   0.   0.   0.   0.   0.   0.   0.   0.   0.   0.   0.   0.   0.
 0.   0.   0.   0.   0.   0.   0.   0.   0.   0.   0.   0.   0.   0.
 0.   0.   0.   0.   0.   0.   0.   0.   0.   0.   0.   0.   0.   0.
 0.   0.   0.   0.   0.   0.   0.   0.   0.   0.   0.   0.   0.   0.
 0.   0.   0.   0.   0.   0.   0.   0.   0.   0.   0.   0.  ]"
198,4096,27.5,30,2023-01-31 16:33:45,649.1,941.8,5.9,"[1.91 1.91 1.91 3.25 3.25 3.25 4.07 4.07 0.   0.   0.   0.   0.   0.
 0.   0.   0.   0.   0.   0.   0.   0.   0.   0.   0.   0.   0.   0.
 0.   0.   0.   0.   0.   0.   0.   0.   0.   0.   0.   0.   0.   0.
 0.   0.   0.   0.   0.   0.   0.   0.   0.   0.   0.   0.   0.   0.
 0.   0.   0.   0.   0.   0.   0.   0.   0.   0.   0.   0.   0.   0.
 0.   0.   0.   0.   0.   0.   0.   0.   0.   0.   0.   0.   0.   0.
 0.   0.   0.   0.   0.   0.   0.   0.   0.   0.   0.   0.  ]"
199,4097,27.5,30,2023-01-31 16:39:10,239.1,346.9,2.2,"[1.69 1.69 1.69 1.21 1.21 1.21 0.   0.   0.   0.   0.   0.   0.   0.
 0.   0.   0.   0.   0.   0.   0.   0.   0.   0.   0.   0.   0.   0.
 0.   0.   0.   0.   0.   0.   0.   0.   0.   0.   0.   0.   0.   0.
 0.   0.   0.   0.   0.   0.   0.   0.   0.   0.   0.   0.   0.   0.
 0.   0.   0.   0.   0.   0.   0.   0.   0.   0.   0.   0.   0.   0.
 0.   0.   0.   0.   0.   0.   0.   0.   0.   0.   0.   0.   0.   0.
 0.   0.   0.   0.   0.   0.   0.   0.   0.   0.   0.   0.  ]"
200,4098,27.5,30,2023-01-31 17:16:40,724.7,1051.5,6.6,"[2.62 2.62 2.62 2.54 2.54 4.12 4.12 5.18 0.   0.   0.   0.   0.   0.
 0.   0.   0.   0.   0.   0.   0.   0.   0.   0.   0.   0.   0.   0.
 0.   0.   0.   0.   0.   0.   0.   0.   0.   0.   0.   0.   0.   0.
 0.   0.   0.   0.   0.   0.   0.   0.   0.   0.   0.   0.   0.   0.
 0.   0.   0.   0.   0.   0.   0.   0.   0.   0.   0.   0.   0.   0.
 0.   0.   0.   0.   0.   0.   0.   0.   0.   0.   0.   0.   0.   0.
 0.   0.   0.   0.   0.   0.   0.   0.   0.   0.   0.   0.  ]"
201,4099,27.5,30,2023-01-31 22:17:00,283.0,191.4,2.6,"[3.43 3.43 3.43 0.   0.   0.   0.   0.   0.   0.   0.   0.   0.   0.
 0.   0.   0.   0.   0.   0.   0.   0.   0.   0.   0.   0.   0.   0.
 0.   0.   0.   0.   0.   0.   0.   0.   0.   0.   0.   0.   0.   0.
 0.   0.   0.   0.   0.   0.   0.   0.   0.   0.   0.   0.   0.   0.
 0.   0.   0.   0.   0.   0.   0.   0.   0.   0.   0.   0.   0.   0.
 0.   0.   0.   0.   0.   0.   0.   0.   0.   0.   0.   0.   0.   0.
 0.   0.   0.   0.   0.   0.   0.   0.   0.   0.   0.   0.  ]"
