dcosId,z_sch,z_reg,hourly_scheduled_price,hourly_regular_price,start_time,charging_revenue,TOU_cost,energy_delivered,power_profile
3854,22.5,30,77.86,198.0,2023-01-02 10:21:06,1479.3,1133.0,16.4,"[3.61 2.73 2.73 2.73 2.73 2.73 2.73 2.73 2.73 2.73 2.73 2.73 2.73 2.73
 2.73 5.98 5.98 5.98 5.98 0.   0.   0.   0.   0.   0.   0.   0.   0.
 0.   0.   0.   0.   0.   0.   0.   0.   0.   0.   0.   0.   0.   0.
 0.   0.   0.   0.   0.   0.   0.   0.   0.   0.   0.   0.   0.   0.
 0.   0.   0.   0.   0.   0.   0.   0.   0.   0.   0.   0.   0.   0.
 0.   0.   0.   0.   0.   0.   0.   0.   0.   0.   0.   0.   0.   0.
 0.   0.   0.   0.   0.   0.   0.   0.   0.   0.   0.   0.  ]"
3855,10.0,30,32.53,198.0,2023-01-02 10:31:41,455.4,749.8,11.4,"[3.25 3.25 3.25 3.25 3.25 3.25 3.25 3.25 3.25 3.25 3.25 3.25 3.25 3.25
 0.   0.   0.   0.   0.   0.   0.   0.   0.   0.   0.   0.   0.   0.
 0.   0.   0.   0.   0.   0.   0.   0.   0.   0.   0.   0.   0.   0.
 0.   0.   0.   0.   0.   0.   0.   0.   0.   0.   0.   0.   0.   0.
 0.   0.   0.   0.   0.   0.   0.   0.   0.   0.   0.   0.   0.   0.
 0.   0.   0.   0.   0.   0.   0.   0.   0.   0.   0.   0.   0.   0.
 0.   0.   0.   0.   0.   0.   0.   0.   0.   0.   0.   0.  ]"
3856,20.0,30,68.28,198.0,2023-01-02 10:39:57,1229.1,1041.0,15.4,"[ 3.41  3.41  3.41  3.41  3.41  3.41  3.41  3.41  3.41  3.41  3.41  3.41
  3.41  3.41  3.41  3.41  3.41  3.41 -0.   -0.   -0.   -0.   -0.   -0.
 -0.   -0.   -0.   -0.   -0.   -0.   -0.   -0.   -0.   -0.   -0.   -0.
 -0.   -0.   -0.   -0.   -0.   -0.   -0.   -0.   -0.   -0.   -0.   -0.
 -0.   -0.   -0.   -0.   -0.   -0.   -0.   -0.   -0.   -0.   -0.   -0.
 -0.   -0.   -0.   -0.   -0.   -0.   -0.   -0.   -0.   -0.   -0.   -0.
 -0.   -0.   -0.   -0.   -0.   -0.   -0.   -0.   -0.   -0.   -0.   -0.
 -0.   -0.   -0.   -0.   -0.   -0.   -0.   -0.   -0.   -0.   -0.   -0.  ]"
3858,27.5,30,35.17,198.0,2023-01-03 06:20:28,281.3,190.3,2.6,"[1.28 1.28 1.28 1.28 1.28 1.28 1.28 1.28 0.   0.   0.   0.   0.   0.
 0.   0.   0.   0.   0.   0.   0.   0.   0.   0.   0.   0.   0.   0.
 0.   0.   0.   0.   0.   0.   0.   0.   0.   0.   0.   0.   0.   0.
 0.   0.   0.   0.   0.   0.   0.   0.   0.   0.   0.   0.   0.   0.
 0.   0.   0.   0.   0.   0.   0.   0.   0.   0.   0.   0.   0.   0.
 0.   0.   0.   0.   0.   0.   0.   0.   0.   0.   0.   0.   0.   0.
 0.   0.   0.   0.   0.   0.   0.   0.   0.   0.   0.   0.  ]"
3859,27.5,30,92.57,198.0,2023-01-03 08:56:37,2684.4,1772.4,24.4,"[ 5.16  5.16  5.16  5.16  5.16  3.14  3.14  3.14  3.14  3.14  3.14  3.14
  3.14  2.48  2.48  2.48  2.48  2.48  2.48  2.48  2.48  2.48  2.48  2.48
  2.48  2.48  4.52  4.52  5.35 -0.   -0.   -0.   -0.   -0.   -0.   -0.
 -0.   -0.   -0.   -0.   -0.   -0.   -0.   -0.   -0.   -0.   -0.   -0.
 -0.   -0.   -0.   -0.   -0.   -0.   -0.   -0.   -0.   -0.   -0.   -0.
 -0.   -0.   -0.   -0.   -0.   -0.   -0.   -0.   -0.   -0.   -0.   -0.
 -0.   -0.   -0.   -0.   -0.   -0.   -0.   -0.   -0.   -0.   -0.   -0.
 -0.   -0.   -0.   -0.   -0.   -0.   -0.   -0.   -0.   -0.   -0.   -0.  ]"
3860,25.0,30,81.05,198.0,2023-01-03 10:14:40,1702.1,1153.2,17.0,"[ 3.4   3.4   3.4   3.4   3.4   3.4   3.4   3.4   3.14  3.14  3.14  3.14
  3.14  3.14  3.14  3.14  3.14  3.14  3.14  3.14  3.14 -0.   -0.    0.
 -0.   -0.   -0.   -0.   -0.   -0.   -0.   -0.   -0.   -0.   -0.   -0.
 -0.   -0.   -0.   -0.   -0.   -0.   -0.   -0.   -0.   -0.   -0.   -0.
 -0.   -0.   -0.   -0.   -0.   -0.   -0.   -0.   -0.   -0.   -0.   -0.
 -0.   -0.   -0.   -0.   -0.   -0.   -0.   -0.   -0.   -0.   -0.   -0.
 -0.   -0.   -0.   -0.   -0.   -0.   -0.   -0.   -0.   -0.   -0.   -0.
 -0.   -0.   -0.   -0.   -0.   -0.   -0.   -0.   -0.   -0.   -0.   -0.  ]"
3861,20.0,30,66.59,198.0,2023-01-03 12:06:44,1531.5,2345.0,19.1,"[ 2.17  2.17  2.17  2.17  2.17  2.17  2.17  2.17  2.17  2.17  2.17  2.17
  2.17  1.75  1.75  0.93  6.28  6.28  6.28  6.28  6.28  6.28  6.28 -0.
 -0.   -0.   -0.   -0.   -0.   -0.   -0.   -0.   -0.   -0.   -0.   -0.
 -0.   -0.   -0.   -0.   -0.   -0.   -0.   -0.   -0.   -0.   -0.   -0.
 -0.   -0.   -0.   -0.   -0.   -0.   -0.   -0.   -0.   -0.   -0.   -0.
 -0.   -0.   -0.   -0.   -0.   -0.   -0.   -0.   -0.   -0.   -0.   -0.
 -0.   -0.   -0.   -0.   -0.   -0.   -0.   -0.   -0.   -0.   -0.   -0.
 -0.   -0.   -0.   -0.   -0.   -0.   -0.   -0.   -0.   -0.   -0.   -0.  ]"
3862,10.0,30,30.93,198.0,2023-01-03 15:24:24,340.2,1240.6,8.5,"[2.74 2.74 2.74 2.74 2.74 2.74 2.74 2.74 2.74 2.74 6.6  0.   0.   0.
 0.   0.   0.   0.   0.   0.   0.   0.   0.   0.   0.   0.   0.   0.
 0.   0.   0.   0.   0.   0.   0.   0.   0.   0.   0.   0.   0.   0.
 0.   0.   0.   0.   0.   0.   0.   0.   0.   0.   0.   0.   0.   0.
 0.   0.   0.   0.   0.   0.   0.   0.   0.   0.   0.   0.   0.   0.
 0.   0.   0.   0.   0.   0.   0.   0.   0.   0.   0.   0.   0.   0.
 0.   0.   0.   0.   0.   0.   0.   0.   0.   0.   0.   0.  ]"
3863,27.5,30,47.09,198.0,2023-01-04 06:22:36,282.5,191.1,2.6,"[ 1.71  1.71  1.71  1.71  1.71  1.71 -0.   -0.   -0.   -0.   -0.   -0.
 -0.   -0.   -0.   -0.   -0.   -0.   -0.   -0.   -0.   -0.   -0.   -0.
 -0.   -0.   -0.   -0.   -0.   -0.   -0.   -0.   -0.   -0.   -0.   -0.
 -0.   -0.   -0.   -0.   -0.   -0.   -0.   -0.   -0.   -0.   -0.   -0.
 -0.   -0.   -0.   -0.   -0.   -0.   -0.   -0.   -0.   -0.   -0.   -0.
 -0.   -0.   -0.   -0.   -0.   -0.   -0.   -0.   -0.   -0.   -0.   -0.
 -0.   -0.   -0.   -0.   -0.   -0.   -0.   -0.   -0.   -0.   -0.   -0.
 -0.   -0.   -0.   -0.   -0.   -0.   -0.   -0.   -0.   -0.   -0.   -0.  ]"
3864,27.5,30,181.5,198.0,2023-01-04 07:48:17,6534.0,4678.1,59.4,"[6.6 6.6 6.6 6.6 6.6 6.6 6.6 6.6 6.6 6.6 6.6 6.6 6.6 6.6 6.6 6.6 6.6 6.6
 6.6 6.6 6.6 6.6 6.6 6.6 6.6 6.6 6.6 6.6 6.6 6.6 6.6 6.6 6.6 6.6 6.6 6.6
 0.  0.  0.  0.  0.  0.  0.  0.  0.  0.  0.  0.  0.  0.  0.  0.  0.  0.
 0.  0.  0.  0.  0.  0.  0.  0.  0.  0.  0.  0.  0.  0.  0.  0.  0.  0.
 0.  0.  0.  0.  0.  0.  0.  0.  0.  0.  0.  0.  0.  0.  0.  0.  0.  0.
 0.  0.  0.  0.  0.  0. ]"
3865,10.0,30,16.89,198.0,2023-01-04 08:26:36,270.3,448.9,6.8,"[1.8  1.8  1.67 1.67 1.67 1.67 1.67 1.67 1.67 1.67 1.67 1.67 1.67 1.67
 1.67 1.67 0.   0.   0.   0.   0.   0.   0.   0.   0.   0.   0.   0.
 0.   0.   0.   0.   0.   0.   0.   0.   0.   0.   0.   0.   0.   0.
 0.   0.   0.   0.   0.   0.   0.   0.   0.   0.   0.   0.   0.   0.
 0.   0.   0.   0.   0.   0.   0.   0.   0.   0.   0.   0.   0.   0.
 0.   0.   0.   0.   0.   0.   0.   0.   0.   0.   0.   0.   0.   0.
 0.   0.   0.   0.   0.   0.   0.   0.   0.   0.   0.   0.  ]"
3866,12.5,30,37.26,198.0,2023-01-04 08:59:28,596.1,777.3,11.9,"[2.77 2.77 2.77 2.77 2.77 2.77 2.77 2.77 2.77 2.77 2.77 2.77 2.77 2.77
 4.44 4.44 0.   0.   0.   0.   0.   0.   0.   0.   0.   0.   0.   0.
 0.   0.   0.   0.   0.   0.   0.   0.   0.   0.   0.   0.   0.   0.
 0.   0.   0.   0.   0.   0.   0.   0.   0.   0.   0.   0.   0.   0.
 0.   0.   0.   0.   0.   0.   0.   0.   0.   0.   0.   0.   0.   0.
 0.   0.   0.   0.   0.   0.   0.   0.   0.   0.   0.   0.   0.   0.
 0.   0.   0.   0.   0.   0.   0.   0.   0.   0.   0.   0.  ]"
3868,15.0,30,48.97,198.0,2023-01-04 12:32:15,783.5,1142.6,13.1,"[3.26 3.26 3.26 3.26 3.26 3.26 3.26 3.26 3.26 3.26 3.26 3.26 3.26 3.26
 3.26 3.26 0.   0.   0.   0.   0.   0.   0.   0.   0.   0.   0.   0.
 0.   0.   0.   0.   0.   0.   0.   0.   0.   0.   0.   0.   0.   0.
 0.   0.   0.   0.   0.   0.   0.   0.   0.   0.   0.   0.   0.   0.
 0.   0.   0.   0.   0.   0.   0.   0.   0.   0.   0.   0.   0.   0.
 0.   0.   0.   0.   0.   0.   0.   0.   0.   0.   0.   0.   0.   0.
 0.   0.   0.   0.   0.   0.   0.   0.   0.   0.   0.   0.  ]"
3869,27.5,30,138.29,198.0,2023-01-05 06:19:10,968.0,654.7,8.8,"[ 5.03  5.03  5.03  5.03  5.03  5.03  5.03 -0.   -0.   -0.   -0.   -0.
 -0.   -0.   -0.   -0.   -0.   -0.   -0.   -0.   -0.   -0.   -0.   -0.
 -0.   -0.   -0.   -0.   -0.   -0.   -0.   -0.   -0.   -0.   -0.   -0.
 -0.   -0.   -0.   -0.   -0.   -0.   -0.   -0.   -0.   -0.   -0.   -0.
 -0.   -0.   -0.   -0.   -0.   -0.   -0.   -0.   -0.   -0.   -0.   -0.
 -0.   -0.   -0.   -0.   -0.   -0.   -0.   -0.   -0.   -0.   -0.   -0.
 -0.   -0.   -0.   -0.   -0.   -0.   -0.   -0.   -0.   -0.   -0.   -0.
 -0.   -0.   -0.   -0.   -0.   -0.   -0.   -0.   -0.   -0.   -0.   -0.  ]"
3870,27.5,30,43.61,198.0,2023-01-05 07:39:15,1526.5,981.4,13.9,"[-0.   -0.   -0.   -0.   -0.    2.87  1.91  1.91  1.91  1.91  1.91  1.91
  1.91  1.91  1.91  1.91  1.91  1.91  1.91  1.91  1.91  1.91  1.91  1.91
  1.91  1.91  1.91  1.91  1.91  1.91  1.62  1.62  1.62  0.92  0.92 -0.
 -0.   -0.   -0.   -0.   -0.   -0.   -0.   -0.   -0.   -0.   -0.   -0.
 -0.   -0.   -0.   -0.   -0.   -0.   -0.   -0.   -0.   -0.   -0.   -0.
 -0.   -0.   -0.   -0.   -0.   -0.   -0.   -0.   -0.   -0.   -0.   -0.
 -0.   -0.   -0.   -0.   -0.   -0.   -0.   -0.   -0.   -0.   -0.   -0.
 -0.   -0.   -0.   -0.   -0.   -0.   -0.   -0.   -0.   -0.   -0.   -0.  ]"
3871,27.5,30,90.3,198.0,2023-01-05 09:03:50,1264.2,749.3,11.5,"[ 3.28  3.28  3.28  3.28  3.28  3.28  3.28  3.28  3.28  3.28  3.28  3.28
  3.28  3.28  0.    0.    0.    0.    0.    0.    0.    0.    0.    0.
  0.    0.    0.    0.    0.   -0.   -0.   -0.   -0.   -0.   -0.   -0.
 -0.   -0.   -0.   -0.   -0.   -0.   -0.   -0.   -0.   -0.   -0.   -0.
 -0.   -0.   -0.   -0.   -0.   -0.   -0.   -0.   -0.   -0.   -0.   -0.
 -0.   -0.   -0.   -0.   -0.   -0.   -0.   -0.   -0.   -0.   -0.   -0.
 -0.   -0.   -0.   -0.   -0.   -0.   -0.   -0.   -0.   -0.   -0.   -0.
 -0.   -0.   -0.   -0.   -0.   -0.   -0.   -0.   -0.   -0.   -0.   -0.  ]"
3872,27.5,30,92.58,198.0,2023-01-05 15:06:51,1018.4,1093.4,9.3,"[ 6.01  6.01  6.01  0.99  0.99  2.84  2.84  2.84  2.84  2.84  2.84 -0.
 -0.   -0.   -0.   -0.   -0.   -0.   -0.   -0.   -0.   -0.   -0.   -0.
 -0.   -0.   -0.   -0.   -0.   -0.   -0.   -0.   -0.   -0.   -0.   -0.
 -0.   -0.   -0.   -0.   -0.   -0.   -0.   -0.   -0.   -0.   -0.   -0.
 -0.   -0.   -0.   -0.   -0.   -0.   -0.   -0.   -0.   -0.   -0.   -0.
 -0.   -0.   -0.   -0.   -0.   -0.   -0.   -0.   -0.   -0.   -0.   -0.
 -0.   -0.   -0.   -0.   -0.   -0.   -0.   -0.   -0.   -0.   -0.   -0.
 -0.   -0.   -0.   -0.   -0.   -0.   -0.   -0.   -0.   -0.   -0.   -0.  ]"
3873,27.5,30,110.14,198.0,2023-01-06 07:39:24,3854.8,2726.3,35.0,"[4.34 4.34 4.34 2.67 2.67 2.67 3.34 3.31 3.31 3.23 3.23 3.23 3.38 3.38
 3.38 3.38 3.38 4.03 4.03 4.03 4.03 4.03 4.03 3.55 3.55 4.34 4.34 4.34
 4.84 4.84 4.84 4.84 5.76 6.6  6.6  0.   0.   0.   0.   0.   0.   0.
 0.   0.   0.   0.   0.   0.   0.   0.   0.   0.   0.   0.   0.   0.
 0.   0.   0.   0.   0.   0.   0.   0.   0.   0.   0.   0.   0.   0.
 0.   0.   0.   0.   0.   0.   0.   0.   0.   0.   0.   0.   0.   0.
 0.   0.   0.   0.   0.   0.   0.   0.   0.   0.   0.   0.  ]"
3874,25.0,30,74.33,198.0,2023-01-06 07:40:46,1263.6,859.0,12.6,"[ 3.15  3.15  3.15  2.92  2.92  2.92  2.94  2.94  2.94  2.94  2.94  2.94
  2.94  2.94  2.94  2.94  2.94 -0.   -0.   -0.   -0.   -0.   -0.   -0.
 -0.   -0.   -0.   -0.   -0.   -0.   -0.   -0.   -0.    0.    0.    0.
  0.    0.    0.    0.    0.    0.    0.    0.    0.    0.    0.    0.
  0.    0.    0.    0.    0.    0.    0.    0.    0.    0.    0.    0.
  0.    0.    0.    0.    0.    0.    0.    0.    0.    0.    0.    0.
  0.    0.    0.    0.    0.    0.    0.    0.    0.    0.    0.    0.
  0.    0.    0.    0.    0.    0.    0.    0.    0.    0.    0.    0.  ]"
3875,20.0,30,39.99,198.0,2023-01-06 08:21:48,1279.6,1409.8,16.0,"[2.18 2.18 2.18 0.95 0.87 0.87 1.08 1.08 1.08 1.15 1.15 1.15 1.15 1.15
 1.5  1.5  1.5  1.5  1.5  1.5  1.92 1.92 1.52 1.52 1.52 2.27 2.27 2.27
 2.27 6.06 6.6  6.6  0.   0.   0.   0.   0.   0.   0.   0.   0.   0.
 0.   0.   0.   0.   0.   0.   0.   0.   0.   0.   0.   0.   0.   0.
 0.   0.   0.   0.   0.   0.   0.   0.   0.   0.   0.   0.   0.   0.
 0.   0.   0.   0.   0.   0.   0.   0.   0.   0.   0.   0.   0.   0.
 0.   0.   0.   0.   0.   0.   0.   0.   0.   0.   0.   0.  ]"
3876,20.0,30,66.19,198.0,2023-01-06 09:05:02,1720.9,1465.2,21.5,"[ 3.44  2.68  2.68  2.6   2.6   2.6   2.84  2.84  2.84  2.84  2.84  3.48
  3.48  3.48  3.48  3.48  3.48  3.56  3.56  3.46  3.46  3.46  4.21  4.21
  4.21  4.21 -0.   -0.   -0.   -0.   -0.   -0.   -0.   -0.   -0.   -0.
 -0.   -0.   -0.   -0.   -0.   -0.   -0.   -0.   -0.   -0.   -0.   -0.
 -0.   -0.   -0.   -0.   -0.   -0.   -0.   -0.   -0.   -0.   -0.   -0.
 -0.   -0.   -0.   -0.   -0.   -0.   -0.   -0.   -0.   -0.   -0.   -0.
 -0.   -0.   -0.   -0.   -0.   -0.   -0.   -0.   -0.   -0.   -0.   -0.
 -0.   -0.   -0.   -0.   -0.   -0.   -0.   -0.   -0.   -0.   -0.   -0.  ]"
3877,10.0,30,33.29,198.0,2023-01-06 09:17:37,699.0,1163.6,17.5,"[3.03 3.03 2.9  2.9  2.9  3.05 3.05 3.05 3.05 3.05 3.7  3.7  3.7  3.7
 3.7  3.7  3.6  3.6  3.5  3.5  3.5  0.   0.   0.   0.   0.   0.   0.
 0.   0.   0.   0.   0.   0.   0.   0.   0.   0.   0.   0.   0.   0.
 0.   0.   0.   0.   0.   0.   0.   0.   0.   0.   0.   0.   0.   0.
 0.   0.   0.   0.   0.   0.   0.   0.   0.   0.   0.   0.   0.   0.
 0.   0.   0.   0.   0.   0.   0.   0.   0.   0.   0.   0.   0.   0.
 0.   0.   0.   0.   0.   0.   0.   0.   0.   0.   0.   0.  ]"
3878,22.5,30,78.43,198.0,2023-01-06 09:52:23,1803.8,1370.3,20.0,"[ 3.63  3.63  3.63  2.77  2.77  2.77  2.77  2.77  3.42  3.42  3.42  3.42
  3.42  3.42  3.62  3.62  3.52  3.52  3.52  4.27  4.27  4.27  4.27 -0.
 -0.   -0.   -0.   -0.   -0.   -0.   -0.   -0.   -0.   -0.   -0.   -0.
 -0.   -0.   -0.   -0.   -0.   -0.   -0.   -0.   -0.   -0.   -0.   -0.
 -0.   -0.   -0.   -0.   -0.   -0.   -0.   -0.   -0.   -0.   -0.   -0.
 -0.   -0.   -0.   -0.   -0.   -0.   -0.   -0.   -0.   -0.   -0.   -0.
 -0.   -0.   -0.   -0.   -0.   -0.   -0.   -0.   -0.   -0.   -0.   -0.
 -0.   -0.   -0.   -0.   -0.   -0.   -0.   -0.   -0.   -0.   -0.   -0.  ]"
3879,15.0,30,39.28,198.0,2023-01-06 10:39:35,825.0,948.1,13.7,"[2.6  2.6  2.6  2.6  2.6  2.6  2.6  2.6  2.6  2.6  2.6  1.96 1.96 1.86
 1.86 1.86 2.62 2.62 2.62 2.62 6.38 0.   0.   0.   0.   0.   0.   0.
 0.   0.   0.   0.   0.   0.   0.   0.   0.   0.   0.   0.   0.   0.
 0.   0.   0.   0.   0.   0.   0.   0.   0.   0.   0.   0.   0.   0.
 0.   0.   0.   0.   0.   0.   0.   0.   0.   0.   0.   0.   0.   0.
 0.   0.   0.   0.   0.   0.   0.   0.   0.   0.   0.   0.   0.   0.
 0.   0.   0.   0.   0.   0.   0.   0.   0.   0.   0.   0.  ]"
3880,10.0,30,23.74,198.0,2023-01-06 13:29:11,308.7,973.1,7.7,"[ 1.19  1.19  1.19  1.19  1.19  1.19  1.19  1.19  1.19  1.19  6.19  6.19
  6.6  -0.   -0.   -0.   -0.   -0.   -0.   -0.   -0.   -0.   -0.   -0.
 -0.   -0.   -0.   -0.   -0.   -0.   -0.   -0.   -0.   -0.   -0.   -0.
 -0.   -0.   -0.   -0.   -0.   -0.   -0.   -0.   -0.   -0.   -0.   -0.
 -0.   -0.   -0.   -0.   -0.   -0.   -0.   -0.   -0.   -0.   -0.   -0.
 -0.   -0.   -0.   -0.   -0.   -0.   -0.   -0.   -0.   -0.   -0.   -0.
 -0.   -0.   -0.   -0.   -0.   -0.   -0.   -0.   -0.   -0.   -0.   -0.
 -0.   -0.   -0.   -0.   -0.   -0.   -0.   -0.   -0.   -0.   -0.   -0.  ]"
3881,27.5,30,103.71,198.0,2023-01-06 18:50:49,1348.3,1253.3,12.3,"[2.  2.  2.  2.  2.  2.  2.  2.  6.6 6.6 6.6 6.6 6.6 0.  0.  0.  0.  0.
 0.  0.  0.  0.  0.  0.  0.  0.  0.  0.  0.  0.  0.  0.  0.  0.  0.  0.
 0.  0.  0.  0.  0.  0.  0.  0.  0.  0.  0.  0.  0.  0.  0.  0.  0.  0.
 0.  0.  0.  0.  0.  0.  0.  0.  0.  0.  0.  0.  0.  0.  0.  0.  0.  0.
 0.  0.  0.  0.  0.  0.  0.  0.  0.  0.  0.  0.  0.  0.  0.  0.  0.  0.
 0.  0.  0.  0.  0.  0. ]"
3882,27.5,30,181.5,198.0,2023-01-07 07:59:07,3267.0,1997.2,29.7,"[6.6 6.6 6.6 6.6 6.6 6.6 6.6 6.6 6.6 6.6 6.6 6.6 6.6 6.6 6.6 6.6 6.6 6.6
 0.  0.  0.  0.  0.  0.  0.  0.  0.  0.  0.  0.  0.  0.  0.  0.  0.  0.
 0.  0.  0.  0.  0.  0.  0.  0.  0.  0.  0.  0.  0.  0.  0.  0.  0.  0.
 0.  0.  0.  0.  0.  0.  0.  0.  0.  0.  0.  0.  0.  0.  0.  0.  0.  0.
 0.  0.  0.  0.  0.  0.  0.  0.  0.  0.  0.  0.  0.  0.  0.  0.  0.  0.
 0.  0.  0.  0.  0.  0. ]"
3884,27.5,30,116.68,198.0,2023-01-07 17:04:27,1400.2,2031.5,12.7,"[4.24 4.24 4.24 4.24 4.24 4.24 4.24 4.24 4.24 4.24 4.24 4.24 0.   0.
 0.   0.   0.   0.   0.   0.   0.   0.   0.   0.   0.   0.   0.   0.
 0.   0.   0.   0.   0.   0.   0.   0.   0.   0.   0.   0.   0.   0.
 0.   0.   0.   0.   0.   0.   0.   0.   0.   0.   0.   0.   0.   0.
 0.   0.   0.   0.   0.   0.   0.   0.   0.   0.   0.   0.   0.   0.
 0.   0.   0.   0.   0.   0.   0.   0.   0.   0.   0.   0.   0.   0.
 0.   0.   0.   0.   0.   0.   0.   0.   0.   0.   0.   0.  ]"
3885,27.5,30,30.62,198.0,2023-01-07 23:27:35,183.7,124.3,1.7,"[1.11 1.11 1.11 1.11 1.11 1.11 0.   0.   0.   0.   0.   0.   0.   0.
 0.   0.   0.   0.   0.   0.   0.   0.   0.   0.   0.   0.   0.   0.
 0.   0.   0.   0.   0.   0.   0.   0.   0.   0.   0.   0.   0.   0.
 0.   0.   0.   0.   0.   0.   0.   0.   0.   0.   0.   0.   0.   0.
 0.   0.   0.   0.   0.   0.   0.   0.   0.   0.   0.   0.   0.   0.
 0.   0.   0.   0.   0.   0.   0.   0.   0.   0.   0.   0.   0.   0.
 0.   0.   0.   0.   0.   0.   0.   0.   0.   0.   0.   0.  ]"
3886,27.5,30,90.63,198.0,2023-01-08 10:06:59,2084.5,1235.5,18.9,"[5.05 5.05 5.05 5.05 5.05 5.05 5.05 5.05 5.05 5.05 5.05 5.05 5.05 5.05
 5.05 0.   0.   0.   0.   0.   0.   0.   0.   0.   0.   0.   0.   0.
 0.   0.   0.   0.   0.   0.   0.   0.   0.   0.   0.   0.   0.   0.
 0.   0.   0.   0.   0.   0.   0.   0.   0.   0.   0.   0.   0.   0.
 0.   0.   0.   0.   0.   0.   0.   0.   0.   0.   0.   0.   0.   0.
 0.   0.   0.   0.   0.   0.   0.   0.   0.   0.   0.   0.   0.   0.
 0.   0.   0.   0.   0.   0.   0.   0.   0.   0.   0.   0.  ]"
3888,27.5,30,90.27,198.0,2023-01-08 14:44:52,1354.1,1261.7,12.3,"[6.6  6.6  6.6  6.6  6.6  1.62 1.62 1.62 1.62 1.62 1.62 1.62 1.62 1.62
 1.62 0.   0.   0.   0.   0.   0.   0.   0.   0.   0.   0.   0.   0.
 0.   0.   0.   0.   0.   0.   0.   0.   0.   0.   0.   0.   0.   0.
 0.   0.   0.   0.   0.   0.   0.   0.   0.   0.   0.   0.   0.   0.
 0.   0.   0.   0.   0.   0.   0.   0.   0.   0.   0.   0.   0.   0.
 0.   0.   0.   0.   0.   0.   0.   0.   0.   0.   0.   0.   0.   0.
 0.   0.   0.   0.   0.   0.   0.   0.   0.   0.   0.   0.  ]"
3891,27.5,30,105.87,198.0,2023-01-09 06:50:35,847.0,572.9,7.7,"[4.4  4.4  4.4  4.4  4.4  2.93 2.93 2.93 0.   0.   0.   0.   0.   0.
 0.   0.   0.   0.   0.   0.   0.   0.   0.   0.   0.   0.   0.   0.
 0.   0.   0.   0.   0.   0.   0.   0.   0.   0.   0.   0.   0.   0.
 0.   0.   0.   0.   0.   0.   0.   0.   0.   0.   0.   0.   0.   0.
 0.   0.   0.   0.   0.   0.   0.   0.   0.   0.   0.   0.   0.   0.
 0.   0.   0.   0.   0.   0.   0.   0.   0.   0.   0.   0.   0.   0.
 0.   0.   0.   0.   0.   0.   0.   0.   0.   0.   0.   0.  ]"
3892,27.5,30,181.5,198.0,2023-01-09 08:06:24,6715.5,5082.0,61.1,"[ 6.6  6.6  6.6  6.6  6.6  6.6  6.6  6.6  6.6  6.6  6.6  6.6  6.6  6.6
  6.6  6.6  6.6  6.6  6.6  6.6  6.6  6.6  6.6  6.6  6.6  6.6  6.6  6.6
  6.6  6.6  6.6  6.6  6.6  6.6  6.6  6.6  6.6 -0.  -0.  -0.  -0.  -0.
 -0.  -0.  -0.  -0.  -0.  -0.  -0.  -0.  -0.  -0.  -0.  -0.  -0.  -0.
 -0.  -0.  -0.  -0.  -0.  -0.  -0.  -0.  -0.  -0.  -0.  -0.  -0.  -0.
 -0.  -0.  -0.  -0.  -0.  -0.  -0.  -0.  -0.  -0.  -0.  -0.  -0.  -0.
 -0.  -0.  -0.  -0.  -0.  -0.  -0.  -0.  -0.  -0.  -0.  -0. ]"
3893,27.5,30,97.19,198.0,2023-01-09 08:26:50,2818.4,1731.1,25.6,"[0.   0.   5.31 3.84 3.84 3.84 3.84 3.84 3.84 3.75 3.7  3.7  3.7  3.7
 3.7  3.7  3.7  3.7  3.62 3.62 3.62 3.62 3.76 3.76 3.76 3.76 3.76 3.76
 3.76 0.   0.   0.   0.   0.   0.   0.   0.   0.   0.   0.   0.   0.
 0.   0.   0.   0.   0.   0.   0.   0.   0.   0.   0.   0.   0.   0.
 0.   0.   0.   0.   0.   0.   0.   0.   0.   0.   0.   0.   0.   0.
 0.   0.   0.   0.   0.   0.   0.   0.   0.   0.   0.   0.   0.   0.
 0.   0.   0.   0.   0.   0.   0.   0.   0.   0.   0.   0.  ]"
3894,27.5,30,48.83,198.0,2023-01-09 09:03:51,1562.4,1550.9,14.2,"[ 1.79  1.79  1.79  1.79  1.79  1.79  0.78  0.78  0.78  0.78  0.78  0.78
  0.78  0.78  0.78  1.44  1.44  1.44  1.44  1.01  1.01  1.01  1.01  1.01
  1.01  1.01  0.47  3.92  3.92  5.1   6.4   6.4  -0.   -0.   -0.   -0.
 -0.   -0.   -0.   -0.   -0.   -0.   -0.   -0.   -0.   -0.   -0.   -0.
 -0.   -0.   -0.   -0.   -0.   -0.   -0.   -0.   -0.   -0.   -0.   -0.
 -0.   -0.   -0.   -0.   -0.   -0.   -0.   -0.   -0.   -0.   -0.   -0.
 -0.   -0.   -0.   -0.   -0.   -0.   -0.   -0.   -0.   -0.   -0.   -0.
 -0.   -0.   -0.   -0.   -0.   -0.   -0.   -0.   -0.   -0.   -0.   -0.  ]"
3895,27.5,30,76.74,198.0,2023-01-09 09:14:08,2302.2,1679.8,20.9,"[3.37 3.37 3.37 3.37 3.37 3.37 2.49 2.47 2.47 2.47 2.47 2.47 2.47 2.47
 2.47 2.23 2.23 2.23 2.23 2.39 2.39 2.39 2.39 2.39 2.39 2.39 4.32 3.15
 3.15 5.   0.   0.   0.   0.   0.   0.   0.   0.   0.   0.   0.   0.
 0.   0.   0.   0.   0.   0.   0.   0.   0.   0.   0.   0.   0.   0.
 0.   0.   0.   0.   0.   0.   0.   0.   0.   0.   0.   0.   0.   0.
 0.   0.   0.   0.   0.   0.   0.   0.   0.   0.   0.   0.   0.   0.
 0.   0.   0.   0.   0.   0.   0.   0.   0.   0.   0.   0.  ]"
3896,25.0,30,84.98,198.0,2023-01-09 10:34:34,1954.6,1467.8,19.5,"[ 3.88  3.36  3.36  3.36  3.36  3.36  3.36  3.36  3.36  3.22  3.22  3.22
  3.22  3.36  3.36  3.36  3.36  3.36  3.36  3.36  5.66  2.67  2.67 -0.
 -0.   -0.   -0.   -0.   -0.   -0.   -0.   -0.   -0.   -0.   -0.   -0.
 -0.   -0.   -0.   -0.   -0.   -0.   -0.   -0.   -0.   -0.   -0.   -0.
 -0.   -0.   -0.   -0.   -0.   -0.   -0.   -0.   -0.   -0.   -0.   -0.
 -0.   -0.   -0.   -0.   -0.   -0.   -0.   -0.   -0.   -0.   -0.   -0.
 -0.   -0.   -0.   -0.   -0.   -0.   -0.   -0.   -0.   -0.   -0.   -0.
 -0.   -0.   -0.   -0.   -0.   -0.   -0.   -0.   -0.   -0.   -0.   -0.  ]"
3897,22.5,30,74.15,198.0,2023-01-09 10:54:15,2521.2,3605.5,28.0,"[2.07 2.07 2.07 2.07 2.07 2.07 2.07 2.07 1.79 1.79 1.79 1.79 1.78 1.78
 1.78 1.78 1.78 1.78 1.78 1.86 2.55 2.55 2.2  5.9  5.9  6.1  6.1  6.1
 6.1  6.1  6.1  6.1  6.1  6.1  0.   0.   0.   0.   0.   0.   0.   0.
 0.   0.   0.   0.   0.   0.   0.   0.   0.   0.   0.   0.   0.   0.
 0.   0.   0.   0.   0.   0.   0.   0.   0.   0.   0.   0.   0.   0.
 0.   0.   0.   0.   0.   0.   0.   0.   0.   0.   0.   0.   0.   0.
 0.   0.   0.   0.   0.   0.   0.   0.   0.   0.   0.   0.  ]"
3898,17.5,30,54.45,198.0,2023-01-09 12:47:07,980.1,1465.1,14.0,"[ 2.91  2.91  2.91  2.91  2.91  2.91  2.91  2.91  2.91  2.91  2.91  2.91
  2.91  2.91  2.91  2.91  2.91  6.6  -0.   -0.   -0.   -0.   -0.   -0.
 -0.   -0.   -0.   -0.   -0.   -0.   -0.   -0.   -0.   -0.   -0.   -0.
 -0.   -0.   -0.   -0.   -0.   -0.   -0.   -0.   -0.   -0.   -0.   -0.
 -0.   -0.   -0.   -0.   -0.   -0.   -0.   -0.   -0.   -0.   -0.   -0.
 -0.   -0.   -0.   -0.   -0.   -0.   -0.   -0.   -0.   -0.   -0.   -0.
 -0.   -0.   -0.   -0.   -0.   -0.   -0.   -0.   -0.   -0.   -0.   -0.
 -0.   -0.   -0.   -0.   -0.   -0.   -0.   -0.   -0.   -0.   -0.   -0.  ]"
3899,27.5,30,181.5,198.0,2023-01-09 17:07:42,1633.5,2370.1,14.8,"[ 6.6  6.6  6.6  6.6  6.6  6.6  6.6  6.6  6.6 -0.  -0.  -0.  -0.  -0.
 -0.  -0.  -0.  -0.  -0.  -0.  -0.  -0.  -0.  -0.  -0.  -0.  -0.  -0.
 -0.  -0.  -0.  -0.  -0.  -0.  -0.  -0.  -0.  -0.  -0.  -0.  -0.  -0.
 -0.  -0.  -0.  -0.  -0.  -0.  -0.  -0.  -0.  -0.  -0.  -0.  -0.  -0.
 -0.  -0.  -0.  -0.  -0.  -0.  -0.  -0.  -0.  -0.  -0.  -0.  -0.  -0.
 -0.  -0.  -0.  -0.  -0.  -0.  -0.  -0.  -0.  -0.  -0.  -0.  -0.  -0.
 -0.  -0.  -0.  -0.  -0.  -0.  -0.  -0.  -0.  -0.  -0.  -0. ]"
3900,27.5,30,138.29,198.0,2023-01-10 07:11:47,968.0,654.7,8.8,"[5.03 5.03 5.03 5.03 5.03 5.03 5.03 0.   0.   0.   0.   0.   0.   0.
 0.   0.   0.   0.   0.   0.   0.   0.   0.   0.   0.   0.   0.   0.
 0.   0.   0.   0.   0.   0.   0.   0.   0.   0.   0.   0.   0.   0.
 0.   0.   0.   0.   0.   0.   0.   0.   0.   0.   0.   0.   0.   0.
 0.   0.   0.   0.   0.   0.   0.   0.   0.   0.   0.   0.   0.   0.
 0.   0.   0.   0.   0.   0.   0.   0.   0.   0.   0.   0.   0.   0.
 0.   0.   0.   0.   0.   0.   0.   0.   0.   0.   0.   0.  ]"
3901,27.5,30,88.24,198.0,2023-01-10 08:56:02,970.7,575.3,8.8,"[3.49 3.49 3.1  3.15 3.15 3.15 3.15 3.15 3.15 3.15 3.15 0.   0.   0.
 0.   0.   0.   0.   0.   0.   0.   0.   0.   0.   0.   0.   0.   0.
 0.   0.   0.   0.   0.   0.   0.   0.   0.   0.   0.   0.   0.   0.
 0.   0.   0.   0.   0.   0.   0.   0.   0.   0.   0.   0.   0.   0.
 0.   0.   0.   0.   0.   0.   0.   0.   0.   0.   0.   0.   0.   0.
 0.   0.   0.   0.   0.   0.   0.   0.   0.   0.   0.   0.   0.   0.
 0.   0.   0.   0.   0.   0.   0.   0.   0.   0.   0.   0.  ]"
3902,27.5,30,82.82,198.0,2023-01-10 09:22:18,1407.9,834.5,12.8,"[1.72 1.71 1.71 1.71 1.71 1.71 1.71 1.71 1.71 4.86 4.42 4.42 4.42 4.42
 4.42 4.42 4.42 0.   0.   0.   0.   0.   0.   0.   0.   0.   0.   0.
 0.   0.   0.   0.   0.   0.   0.   0.   0.   0.   0.   0.   0.   0.
 0.   0.   0.   0.   0.   0.   0.   0.   0.   0.   0.   0.   0.   0.
 0.   0.   0.   0.   0.   0.   0.   0.   0.   0.   0.   0.   0.   0.
 0.   0.   0.   0.   0.   0.   0.   0.   0.   0.   0.   0.   0.   0.
 0.   0.   0.   0.   0.   0.   0.   0.   0.   0.   0.   0.  ]"
3903,27.5,30,80.78,198.0,2023-01-10 09:37:55,2504.3,1492.4,22.8,"[ 5.69  5.69  5.69  5.69  5.69  5.69  5.69  5.69  5.69  4.88  4.88  4.88
  4.88  4.88  4.88  4.88  2.19  0.44  0.44  0.44  0.44  0.44  0.44  0.44
  0.44 -0.   -0.   -0.   -0.   -0.   -0.   -0.   -0.   -0.   -0.   -0.
 -0.   -0.   -0.   -0.   -0.   -0.   -0.   -0.   -0.   -0.   -0.   -0.
 -0.   -0.   -0.   -0.   -0.   -0.   -0.   -0.   -0.   -0.   -0.   -0.
 -0.   -0.   -0.   -0.   -0.   -0.   -0.   -0.   -0.   -0.   -0.   -0.
 -0.   -0.   -0.   -0.   -0.   -0.   -0.   -0.   -0.   -0.   -0.   -0.
 -0.   -0.   -0.   -0.   -0.   -0.   -0.   -0.   -0.   -0.   -0.   -0.  ]"
3904,27.5,30,80.02,198.0,2023-01-10 11:46:04,1680.4,1015.2,15.3,"[ 6.6   6.6   6.6   6.6   6.6   6.6   6.6   6.58  1.04  1.04  1.04  1.04
  1.04  1.04  1.04  1.04 -0.   -0.   -0.   -0.   -0.    0.    0.    0.
  0.    0.    0.    0.    0.    0.    0.    0.    0.    0.    0.    0.
  0.    0.    0.    0.    0.    0.    0.    0.    0.    0.    0.    0.
  0.    0.    0.    0.    0.    0.    0.    0.    0.    0.    0.    0.
  0.    0.    0.    0.    0.    0.    0.    0.    0.    0.    0.    0.
  0.    0.    0.    0.    0.    0.    0.    0.    0.    0.    0.    0.
  0.    0.    0.    0.    0.    0.    0.    0.    0.    0.    0.    0.  ]"
3905,27.5,30,92.55,198.0,2023-01-10 13:34:57,1850.9,1405.1,16.8,"[6.6  6.6  6.6  6.6  6.6  6.6  6.6  6.6  6.6  0.54 0.54 0.54 0.54 0.54
 0.69 0.91 0.91 0.91 0.91 0.91 0.   0.   0.   0.   0.   0.   0.   0.
 0.   0.   0.   0.   0.   0.   0.   0.   0.   0.   0.   0.   0.   0.
 0.   0.   0.   0.   0.   0.   0.   0.   0.   0.   0.   0.   0.   0.
 0.   0.   0.   0.   0.   0.   0.   0.   0.   0.   0.   0.   0.   0.
 0.   0.   0.   0.   0.   0.   0.   0.   0.   0.   0.   0.   0.   0.
 0.   0.   0.   0.   0.   0.   0.   0.   0.   0.   0.   0.  ]"
3906,27.5,30,36.49,198.0,2023-01-11 06:30:25,218.9,148.1,2.0,"[1.33 1.33 1.33 1.33 1.33 1.33 0.   0.   0.   0.   0.   0.   0.   0.
 0.   0.   0.   0.   0.   0.   0.   0.   0.   0.   0.   0.   0.   0.
 0.   0.   0.   0.   0.   0.   0.   0.   0.   0.   0.   0.   0.   0.
 0.   0.   0.   0.   0.   0.   0.   0.   0.   0.   0.   0.   0.   0.
 0.   0.   0.   0.   0.   0.   0.   0.   0.   0.   0.   0.   0.   0.
 0.   0.   0.   0.   0.   0.   0.   0.   0.   0.   0.   0.   0.   0.
 0.   0.   0.   0.   0.   0.   0.   0.   0.   0.   0.   0.  ]"
3907,27.5,30,87.01,198.0,2023-01-11 07:51:43,2436.3,1482.2,22.1,"[ 0.   -0.    0.    0.    3.43  3.43  3.43  3.56  3.56  3.28  3.28  3.28
  3.28  3.28  3.28  3.28  3.28  3.28  4.24  4.24  4.24  4.14  4.14  4.14
  4.14  4.14  4.14  4.14 -0.   -0.   -0.   -0.   -0.   -0.   -0.   -0.
 -0.   -0.   -0.   -0.   -0.   -0.   -0.   -0.   -0.   -0.   -0.   -0.
 -0.   -0.   -0.   -0.   -0.   -0.   -0.   -0.   -0.   -0.   -0.   -0.
 -0.   -0.   -0.   -0.   -0.   -0.   -0.   -0.   -0.   -0.   -0.   -0.
 -0.   -0.   -0.   -0.   -0.   -0.   -0.   -0.   -0.   -0.   -0.   -0.
 -0.   -0.   -0.   -0.   -0.   -0.   -0.   -0.   -0.   -0.   -0.   -0.  ]"
3908,27.5,30,91.4,198.0,2023-01-11 08:07:56,3016.2,1867.7,27.4,"[-0.    0.    0.    5.5   5.5   5.5   4.54  4.54  3.04  3.04  3.04  3.04
  3.04  3.04  3.04  3.04  3.04  4.    4.    4.    3.73  3.73  3.73  3.73
  3.73  3.73  3.73  5.32  4.41  4.41  4.41  0.06  0.06 -0.   -0.   -0.
 -0.   -0.   -0.   -0.   -0.   -0.   -0.   -0.   -0.   -0.   -0.   -0.
 -0.   -0.   -0.   -0.   -0.   -0.   -0.   -0.   -0.   -0.   -0.   -0.
 -0.   -0.   -0.   -0.   -0.   -0.   -0.   -0.   -0.   -0.   -0.   -0.
 -0.   -0.   -0.   -0.   -0.   -0.   -0.   -0.   -0.   -0.   -0.   -0.
 -0.   -0.   -0.   -0.   -0.   -0.   -0.   -0.   -0.   -0.   -0.   -0.  ]"
3909,27.5,30,86.2,198.0,2023-01-11 08:16:13,1379.2,817.5,12.5,"[0.   0.   3.56 3.56 3.56 3.59 3.59 3.59 3.59 3.59 3.59 3.59 3.59 3.59
 3.59 3.59 0.   0.   0.   0.   0.   0.   0.   0.   0.   0.   0.   0.
 0.   0.   0.   0.   0.   0.   0.   0.   0.   0.   0.   0.   0.   0.
 0.   0.   0.   0.   0.   0.   0.   0.   0.   0.   0.   0.   0.   0.
 0.   0.   0.   0.   0.   0.   0.   0.   0.   0.   0.   0.   0.   0.
 0.   0.   0.   0.   0.   0.   0.   0.   0.   0.   0.   0.   0.   0.
 0.   0.   0.   0.   0.   0.   0.   0.   0.   0.   0.   0.  ]"
3910,27.5,30,37.57,198.0,2023-01-11 08:55:47,1014.3,634.1,9.2,"[ 1.92  1.92  1.92  0.43  0.43  0.82  0.82  0.82  0.82  0.82  0.82  0.82
  0.82  0.82  1.52  1.52  1.52  1.36  1.36  1.36  1.36  1.36  1.36  1.36
  2.95  2.95  2.95 -0.   -0.   -0.   -0.   -0.   -0.   -0.   -0.   -0.
 -0.   -0.   -0.   -0.   -0.   -0.   -0.   -0.   -0.   -0.   -0.   -0.
 -0.   -0.   -0.   -0.   -0.   -0.   -0.   -0.   -0.   -0.   -0.   -0.
 -0.   -0.   -0.   -0.   -0.   -0.   -0.   -0.   -0.   -0.   -0.   -0.
 -0.   -0.   -0.   -0.   -0.   -0.   -0.   -0.   -0.   -0.   -0.   -0.
 -0.   -0.   -0.   -0.   -0.   -0.   -0.   -0.   -0.   -0.   -0.   -0.  ]"
3911,27.5,30,94.9,198.0,2023-01-11 09:40:30,2277.5,1417.8,20.7,"[5.07 5.07 2.47 2.47 2.47 2.47 2.47 2.47 2.47 2.47 2.47 3.43 3.43 3.43
 3.54 3.54 3.54 3.53 3.53 3.53 3.53 5.12 5.12 5.12 0.   0.   0.   0.
 0.   0.   0.   0.   0.   0.   0.   0.   0.   0.   0.   0.   0.   0.
 0.   0.   0.   0.   0.   0.   0.   0.   0.   0.   0.   0.   0.   0.
 0.   0.   0.   0.   0.   0.   0.   0.   0.   0.   0.   0.   0.   0.
 0.   0.   0.   0.   0.   0.   0.   0.   0.   0.   0.   0.   0.   0.
 0.   0.   0.   0.   0.   0.   0.   0.   0.   0.   0.   0.  ]"
3913,27.5,30,86.1,198.0,2023-01-11 10:11:24,2410.7,1533.8,21.9,"[4.58 4.58 4.58 4.58 4.58 4.58 4.58 4.58 4.58 4.58 4.58 4.58 1.46 1.46
 1.46 1.47 1.47 1.47 1.47 0.85 6.6  6.6  6.6  0.14 0.14 0.34 0.62 0.62
 0.   0.   0.   0.   0.   0.   0.   0.   0.   0.   0.   0.   0.   0.
 0.   0.   0.   0.   0.   0.   0.   0.   0.   0.   0.   0.   0.   0.
 0.   0.   0.   0.   0.   0.   0.   0.   0.   0.   0.   0.   0.   0.
 0.   0.   0.   0.   0.   0.   0.   0.   0.   0.   0.   0.   0.   0.
 0.   0.   0.   0.   0.   0.   0.   0.   0.   0.   0.   0.  ]"
3914,27.5,30,73.43,198.0,2023-01-11 13:03:26,1028.1,687.8,9.3,"[ 4.04  4.04  4.04  4.04  4.04  4.04  4.04  4.04  1.37  1.37  1.37  0.32
  0.32  0.33  0.    0.   -0.   -0.   -0.   -0.   -0.   -0.   -0.   -0.
 -0.   -0.   -0.   -0.   -0.   -0.   -0.   -0.   -0.   -0.   -0.   -0.
 -0.   -0.   -0.   -0.   -0.   -0.   -0.   -0.   -0.   -0.   -0.   -0.
 -0.   -0.   -0.   -0.   -0.   -0.   -0.   -0.   -0.   -0.   -0.   -0.
 -0.   -0.   -0.   -0.   -0.   -0.   -0.   -0.   -0.   -0.   -0.   -0.
 -0.   -0.   -0.   -0.   -0.   -0.   -0.   -0.   -0.   -0.   -0.   -0.
 -0.   -0.   -0.   -0.   -0.   -0.   -0.   -0.   -0.   -0.   -0.   -0.  ]"
3915,27.5,30,98.04,198.0,2023-01-11 15:15:15,1274.6,1465.1,11.6,"[6.01 6.01 6.01 2.65 2.65 2.17 1.52 1.52 3.56 3.56 3.56 3.56 3.56 0.
 0.   0.   0.   0.   0.   0.   0.   0.   0.   0.   0.   0.   0.   0.
 0.   0.   0.   0.   0.   0.   0.   0.   0.   0.   0.   0.   0.   0.
 0.   0.   0.   0.   0.   0.   0.   0.   0.   0.   0.   0.   0.   0.
 0.   0.   0.   0.   0.   0.   0.   0.   0.   0.   0.   0.   0.   0.
 0.   0.   0.   0.   0.   0.   0.   0.   0.   0.   0.   0.   0.   0.
 0.   0.   0.   0.   0.   0.   0.   0.   0.   0.   0.   0.  ]"
3916,27.5,30,87.1,198.0,2023-01-11 17:54:08,1132.3,1502.3,10.3,"[0.   0.   3.46 3.46 3.46 3.46 3.46 3.46 3.46 3.46 3.46 3.46 6.6  0.
 0.   0.   0.   0.   0.   0.   0.   0.   0.   0.   0.   0.   0.   0.
 0.   0.   0.   0.   0.   0.   0.   0.   0.   0.   0.   0.   0.   0.
 0.   0.   0.   0.   0.   0.   0.   0.   0.   0.   0.   0.   0.   0.
 0.   0.   0.   0.   0.   0.   0.   0.   0.   0.   0.   0.   0.   0.
 0.   0.   0.   0.   0.   0.   0.   0.   0.   0.   0.   0.   0.   0.
 0.   0.   0.   0.   0.   0.   0.   0.   0.   0.   0.   0.  ]"
3917,27.5,30,34.49,198.0,2023-01-12 06:17:33,275.9,186.6,2.5,"[1.25 1.25 1.25 1.25 1.25 1.25 1.25 1.25 0.   0.   0.   0.   0.   0.
 0.   0.   0.   0.   0.   0.   0.   0.   0.   0.   0.   0.   0.   0.
 0.   0.   0.   0.   0.   0.   0.   0.   0.   0.   0.   0.   0.   0.
 0.   0.   0.   0.   0.   0.   0.   0.   0.   0.   0.   0.   0.   0.
 0.   0.   0.   0.   0.   0.   0.   0.   0.   0.   0.   0.   0.   0.
 0.   0.   0.   0.   0.   0.   0.   0.   0.   0.   0.   0.   0.   0.
 0.   0.   0.   0.   0.   0.   0.   0.   0.   0.   0.   0.  ]"
3918,27.5,30,181.5,198.0,2023-01-12 08:34:09,2722.5,1628.9,24.8,"[6.6 6.6 6.6 6.6 6.6 6.6 6.6 6.6 6.6 6.6 6.6 6.6 6.6 6.6 6.6 0.  0.  0.
 0.  0.  0.  0.  0.  0.  0.  0.  0.  0.  0.  0.  0.  0.  0.  0.  0.  0.
 0.  0.  0.  0.  0.  0.  0.  0.  0.  0.  0.  0.  0.  0.  0.  0.  0.  0.
 0.  0.  0.  0.  0.  0.  0.  0.  0.  0.  0.  0.  0.  0.  0.  0.  0.  0.
 0.  0.  0.  0.  0.  0.  0.  0.  0.  0.  0.  0.  0.  0.  0.  0.  0.  0.
 0.  0.  0.  0.  0.  0. ]"
3919,27.5,30,174.82,198.0,2023-01-12 08:37:07,2797.2,1673.1,25.4,"[6.6  6.6  6.6  6.25 6.25 6.37 6.37 6.37 6.37 6.37 6.37 6.37 6.37 6.37
 6.37 5.73 0.   0.   0.   0.   0.   0.   0.   0.   0.   0.   0.   0.
 0.   0.   0.   0.   0.   0.   0.   0.   0.   0.   0.   0.   0.   0.
 0.   0.   0.   0.   0.   0.   0.   0.   0.   0.   0.   0.   0.   0.
 0.   0.   0.   0.   0.   0.   0.   0.   0.   0.   0.   0.   0.   0.
 0.   0.   0.   0.   0.   0.   0.   0.   0.   0.   0.   0.   0.   0.
 0.   0.   0.   0.   0.   0.   0.   0.   0.   0.   0.   0.  ]"
3920,27.5,30,77.16,198.0,2023-01-12 09:23:49,1311.7,777.5,11.9,"[ 2.17  2.17  1.97  1.97  1.97  1.97  1.97  1.97  1.97  1.97  1.97  1.97
  5.67  4.48  4.48  4.48  4.48 -0.   -0.   -0.   -0.   -0.   -0.   -0.
 -0.   -0.   -0.   -0.   -0.   -0.   -0.   -0.   -0.   -0.   -0.   -0.
 -0.   -0.   -0.   -0.   -0.   -0.   -0.   -0.   -0.   -0.   -0.   -0.
 -0.   -0.   -0.   -0.   -0.   -0.   -0.   -0.   -0.   -0.   -0.   -0.
 -0.   -0.   -0.   -0.   -0.   -0.   -0.   -0.   -0.   -0.   -0.   -0.
 -0.   -0.   -0.   -0.   -0.   -0.   -0.   -0.   -0.   -0.   -0.   -0.
 -0.   -0.   -0.   -0.   -0.   -0.   -0.   -0.   -0.   -0.   -0.   -0.  ]"
3921,27.5,30,83.31,198.0,2023-01-12 09:46:59,1832.7,1176.3,16.7,"[0.04 0.04 0.04 0.04 0.04 0.04 0.04 0.04 0.04 0.04 5.8  3.69 3.69 3.69
 3.69 6.58 6.37 6.37 6.6  6.6  6.6  6.6  0.   0.   0.   0.   0.   0.
 0.   0.   0.   0.   0.   0.   0.   0.   0.   0.   0.   0.   0.   0.
 0.   0.   0.   0.   0.   0.   0.   0.   0.   0.   0.   0.   0.   0.
 0.   0.   0.   0.   0.   0.   0.   0.   0.   0.   0.   0.   0.   0.
 0.   0.   0.   0.   0.   0.   0.   0.   0.   0.   0.   0.   0.   0.
 0.   0.   0.   0.   0.   0.   0.   0.   0.   0.   0.   0.  ]"
3922,27.5,30,89.01,198.0,2023-01-12 09:53:05,1602.1,975.5,14.6,"[ 2.78  2.78  2.78  2.78  2.78  2.78  2.78  2.78  2.78  2.78  2.62  2.79
  2.79  2.79  2.79  5.42  5.62  5.62 -0.   -0.   -0.   -0.   -0.   -0.
 -0.   -0.   -0.   -0.   -0.   -0.   -0.   -0.   -0.   -0.   -0.   -0.
 -0.   -0.   -0.   -0.   -0.   -0.   -0.   -0.   -0.   -0.   -0.   -0.
 -0.   -0.   -0.   -0.   -0.   -0.   -0.   -0.   -0.   -0.   -0.   -0.
 -0.   -0.   -0.   -0.   -0.   -0.   -0.   -0.   -0.   -0.   -0.   -0.
 -0.   -0.   -0.   -0.   -0.   -0.   -0.   -0.   -0.   -0.   -0.   -0.
 -0.   -0.   -0.   -0.   -0.   -0.   -0.   -0.   -0.   -0.   -0.   -0.  ]"
3925,27.5,30,78.86,198.0,2023-01-12 12:17:12,1498.3,1230.0,13.6,"[2.75 2.34 2.34 2.34 2.34 1.29 1.3  1.3  3.44 3.44 3.44 3.44 6.55 6.55
 2.32 2.32 2.32 2.32 2.32 0.   0.   0.   0.   0.   0.   0.   0.   0.
 0.   0.   0.   0.   0.   0.   0.   0.   0.   0.   0.   0.   0.   0.
 0.   0.   0.   0.   0.   0.   0.   0.   0.   0.   0.   0.   0.   0.
 0.   0.   0.   0.   0.   0.   0.   0.   0.   0.   0.   0.   0.   0.
 0.   0.   0.   0.   0.   0.   0.   0.   0.   0.   0.   0.   0.   0.
 0.   0.   0.   0.   0.   0.   0.   0.   0.   0.   0.   0.  ]"
3926,27.5,30,100.5,198.0,2023-01-12 12:45:56,2813.9,2493.8,25.6,"[6.51 6.51 6.51 6.51 6.51 6.51 6.51 3.09 3.09 3.09 3.09 6.59 6.59 0.19
 0.19 0.19 0.19 0.19 3.03 3.03 3.03 3.03 3.03 3.03 3.03 3.03 3.03 3.03
 0.   0.   0.   0.   0.   0.   0.   0.   0.   0.   0.   0.   0.   0.
 0.   0.   0.   0.   0.   0.   0.   0.   0.   0.   0.   0.   0.   0.
 0.   0.   0.   0.   0.   0.   0.   0.   0.   0.   0.   0.   0.   0.
 0.   0.   0.   0.   0.   0.   0.   0.   0.   0.   0.   0.   0.   0.
 0.   0.   0.   0.   0.   0.   0.   0.   0.   0.   0.   0.  ]"
3927,27.5,30,96.14,198.0,2023-01-12 14:25:41,1057.6,769.5,9.6,"[ 5.98  5.98  5.98  5.98  5.98  5.98  0.51  0.51  0.51  0.51  0.51 -0.
 -0.   -0.   -0.   -0.   -0.   -0.   -0.   -0.   -0.   -0.   -0.   -0.
 -0.   -0.   -0.   -0.   -0.   -0.   -0.   -0.   -0.   -0.   -0.   -0.
 -0.   -0.   -0.   -0.   -0.   -0.   -0.   -0.   -0.   -0.   -0.   -0.
 -0.   -0.   -0.   -0.   -0.   -0.   -0.   -0.   -0.   -0.   -0.   -0.
 -0.   -0.   -0.   -0.   -0.   -0.   -0.   -0.   -0.   -0.   -0.   -0.
 -0.   -0.   -0.   -0.   -0.   -0.   -0.   -0.   -0.   -0.   -0.   -0.
 -0.   -0.   -0.   -0.   -0.   -0.   -0.   -0.   -0.   -0.   -0.   -0.  ]"
3929,27.5,30,89.12,198.0,2023-01-13 07:29:52,2406.2,1433.2,21.9,"[-0.   -0.    0.    0.    0.    0.    4.51  4.51  4.51  4.51  3.98  3.98
  3.98  3.87  3.87  3.87  3.87  3.87  3.87  3.87  3.87  3.87  3.87  3.87
  5.97  5.97  3.03  0.    0.    0.    0.    0.    0.    0.    0.    0.
  0.    0.    0.    0.    0.    0.    0.    0.    0.    0.    0.    0.
  0.    0.    0.    0.    0.    0.    0.    0.    0.    0.    0.    0.
  0.    0.    0.    0.    0.    0.    0.    0.    0.    0.    0.    0.
  0.    0.    0.    0.    0.    0.    0.    0.    0.    0.    0.    0.
  0.    0.    0.    0.    0.    0.    0.    0.    0.    0.    0.    0.  ]"
3930,27.5,30,54.24,198.0,2023-01-13 07:53:29,2061.0,1272.0,18.7,"[ 0.    0.    0.    0.    3.94  3.94  3.94  3.94  3.59  3.59  3.59  2.14
  2.14  2.14  2.14  2.14  2.14  2.14  2.14  2.14  2.14  2.14  1.48  1.48
  2.12  2.7   2.7   2.7   2.7   2.7   2.7   3.59 -0.   -0.   -0.   -0.
 -0.   -0.    0.    0.    0.    0.    0.    0.    0.    0.    0.    0.
  0.    0.    0.    0.    0.    0.    0.    0.    0.    0.    0.    0.
  0.    0.    0.    0.    0.    0.    0.    0.    0.    0.    0.    0.
  0.    0.    0.    0.    0.    0.    0.    0.    0.    0.    0.    0.
  0.    0.    0.    0.    0.    0.    0.    0.    0.    0.    0.    0.  ]"
3931,27.5,30,76.75,198.0,2023-01-13 08:43:21,1458.3,864.4,13.3,"[ 0.    3.11  3.11  3.11  3.11  2.88  2.88  2.88  2.9   2.9   2.9   2.9
  2.9   2.9   2.9   2.9   2.9   2.9   2.9  -0.   -0.   -0.   -0.   -0.
 -0.   -0.   -0.   -0.   -0.   -0.   -0.   -0.   -0.   -0.   -0.   -0.
 -0.   -0.   -0.   -0.   -0.   -0.   -0.   -0.   -0.   -0.   -0.   -0.
 -0.   -0.   -0.   -0.   -0.   -0.   -0.   -0.   -0.   -0.   -0.   -0.
 -0.   -0.   -0.   -0.   -0.   -0.   -0.   -0.   -0.   -0.   -0.   -0.
 -0.   -0.   -0.   -0.   -0.   -0.   -0.   -0.   -0.   -0.   -0.   -0.
 -0.   -0.   -0.   -0.   -0.   -0.   -0.   -0.   -0.   -0.   -0.   -0.  ]"
3932,27.5,30,84.97,198.0,2023-01-13 09:48:22,2464.1,1539.1,22.4,"[ 5.88  5.88  5.88  2.68  2.68  2.68  2.68  2.68  2.68  2.68  2.68  2.68
  2.68  2.68  4.14  4.14  1.57  4.45  4.45  4.45  4.45  4.45  4.45  5.88
 -0.   -0.   -0.   -0.   -0.   -0.   -0.   -0.   -0.   -0.   -0.   -0.
 -0.   -0.   -0.   -0.   -0.   -0.   -0.   -0.   -0.   -0.   -0.   -0.
 -0.   -0.   -0.   -0.   -0.   -0.   -0.   -0.   -0.   -0.   -0.   -0.
 -0.   -0.   -0.   -0.   -0.   -0.   -0.   -0.   -0.   -0.   -0.   -0.
 -0.   -0.   -0.   -0.   -0.   -0.   -0.   -0.   -0.   -0.   -0.   -0.
 -0.   -0.   -0.   -0.   -0.   -0.   -0.   -0.   -0.   -0.   -0.   -0.  ]"
3935,27.5,30,94.46,198.0,2023-01-13 10:40:02,2361.6,1417.1,21.5,"[ 6.03  6.03  6.03  6.03  6.03  6.03  6.03  6.03  6.03  6.03  6.03  6.03
  6.03  1.12  1.07  1.07  1.07  1.07  1.07  1.07  0.    0.    0.    0.
  0.   -0.   -0.   -0.   -0.   -0.   -0.   -0.   -0.   -0.   -0.   -0.
 -0.   -0.   -0.   -0.   -0.   -0.   -0.   -0.   -0.   -0.   -0.   -0.
 -0.   -0.   -0.   -0.   -0.   -0.   -0.   -0.   -0.   -0.   -0.   -0.
 -0.   -0.   -0.   -0.   -0.   -0.   -0.   -0.   -0.   -0.   -0.   -0.
 -0.   -0.   -0.   -0.   -0.   -0.   -0.   -0.   -0.   -0.   -0.   -0.
 -0.   -0.   -0.   -0.   -0.   -0.   -0.   -0.   -0.   -0.   -0.   -0.  ]"
3936,27.5,30,92.73,198.0,2023-01-13 15:41:05,741.8,935.7,6.7,"[ 6.6   2.76  2.76  2.76  2.76  2.81  2.94  3.58 -0.   -0.   -0.   -0.
 -0.   -0.   -0.   -0.   -0.   -0.   -0.   -0.   -0.   -0.   -0.   -0.
 -0.   -0.   -0.   -0.   -0.   -0.   -0.   -0.   -0.   -0.   -0.   -0.
 -0.   -0.   -0.   -0.   -0.   -0.   -0.   -0.   -0.   -0.   -0.   -0.
 -0.   -0.   -0.   -0.   -0.   -0.   -0.   -0.   -0.   -0.   -0.   -0.
 -0.   -0.   -0.   -0.   -0.   -0.   -0.   -0.   -0.   -0.   -0.   -0.
 -0.   -0.   -0.   -0.   -0.   -0.   -0.   -0.   -0.   -0.   -0.   -0.
 -0.   -0.   -0.   -0.   -0.   -0.   -0.   -0.   -0.   -0.   -0.   -0.  ]"
3937,27.5,30,92.36,198.0,2023-01-13 17:47:24,1754.8,1562.0,16.0,"[1.47 1.47 1.47 1.47 1.47 1.47 1.47 1.47 1.47 1.47 1.47 1.47 6.6  6.6
 6.6  6.6  6.6  6.6  6.6  0.   0.   0.   0.   0.   0.   0.   0.   0.
 0.   0.   0.   0.   0.   0.   0.   0.   0.   0.   0.   0.   0.   0.
 0.   0.   0.   0.   0.   0.   0.   0.   0.   0.   0.   0.   0.   0.
 0.   0.   0.   0.   0.   0.   0.   0.   0.   0.   0.   0.   0.   0.
 0.   0.   0.   0.   0.   0.   0.   0.   0.   0.   0.   0.   0.   0.
 0.   0.   0.   0.   0.   0.   0.   0.   0.   0.   0.   0.  ]"
3941,27.5,30,48.71,198.0,2023-01-14 23:40:55,341.0,230.6,3.1,"[1.77 1.77 1.77 1.77 1.77 1.77 1.77 0.   0.   0.   0.   0.   0.   0.
 0.   0.   0.   0.   0.   0.   0.   0.   0.   0.   0.   0.   0.   0.
 0.   0.   0.   0.   0.   0.   0.   0.   0.   0.   0.   0.   0.   0.
 0.   0.   0.   0.   0.   0.   0.   0.   0.   0.   0.   0.   0.   0.
 0.   0.   0.   0.   0.   0.   0.   0.   0.   0.   0.   0.   0.   0.
 0.   0.   0.   0.   0.   0.   0.   0.   0.   0.   0.   0.   0.   0.
 0.   0.   0.   0.   0.   0.   0.   0.   0.   0.   0.   0.  ]"
3943,27.5,30,86.7,198.0,2023-01-15 14:40:33,953.7,680.8,8.7,"[6.6  6.6  6.6  6.6  6.6  0.34 0.34 0.34 0.34 0.17 0.17 0.   0.   0.
 0.   0.   0.   0.   0.   0.   0.   0.   0.   0.   0.   0.   0.   0.
 0.   0.   0.   0.   0.   0.   0.   0.   0.   0.   0.   0.   0.   0.
 0.   0.   0.   0.   0.   0.   0.   0.   0.   0.   0.   0.   0.   0.
 0.   0.   0.   0.   0.   0.   0.   0.   0.   0.   0.   0.   0.   0.
 0.   0.   0.   0.   0.   0.   0.   0.   0.   0.   0.   0.   0.   0.
 0.   0.   0.   0.   0.   0.   0.   0.   0.   0.   0.   0.  ]"
3944,27.5,30,80.38,198.0,2023-01-15 16:59:41,401.9,583.1,3.7,"[2.82 2.82 2.99 2.99 2.99 0.   0.   0.   0.   0.   0.   0.   0.   0.
 0.   0.   0.   0.   0.   0.   0.   0.   0.   0.   0.   0.   0.   0.
 0.   0.   0.   0.   0.   0.   0.   0.   0.   0.   0.   0.   0.   0.
 0.   0.   0.   0.   0.   0.   0.   0.   0.   0.   0.   0.   0.   0.
 0.   0.   0.   0.   0.   0.   0.   0.   0.   0.   0.   0.   0.   0.
 0.   0.   0.   0.   0.   0.   0.   0.   0.   0.   0.   0.   0.   0.
 0.   0.   0.   0.   0.   0.   0.   0.   0.   0.   0.   0.  ]"
3945,27.5,30,72.22,198.0,2023-01-16 07:20:35,3466.7,2226.1,31.5,"[-0.   -0.   -0.   -0.   -0.   -0.    6.32  6.32  6.32  6.32  6.32  6.32
  6.32  5.83  5.83  5.88  5.88  5.88  5.88  2.61  2.61  2.61  2.61  2.61
  2.61  2.61  2.68  2.68  2.68  2.68  3.03  3.03  3.03  3.6   0.33  0.
  0.    0.    0.    0.52  0.52  0.52  0.52  0.52  0.52  0.52  0.52  0.52
  0.    0.    0.    0.    0.    0.    0.    0.    0.    0.    0.    0.
  0.    0.    0.    0.    0.    0.    0.    0.    0.    0.    0.    0.
  0.    0.    0.    0.    0.    0.    0.    0.    0.    0.    0.    0.
  0.    0.    0.    0.    0.    0.    0.    0.    0.    0.    0.    0.  ]"
3946,27.5,30,64.73,198.0,2023-01-16 10:31:21,1553.5,1024.0,14.1,"[4.47 4.47 4.06 4.06 4.06 4.06 2.06 2.06 2.06 2.06 2.06 2.06 2.06 1.98
 1.98 1.98 1.98 1.63 1.63 1.63 1.04 1.01 1.01 1.01 0.   0.   0.   0.
 0.   0.   0.   0.   0.   0.   0.   0.   0.   0.   0.   0.   0.   0.
 0.   0.   0.   0.   0.   0.   0.   0.   0.   0.   0.   0.   0.   0.
 0.   0.   0.   0.   0.   0.   0.   0.   0.   0.   0.   0.   0.   0.
 0.   0.   0.   0.   0.   0.   0.   0.   0.   0.   0.   0.   0.   0.
 0.   0.   0.   0.   0.   0.   0.   0.   0.   0.   0.   0.  ]"
3947,27.5,30,181.5,198.0,2023-01-16 11:04:58,4356.0,3482.2,39.6,"[ 6.6  6.6  6.6  6.6  6.6  6.6  6.6  6.6  6.6  6.6  6.6  6.6  6.6  6.6
  6.6  6.6  6.6  6.6  6.6  6.6  6.6  6.6  6.6  6.6 -0.  -0.  -0.  -0.
 -0.  -0.  -0.  -0.  -0.  -0.  -0.  -0.  -0.  -0.  -0.  -0.  -0.  -0.
 -0.  -0.  -0.  -0.  -0.  -0.  -0.  -0.  -0.  -0.  -0.  -0.  -0.  -0.
 -0.  -0.  -0.  -0.  -0.  -0.  -0.  -0.  -0.  -0.  -0.  -0.  -0.  -0.
 -0.  -0.  -0.  -0.  -0.  -0.  -0.  -0.  -0.  -0.  -0.  -0.  -0.  -0.
 -0.  -0.  -0.  -0.  -0.  -0.  -0.  -0.  -0.  -0.  -0.  -0. ]"
3948,27.5,30,97.63,198.0,2023-01-16 12:02:13,1073.9,636.5,9.8,"[ 5.58  5.58  5.58  5.58  5.58  5.58  5.58 -0.   -0.   -0.   -0.    0.
  0.    0.    0.    0.    0.    0.    0.    0.    0.    0.    0.    0.
  0.    0.    0.    0.    0.   -0.   -0.   -0.   -0.   -0.   -0.   -0.
 -0.   -0.   -0.   -0.   -0.   -0.   -0.   -0.   -0.   -0.   -0.   -0.
 -0.   -0.   -0.   -0.   -0.   -0.   -0.   -0.   -0.   -0.   -0.   -0.
 -0.   -0.   -0.   -0.   -0.   -0.   -0.   -0.   -0.   -0.   -0.   -0.
 -0.   -0.   -0.   -0.   -0.   -0.   -0.   -0.   -0.   -0.   -0.   -0.
 -0.   -0.   -0.   -0.   -0.   -0.   -0.   -0.   -0.   -0.   -0.   -0.  ]"
3951,27.5,30,100.94,198.0,2023-01-16 15:35:11,2523.5,2970.7,22.9,"[ 6.03  0.    0.    0.    0.    0.    3.79  3.79  3.79  3.79  3.79  3.79
  3.79  3.79  3.79  4.2   4.2   4.2   4.2   4.2   4.2   6.6   6.6   6.6
  6.6  -0.   -0.   -0.   -0.   -0.   -0.   -0.   -0.   -0.   -0.   -0.
 -0.   -0.   -0.   -0.   -0.   -0.   -0.   -0.   -0.   -0.   -0.   -0.
 -0.   -0.   -0.   -0.   -0.   -0.   -0.   -0.   -0.   -0.   -0.   -0.
 -0.   -0.   -0.   -0.   -0.   -0.   -0.   -0.   -0.   -0.   -0.   -0.
 -0.   -0.   -0.   -0.   -0.   -0.   -0.   -0.   -0.   -0.   -0.   -0.
 -0.   -0.   -0.   -0.   -0.   -0.   -0.   -0.   -0.   -0.   -0.   -0.  ]"
3952,27.5,30,71.12,198.0,2023-01-16 16:08:25,1351.4,1960.7,12.3,"[0.21 0.21 0.21 0.21 3.35 3.35 3.35 3.35 3.35 3.35 3.35 3.35 3.35 3.02
 3.02 3.02 3.02 3.02 3.02 0.   0.   0.   0.   0.   0.   0.   0.   0.
 0.   0.   0.   0.   0.   0.   0.   0.   0.   0.   0.   0.   0.   0.
 0.   0.   0.   0.   0.   0.   0.   0.   0.   0.   0.   0.   0.   0.
 0.   0.   0.   0.   0.   0.   0.   0.   0.   0.   0.   0.   0.   0.
 0.   0.   0.   0.   0.   0.   0.   0.   0.   0.   0.   0.   0.   0.
 0.   0.   0.   0.   0.   0.   0.   0.   0.   0.   0.   0.  ]"
3953,27.5,30,113.44,198.0,2023-01-17 06:20:42,907.5,613.8,8.2,"[4.4 4.4 4.4 4.4 4.4 4.4 3.3 3.3 0.  0.  0.  0.  0.  0.  0.  0.  0.  0.
 0.  0.  0.  0.  0.  0.  0.  0.  0.  0.  0.  0.  0.  0.  0.  0.  0.  0.
 0.  0.  0.  0.  0.  0.  0.  0.  0.  0.  0.  0.  0.  0.  0.  0.  0.  0.
 0.  0.  0.  0.  0.  0.  0.  0.  0.  0.  0.  0.  0.  0.  0.  0.  0.  0.
 0.  0.  0.  0.  0.  0.  0.  0.  0.  0.  0.  0.  0.  0.  0.  0.  0.  0.
 0.  0.  0.  0.  0.  0. ]"
3954,27.5,30,153.7,198.0,2023-01-17 07:46:58,5840.8,4452.0,53.1,"[4.59 6.6  6.6  6.47 6.55 6.55 5.94 5.94 5.94 5.94 5.94 5.94 5.94 5.94
 5.94 5.94 5.94 5.94 5.94 5.94 5.94 5.94 5.94 5.94 5.75 5.75 3.87 3.87
 3.87 3.87 3.87 0.69 5.57 5.57 5.57 6.6  6.6  6.6  0.   0.   0.   0.
 0.   0.   0.   0.   0.   0.   0.   0.   0.   0.   0.   0.   0.   0.
 0.   0.   0.   0.   0.   0.   0.   0.   0.   0.   0.   0.   0.   0.
 0.   0.   0.   0.   0.   0.   0.   0.   0.   0.   0.   0.   0.   0.
 0.   0.   0.   0.   0.   0.   0.   0.   0.   0.   0.   0.  ]"
3955,27.5,30,77.09,198.0,2023-01-17 07:58:44,2389.7,1477.4,21.7,"[0.   0.   0.   3.24 3.09 3.09 3.01 3.01 3.01 3.01 3.01 3.01 3.01 3.01
 3.01 3.01 3.01 3.01 3.01 3.01 3.01 3.01 3.01 3.01 3.05 3.05 3.43 3.43
 3.43 3.43 3.43 0.   0.   0.   0.   0.   0.   0.   0.   0.   0.   0.
 0.   0.   0.   0.   0.   0.   0.   0.   0.   0.   0.   0.   0.   0.
 0.   0.   0.   0.   0.   0.   0.   0.   0.   0.   0.   0.   0.   0.
 0.   0.   0.   0.   0.   0.   0.   0.   0.   0.   0.   0.   0.   0.
 0.   0.   0.   0.   0.   0.   0.   0.   0.   0.   0.   0.  ]"
3956,27.5,30,85.89,198.0,2023-01-17 08:06:38,3263.8,2991.7,29.7,"[-0.   -0.    4.27  4.12  4.12  2.22  2.22  2.22  2.22  2.22  2.22  2.22
  2.22  2.22  2.22  2.22  2.22  2.22  2.22  2.22  2.22  2.22  2.22  2.26
  2.26  2.64  2.64  2.64  2.64  2.64  6.43  5.21  5.21  5.21  6.6   6.6
  6.6   6.6  -0.   -0.   -0.   -0.   -0.   -0.   -0.   -0.   -0.   -0.
 -0.   -0.   -0.   -0.   -0.   -0.   -0.   -0.   -0.   -0.   -0.   -0.
 -0.   -0.   -0.   -0.   -0.   -0.   -0.   -0.   -0.   -0.   -0.   -0.
 -0.   -0.   -0.   -0.   -0.   -0.   -0.   -0.   -0.   -0.   -0.   -0.
 -0.   -0.   -0.   -0.   -0.   -0.   -0.   -0.   -0.   -0.   -0.   -0.  ]"
3957,27.5,30,87.54,198.0,2023-01-17 08:42:33,2626.1,1730.0,23.9,"[ 1.89  3.24  3.24  3.    3.    3.    3.    3.    3.    3.    3.    3.
  3.    3.    3.    3.    3.    3.    3.    3.    3.    3.04  3.04  3.41
  3.41  3.41  3.41  3.41  5.65  4.36 -0.   -0.   -0.   -0.   -0.   -0.
 -0.   -0.   -0.   -0.   -0.   -0.   -0.   -0.   -0.   -0.   -0.   -0.
 -0.   -0.   -0.   -0.   -0.   -0.   -0.   -0.   -0.   -0.   -0.   -0.
 -0.   -0.   -0.   -0.   -0.   -0.   -0.   -0.   -0.   -0.   -0.   -0.
 -0.   -0.   -0.   -0.   -0.   -0.   -0.   -0.   -0.   -0.   -0.   -0.
 -0.   -0.   -0.   -0.   -0.   -0.   -0.   -0.   -0.   -0.   -0.   -0.  ]"
3958,15.0,30,30.89,198.0,2023-01-17 08:55:20,833.9,942.8,13.9,"[ 2.13  2.13  1.97  1.97  1.97  1.97  1.97  1.97  1.97  1.97  1.97  1.97
  1.97  1.97  1.97  1.97  1.97  1.97  1.97  1.97  2.    2.    2.38  2.38
  2.38  2.38  2.38 -0.    0.    0.    0.    0.    0.    0.    0.    0.
  0.    0.    0.    0.    0.    0.    0.    0.    0.    0.    0.    0.
  0.    0.    0.    0.    0.    0.    0.    0.    0.    0.    0.    0.
  0.    0.    0.    0.    0.    0.    0.    0.    0.    0.    0.    0.
  0.    0.    0.    0.    0.    0.    0.    0.    0.    0.    0.    0.
  0.    0.    0.    0.    0.    0.    0.    0.    0.    0.    0.    0.  ]"
3959,25.0,30,75.59,198.0,2023-01-17 09:16:00,2192.1,1885.0,21.9,"[2.51 2.51 2.51 2.51 2.51 2.51 2.51 2.51 2.51 2.51 2.51 2.51 2.51 2.51
 2.51 2.51 2.51 2.51 2.55 2.55 2.93 2.93 2.93 2.93 2.93 5.89 5.6  5.6
 5.6  0.   0.   0.   0.   0.   0.   0.   0.   0.   0.   0.   0.   0.
 0.   0.   0.   0.   0.   0.   0.   0.   0.   0.   0.   0.   0.   0.
 0.   0.   0.   0.   0.   0.   0.   0.   0.   0.   0.   0.   0.   0.
 0.   0.   0.   0.   0.   0.   0.   0.   0.   0.   0.   0.   0.   0.
 0.   0.   0.   0.   0.   0.   0.   0.   0.   0.   0.   0.  ]"
3960,27.5,30,176.58,198.0,2023-01-17 09:18:11,3531.5,2122.8,32.1,"[ 6.42  6.42  6.42  6.42  6.42  6.42  6.42  6.42  6.42  6.42  6.42  6.42
  6.42  6.42  6.42  6.42  6.42  6.42  6.42  6.42  0.    0.    0.    0.
  0.    0.   -0.   -0.   -0.   -0.   -0.   -0.    0.    0.    0.    0.
  0.    0.    0.    0.    0.    0.    0.    0.    0.    0.    0.    0.
  0.    0.    0.    0.    0.    0.    0.    0.    0.    0.    0.    0.
  0.    0.    0.    0.    0.    0.    0.    0.    0.    0.    0.    0.
  0.    0.    0.    0.    0.    0.    0.    0.    0.    0.    0.    0.
  0.    0.    0.    0.    0.    0.    0.    0.    0.    0.    0.    0.  ]"
3961,27.5,30,90.0,198.0,2023-01-17 15:54:37,720.0,1044.6,6.5,"[0.57 0.57 0.57 3.76 3.76 3.76 6.6  6.6  0.   0.   0.   0.   0.   0.
 0.   0.   0.   0.   0.   0.   0.   0.   0.   0.   0.   0.   0.   0.
 0.   0.   0.   0.   0.   0.   0.   0.   0.   0.   0.   0.   0.   0.
 0.   0.   0.   0.   0.   0.   0.   0.   0.   0.   0.   0.   0.   0.
 0.   0.   0.   0.   0.   0.   0.   0.   0.   0.   0.   0.   0.   0.
 0.   0.   0.   0.   0.   0.   0.   0.   0.   0.   0.   0.   0.   0.
 0.   0.   0.   0.   0.   0.   0.   0.   0.   0.   0.   0.  ]"
3962,27.5,30,107.56,198.0,2023-01-18 06:12:33,968.0,654.7,8.8,"[3.91 3.91 3.91 3.91 3.91 3.91 3.91 3.91 3.91 0.   0.   0.   0.   0.
 0.   0.   0.   0.   0.   0.   0.   0.   0.   0.   0.   0.   0.   0.
 0.   0.   0.   0.   0.   0.   0.   0.   0.   0.   0.   0.   0.   0.
 0.   0.   0.   0.   0.   0.   0.   0.   0.   0.   0.   0.   0.   0.
 0.   0.   0.   0.   0.   0.   0.   0.   0.   0.   0.   0.   0.   0.
 0.   0.   0.   0.   0.   0.   0.   0.   0.   0.   0.   0.   0.   0.
 0.   0.   0.   0.   0.   0.   0.   0.   0.   0.   0.   0.  ]"
3963,27.5,30,181.5,198.0,2023-01-18 08:04:22,3448.5,2089.6,31.3,"[6.6 6.6 6.6 6.6 6.6 6.6 6.6 6.6 6.6 6.6 6.6 6.6 6.6 6.6 6.6 6.6 6.6 6.6
 6.6 0.  0.  0.  0.  0.  0.  0.  0.  0.  0.  0.  0.  0.  0.  0.  0.  0.
 0.  0.  0.  0.  0.  0.  0.  0.  0.  0.  0.  0.  0.  0.  0.  0.  0.  0.
 0.  0.  0.  0.  0.  0.  0.  0.  0.  0.  0.  0.  0.  0.  0.  0.  0.  0.
 0.  0.  0.  0.  0.  0.  0.  0.  0.  0.  0.  0.  0.  0.  0.  0.  0.  0.
 0.  0.  0.  0.  0.  0. ]"
3964,27.5,30,181.5,198.0,2023-01-18 08:45:36,4356.0,2642.6,39.6,"[ 6.6  6.6  6.6  6.6  6.6  6.6  6.6  6.6  6.6  6.6  6.6  6.6  6.6  6.6
  6.6  6.6  6.6  6.6  6.6  6.6  6.6  6.6  6.6  6.6 -0.  -0.  -0.  -0.
 -0.  -0.  -0.  -0.  -0.  -0.  -0.  -0.  -0.  -0.  -0.  -0.  -0.  -0.
 -0.  -0.  -0.  -0.  -0.  -0.  -0.  -0.  -0.  -0.  -0.  -0.  -0.  -0.
 -0.  -0.  -0.  -0.  -0.  -0.  -0.  -0.  -0.  -0.  -0.  -0.  -0.  -0.
 -0.  -0.  -0.  -0.  -0.  -0.  -0.  -0.  -0.  -0.  -0.  -0.  -0.  -0.
 -0.  -0.  -0.  -0.  -0.  -0.  -0.  -0.  -0.  -0.  -0.  -0. ]"
3965,27.5,30,122.79,198.0,2023-01-18 09:11:13,4052.0,3199.7,36.8,"[ 6.6   3.52  3.52  4.96  4.96  4.96  4.96  4.96  4.96  4.96  4.96  3.72
  3.72  3.72  3.72  4.38  3.52  3.52  3.52  3.65  3.65  3.65  5.49  4.31
  4.31  4.31  4.31  3.03  4.41  4.41  6.23  6.23  6.23 -0.   -0.   -0.
 -0.   -0.   -0.   -0.   -0.   -0.   -0.   -0.   -0.   -0.   -0.   -0.
 -0.   -0.   -0.   -0.   -0.   -0.   -0.   -0.   -0.   -0.   -0.   -0.
 -0.   -0.   -0.   -0.   -0.   -0.   -0.   -0.   -0.   -0.   -0.   -0.
 -0.   -0.   -0.   -0.   -0.   -0.   -0.   -0.   -0.   -0.   -0.   -0.
 -0.   -0.   -0.   -0.   -0.   -0.   -0.   -0.   -0.   -0.   -0.   -0.  ]"
3966,27.5,30,96.25,198.0,2023-01-18 09:30:28,2598.8,1724.4,23.6,"[4.24 4.24 0.57 0.57 0.57 0.57 0.57 0.57 0.57 0.57 0.32 0.32 0.32 0.32
 6.6  6.53 6.53 6.53 6.52 6.52 6.52 6.32 6.33 6.33 6.33 6.33 2.81 0.
 0.   0.   0.   0.   0.   0.   0.   0.   0.   0.   0.   0.   0.   0.
 0.   0.   0.   0.   0.   0.   0.   0.   0.   0.   0.   0.   0.   0.
 0.   0.   0.   0.   0.   0.   0.   0.   0.   0.   0.   0.   0.   0.
 0.   0.   0.   0.   0.   0.   0.   0.   0.   0.   0.   0.   0.   0.
 0.   0.   0.   0.   0.   0.   0.   0.   0.   0.   0.   0.  ]"
3968,25.0,30,62.22,198.0,2023-01-18 09:47:07,1680.0,1450.4,16.8,"[2.38 2.38 2.38 2.38 2.38 2.38 2.38 2.38 0.82 0.82 0.82 0.82 0.48 1.56
 1.56 1.56 1.32 1.32 1.32 6.2  4.3  4.3  4.3  4.3  3.2  4.59 4.59 0.
 0.   0.   0.   0.   0.   0.   0.   0.   0.   0.   0.   0.   0.   0.
 0.   0.   0.   0.   0.   0.   0.   0.   0.   0.   0.   0.   0.   0.
 0.   0.   0.   0.   0.   0.   0.   0.   0.   0.   0.   0.   0.   0.
 0.   0.   0.   0.   0.   0.   0.   0.   0.   0.   0.   0.   0.   0.
 0.   0.   0.   0.   0.   0.   0.   0.   0.   0.   0.   0.  ]"
3969,27.5,30,87.61,198.0,2023-01-18 11:48:55,2102.6,2051.1,19.1,"[4.78 4.78 4.78 4.78 4.78 2.16 2.16 2.16 2.28 2.28 2.28 2.36 1.02 1.02
 1.02 1.02 1.85 1.89 1.89 4.66 4.66 4.66 6.6  6.6  0.   0.   0.   0.
 0.   0.   0.   0.   0.   0.   0.   0.   0.   0.   0.   0.   0.   0.
 0.   0.   0.   0.   0.   0.   0.   0.   0.   0.   0.   0.   0.   0.
 0.   0.   0.   0.   0.   0.   0.   0.   0.   0.   0.   0.   0.   0.
 0.   0.   0.   0.   0.   0.   0.   0.   0.   0.   0.   0.   0.   0.
 0.   0.   0.   0.   0.   0.   0.   0.   0.   0.   0.   0.  ]"
3970,10.0,30,16.81,198.0,2023-01-18 13:08:51,117.7,207.3,2.9,"[ 1.68  1.68  1.68  1.68  1.68  1.68  1.68 -0.   -0.   -0.   -0.    0.
  0.    0.    0.    0.    0.    0.    0.   -0.   -0.   -0.   -0.   -0.
 -0.   -0.   -0.   -0.   -0.   -0.   -0.   -0.   -0.   -0.   -0.   -0.
 -0.   -0.   -0.   -0.   -0.   -0.   -0.   -0.   -0.   -0.   -0.   -0.
 -0.   -0.   -0.   -0.   -0.   -0.   -0.   -0.   -0.   -0.   -0.   -0.
 -0.   -0.   -0.   -0.   -0.   -0.   -0.   -0.   -0.   -0.   -0.   -0.
 -0.   -0.   -0.   -0.   -0.   -0.   -0.   -0.   -0.   -0.   -0.   -0.
 -0.   -0.   -0.   -0.   -0.   -0.   -0.   -0.   -0.   -0.   -0.   -0.  ]"
3971,27.5,30,99.42,198.0,2023-01-18 14:49:28,2286.7,2806.3,20.8,"[ 6.    6.    6.    6.    0.    0.    0.    0.    0.    0.    3.56  3.56
  4.73  4.73  4.73  4.73  4.73  4.73  4.73  4.73  4.73  4.73  4.73 -0.
 -0.   -0.   -0.   -0.   -0.   -0.   -0.   -0.   -0.   -0.   -0.   -0.
 -0.   -0.   -0.   -0.   -0.   -0.   -0.   -0.   -0.   -0.   -0.   -0.
 -0.   -0.   -0.   -0.   -0.   -0.   -0.   -0.   -0.   -0.   -0.   -0.
 -0.   -0.   -0.   -0.   -0.   -0.   -0.   -0.   -0.   -0.   -0.   -0.
 -0.   -0.   -0.   -0.   -0.   -0.   -0.   -0.   -0.   -0.   -0.   -0.
 -0.   -0.   -0.   -0.   -0.   -0.   -0.   -0.   -0.   -0.   -0.   -0.  ]"
3972,27.5,30,47.33,198.0,2023-01-18 15:55:52,284.0,412.0,2.6,"[1.75 1.69 1.69 1.73 1.73 1.73 0.   0.   0.   0.   0.   0.   0.   0.
 0.   0.   0.   0.   0.   0.   0.   0.   0.   0.   0.   0.   0.   0.
 0.   0.   0.   0.   0.   0.   0.   0.   0.   0.   0.   0.   0.   0.
 0.   0.   0.   0.   0.   0.   0.   0.   0.   0.   0.   0.   0.   0.
 0.   0.   0.   0.   0.   0.   0.   0.   0.   0.   0.   0.   0.   0.
 0.   0.   0.   0.   0.   0.   0.   0.   0.   0.   0.   0.   0.   0.
 0.   0.   0.   0.   0.   0.   0.   0.   0.   0.   0.   0.  ]"
3974,27.5,30,113.44,198.0,2023-01-19 06:12:32,907.5,613.8,8.3,"[4.4 4.4 4.4 4.4 4.4 4.4 3.3 3.3 0.  0.  0.  0.  0.  0.  0.  0.  0.  0.
 0.  0.  0.  0.  0.  0.  0.  0.  0.  0.  0.  0.  0.  0.  0.  0.  0.  0.
 0.  0.  0.  0.  0.  0.  0.  0.  0.  0.  0.  0.  0.  0.  0.  0.  0.  0.
 0.  0.  0.  0.  0.  0.  0.  0.  0.  0.  0.  0.  0.  0.  0.  0.  0.  0.
 0.  0.  0.  0.  0.  0.  0.  0.  0.  0.  0.  0.  0.  0.  0.  0.  0.  0.
 0.  0.  0.  0.  0.  0. ]"
3975,27.5,30,68.54,198.0,2023-01-19 07:38:24,2536.1,1982.0,23.1,"[0.   0.   1.36 1.36 1.36 2.67 2.67 1.68 1.68 1.68 1.68 1.68 1.66 1.66
 1.66 1.66 1.66 1.66 3.24 3.24 3.24 3.24 3.47 3.47 3.47 3.   0.8  0.8
 3.24 3.24 3.24 3.75 5.34 4.4  4.4  4.4  4.4  0.   0.   0.   0.   0.
 0.   0.   0.   0.   0.   0.   0.   0.   0.   0.   0.   0.   0.   0.
 0.   0.   0.   0.   0.   0.   0.   0.   0.   0.   0.   0.   0.   0.
 0.   0.   0.   0.   0.   0.   0.   0.   0.   0.   0.   0.   0.   0.
 0.   0.   0.   0.   0.   0.   0.   0.   0.   0.   0.   0.  ]"
3976,27.5,30,87.62,198.0,2023-01-19 07:44:36,1927.5,1160.3,17.5,"[0.   0.   2.58 2.58 2.58 4.12 4.12 3.85 3.85 3.85 3.85 3.85 3.88 3.88
 3.88 3.88 3.88 3.88 2.9  2.9  2.9  2.9  0.   0.   0.   0.   0.   0.
 0.   0.   0.   0.   0.   0.   0.   0.   0.   0.   0.   0.   0.   0.
 0.   0.   0.   0.   0.   0.   0.   0.   0.   0.   0.   0.   0.   0.
 0.   0.   0.   0.   0.   0.   0.   0.   0.   0.   0.   0.   0.   0.
 0.   0.   0.   0.   0.   0.   0.   0.   0.   0.   0.   0.   0.   0.
 0.   0.   0.   0.   0.   0.   0.   0.   0.   0.   0.   0.  ]"
3977,27.5,30,82.33,198.0,2023-01-19 08:04:38,1893.6,1144.3,17.2,"[3.18 3.18 3.18 2.65 2.65 2.5  2.5  2.5  2.5  2.5  2.79 2.79 2.79 2.79
 2.79 2.79 2.43 2.43 2.43 2.43 5.03 5.03 5.03 0.   0.   0.   0.   0.
 0.   0.   0.   0.   0.   0.   0.   0.   0.   0.   0.   0.   0.   0.
 0.   0.   0.   0.   0.   0.   0.   0.   0.   0.   0.   0.   0.   0.
 0.   0.   0.   0.   0.   0.   0.   0.   0.   0.   0.   0.   0.   0.
 0.   0.   0.   0.   0.   0.   0.   0.   0.   0.   0.   0.   0.   0.
 0.   0.   0.   0.   0.   0.   0.   0.   0.   0.   0.   0.  ]"
3978,27.5,30,132.91,198.0,2023-01-19 08:11:50,2658.1,1588.1,24.2,"[ 1.82  1.82  1.82  6.03  6.03  5.63  5.63  5.63  5.63  5.63  5.67  5.67
  5.67  5.67  5.67  5.67  4.24  4.24  4.24  4.24 -0.   -0.   -0.   -0.
 -0.   -0.   -0.   -0.   -0.   -0.   -0.   -0.   -0.   -0.   -0.   -0.
 -0.   -0.   -0.   -0.   -0.   -0.   -0.   -0.   -0.   -0.   -0.   -0.
 -0.   -0.   -0.   -0.   -0.   -0.   -0.   -0.   -0.   -0.   -0.   -0.
 -0.   -0.   -0.   -0.   -0.   -0.   -0.   -0.   -0.   -0.   -0.   -0.
 -0.   -0.   -0.   -0.   -0.   -0.   -0.   -0.   -0.   -0.   -0.   -0.
 -0.   -0.   -0.   -0.   -0.   -0.   -0.   -0.   -0.   -0.   -0.   -0.  ]"
3979,27.5,30,85.45,198.0,2023-01-19 08:12:08,2478.2,1552.0,22.5,"[0.   0.   0.   4.5  4.5  1.56 1.56 1.56 1.56 1.56 2.46 2.46 2.46 2.46
 2.46 2.46 2.24 2.24 2.24 2.24 4.47 4.47 4.47 5.87 5.96 5.96 6.11 6.11
 6.11 0.   0.   0.   0.   0.   0.   0.   0.   0.   0.   0.   0.   0.
 0.   0.   0.   0.   0.   0.   0.   0.   0.   0.   0.   0.   0.   0.
 0.   0.   0.   0.   0.   0.   0.   0.   0.   0.   0.   0.   0.   0.
 0.   0.   0.   0.   0.   0.   0.   0.   0.   0.   0.   0.   0.   0.
 0.   0.   0.   0.   0.   0.   0.   0.   0.   0.   0.   0.  ]"
3980,27.5,30,95.75,198.0,2023-01-19 09:21:34,3542.7,2862.8,32.2,"[ 6.    6.    6.    6.    6.    2.61  2.61  2.61  2.61  2.61  2.61  4.39
  4.39  4.39  4.39  4.28  4.28  4.28  5.11  0.62  0.62  2.79  2.79  2.79
  2.52  5.41  1.28  1.28  1.28  1.28  3.57  3.57  3.57  3.57  3.57  3.57
  3.57 -0.   -0.   -0.   -0.   -0.   -0.   -0.   -0.   -0.   -0.   -0.
 -0.   -0.   -0.   -0.   -0.   -0.   -0.   -0.   -0.   -0.   -0.   -0.
 -0.   -0.   -0.   -0.   -0.   -0.   -0.   -0.   -0.   -0.   -0.   -0.
 -0.   -0.   -0.   -0.   -0.   -0.   -0.   -0.   -0.   -0.   -0.   -0.
 -0.   -0.   -0.   -0.   -0.   -0.   -0.   -0.   -0.   -0.   -0.   -0.  ]"
3981,22.5,30,70.92,198.0,2023-01-19 10:44:03,1134.8,865.9,12.6,"[ 3.53  3.53  3.53  3.53  3.53  3.53  0.52  0.52  0.52  0.52  2.72  2.72
  2.72  5.99  6.52  6.52 -0.   -0.   -0.   -0.   -0.   -0.   -0.   -0.
 -0.    0.    0.    0.    0.    0.    0.    0.   -0.   -0.   -0.   -0.
 -0.   -0.   -0.   -0.   -0.   -0.   -0.   -0.   -0.   -0.   -0.   -0.
 -0.   -0.   -0.   -0.   -0.   -0.   -0.   -0.   -0.   -0.   -0.   -0.
 -0.   -0.   -0.   -0.   -0.   -0.   -0.   -0.   -0.   -0.   -0.   -0.
 -0.   -0.   -0.   -0.   -0.   -0.   -0.   -0.   -0.   -0.   -0.   -0.
 -0.   -0.   -0.   -0.   -0.   -0.   -0.   -0.   -0.   -0.   -0.   -0.  ]"
3982,10.0,30,17.31,198.0,2023-01-19 12:15:18,242.4,429.6,6.1,"[ 1.32  1.32  1.32  1.32  1.32  1.32  1.32  1.32  2.51  2.51  0.7   0.7
  0.7   6.6  -0.   -0.   -0.   -0.   -0.   -0.   -0.   -0.   -0.   -0.
 -0.   -0.   -0.   -0.   -0.   -0.   -0.   -0.   -0.   -0.   -0.   -0.
 -0.   -0.   -0.   -0.   -0.   -0.   -0.   -0.   -0.   -0.   -0.   -0.
 -0.   -0.   -0.   -0.   -0.   -0.   -0.   -0.   -0.   -0.   -0.   -0.
 -0.   -0.   -0.   -0.   -0.   -0.   -0.   -0.   -0.   -0.   -0.   -0.
 -0.   -0.   -0.   -0.   -0.   -0.   -0.   -0.   -0.   -0.   -0.   -0.
 -0.   -0.   -0.   -0.   -0.   -0.   -0.   -0.   -0.   -0.   -0.   -0.  ]"
3983,27.5,30,81.19,198.0,2023-01-19 14:14:38,1704.9,1816.0,15.5,"[5.98 5.98 3.37 3.37 3.37 3.34 5.45 1.15 1.15 1.15 1.15 1.43 1.43 1.43
 1.43 1.43 1.43 1.43 3.32 6.6  6.6  0.   0.   0.   0.   0.   0.   0.
 0.   0.   0.   0.   0.   0.   0.   0.   0.   0.   0.   0.   0.   0.
 0.   0.   0.   0.   0.   0.   0.   0.   0.   0.   0.   0.   0.   0.
 0.   0.   0.   0.   0.   0.   0.   0.   0.   0.   0.   0.   0.   0.
 0.   0.   0.   0.   0.   0.   0.   0.   0.   0.   0.   0.   0.   0.
 0.   0.   0.   0.   0.   0.   0.   0.   0.   0.   0.   0.  ]"
3984,27.5,30,87.99,198.0,2023-01-19 14:37:33,1495.8,1531.9,13.6,"[ 5.99  5.99  5.99  5.99  5.99  0.68  0.68  0.68  0.68  2.5   2.5   2.5
  2.5   2.5   2.5   2.5   4.18 -0.   -0.   -0.   -0.   -0.   -0.   -0.
 -0.   -0.   -0.   -0.   -0.   -0.   -0.   -0.   -0.   -0.   -0.   -0.
 -0.   -0.   -0.   -0.   -0.   -0.   -0.   -0.   -0.   -0.   -0.   -0.
 -0.   -0.   -0.   -0.   -0.   -0.   -0.   -0.   -0.   -0.   -0.   -0.
 -0.   -0.   -0.   -0.   -0.   -0.   -0.   -0.   -0.   -0.   -0.   -0.
 -0.   -0.   -0.   -0.   -0.   -0.   -0.   -0.   -0.   -0.   -0.   -0.
 -0.   -0.   -0.   -0.   -0.   -0.   -0.   -0.   -0.   -0.   -0.   -0.  ]"
3985,27.5,30,89.83,198.0,2023-01-19 15:52:42,1976.4,2586.4,18.0,"[1.61 1.61 1.61 1.61 1.58 1.58 1.58 1.58 1.58 1.58 1.58 1.53 2.41 2.41
 5.8  5.8  5.8  5.8  5.8  5.8  6.6  6.6  0.   0.   0.   0.   0.   0.
 0.   0.   0.   0.   0.   0.   0.   0.   0.   0.   0.   0.   0.   0.
 0.   0.   0.   0.   0.   0.   0.   0.   0.   0.   0.   0.   0.   0.
 0.   0.   0.   0.   0.   0.   0.   0.   0.   0.   0.   0.   0.   0.
 0.   0.   0.   0.   0.   0.   0.   0.   0.   0.   0.   0.   0.   0.
 0.   0.   0.   0.   0.   0.   0.   0.   0.   0.   0.   0.  ]"
3986,27.5,30,92.59,198.0,2023-01-19 22:18:45,277.8,187.9,2.5,"[3.37 3.37 3.37 0.   0.   0.   0.   0.   0.   0.   0.   0.   0.   0.
 0.   0.   0.   0.   0.   0.   0.   0.   0.   0.   0.   0.   0.   0.
 0.   0.   0.   0.   0.   0.   0.   0.   0.   0.   0.   0.   0.   0.
 0.   0.   0.   0.   0.   0.   0.   0.   0.   0.   0.   0.   0.   0.
 0.   0.   0.   0.   0.   0.   0.   0.   0.   0.   0.   0.   0.   0.
 0.   0.   0.   0.   0.   0.   0.   0.   0.   0.   0.   0.   0.   0.
 0.   0.   0.   0.   0.   0.   0.   0.   0.   0.   0.   0.  ]"
3987,27.5,30,118.53,198.0,2023-01-20 06:26:49,829.7,561.2,7.5,"[5.03 5.03 5.03 5.03 5.03 2.51 2.51 0.   0.   0.   0.   0.   0.   0.
 0.   0.   0.   0.   0.   0.   0.   0.   0.   0.   0.   0.   0.   0.
 0.   0.   0.   0.   0.   0.   0.   0.   0.   0.   0.   0.   0.   0.
 0.   0.   0.   0.   0.   0.   0.   0.   0.   0.   0.   0.   0.   0.
 0.   0.   0.   0.   0.   0.   0.   0.   0.   0.   0.   0.   0.   0.
 0.   0.   0.   0.   0.   0.   0.   0.   0.   0.   0.   0.   0.   0.
 0.   0.   0.   0.   0.   0.   0.   0.   0.   0.   0.   0.  ]"
3988,27.5,30,71.09,198.0,2023-01-20 07:36:20,1421.8,842.7,12.9,"[0.   0.   0.   0.   0.   3.38 3.45 3.45 3.45 3.45 3.45 3.45 3.45 3.45
 3.45 3.45 3.45 3.45 3.45 3.45 0.   0.   0.   0.   0.   0.   0.   0.
 0.   0.   0.   0.   0.   0.   0.   0.   0.   0.   0.   0.   0.   0.
 0.   0.   0.   0.   0.   0.   0.   0.   0.   0.   0.   0.   0.   0.
 0.   0.   0.   0.   0.   0.   0.   0.   0.   0.   0.   0.   0.   0.
 0.   0.   0.   0.   0.   0.   0.   0.   0.   0.   0.   0.   0.   0.
 0.   0.   0.   0.   0.   0.   0.   0.   0.   0.   0.   0.  ]"
3989,27.5,30,30.96,198.0,2023-01-20 09:00:30,836.0,495.5,7.6,"[ 1.33  0.28  0.28  0.28  0.28  0.28  0.28  0.28  0.28  0.28  0.28  0.28
  0.28  0.28  0.28  5.03  5.03  5.03  5.03  5.03 -0.   -0.   -0.   -0.
 -0.   -0.   -0.    0.    0.    0.    0.    0.    0.    0.    0.    0.
  0.    0.    0.    0.    0.    0.    0.    0.    0.    0.    0.    0.
  0.    0.    0.    0.    0.    0.    0.    0.    0.    0.    0.    0.
  0.    0.    0.    0.    0.    0.    0.    0.    0.    0.    0.    0.
  0.    0.    0.    0.    0.    0.    0.    0.    0.    0.    0.    0.
  0.    0.    0.    0.    0.    0.    0.    0.    0.    0.    0.    0.  ]"
3990,27.5,30,95.28,198.0,2023-01-20 09:15:53,2000.9,1186.0,18.2,"[ 3.98  3.98  3.98  3.98  3.98  3.98  3.98  3.98  3.98  3.98  3.98  3.98
  3.98  3.98  3.41  3.41  3.41  3.41  3.41 -0.   -0.   -0.   -0.   -0.
 -0.   -0.    0.    0.    0.    0.    0.    0.    0.    0.    0.    0.
  0.    0.    0.    0.    0.    0.    0.    0.    0.    0.    0.    0.
  0.    0.    0.    0.    0.    0.    0.    0.    0.    0.    0.    0.
  0.    0.    0.    0.    0.    0.    0.    0.    0.    0.    0.    0.
  0.    0.    0.    0.    0.    0.    0.    0.    0.    0.    0.    0.
  0.    0.    0.    0.    0.    0.    0.    0.    0.    0.    0.    0.  ]"
3992,27.5,30,83.15,198.0,2023-01-20 21:31:56,498.9,337.4,4.5,"[3.02 3.02 3.02 3.02 3.02 3.02 0.   0.   0.   0.   0.   0.   0.   0.
 0.   0.   0.   0.   0.   0.   0.   0.   0.   0.   0.   0.   0.   0.
 0.   0.   0.   0.   0.   0.   0.   0.   0.   0.   0.   0.   0.   0.
 0.   0.   0.   0.   0.   0.   0.   0.   0.   0.   0.   0.   0.   0.
 0.   0.   0.   0.   0.   0.   0.   0.   0.   0.   0.   0.   0.   0.
 0.   0.   0.   0.   0.   0.   0.   0.   0.   0.   0.   0.   0.   0.
 0.   0.   0.   0.   0.   0.   0.   0.   0.   0.   0.   0.  ]"
3993,27.5,30,91.51,198.0,2023-01-21 08:58:02,2470.8,1464.5,22.5,"[ 4.49  4.49  4.49  4.49  4.49  4.49  4.49  4.49  4.49  4.49  4.49  4.49
  4.49  4.49  4.49  4.49  4.49  4.49  4.49  4.49 -0.   -0.   -0.   -0.
 -0.   -0.   -0.   -0.   -0.   -0.   -0.   -0.   -0.   -0.   -0.   -0.
 -0.   -0.   -0.   -0.   -0.   -0.   -0.   -0.   -0.   -0.   -0.   -0.
 -0.   -0.   -0.   -0.   -0.   -0.   -0.   -0.   -0.   -0.   -0.   -0.
 -0.   -0.   -0.   -0.   -0.   -0.   -0.   -0.   -0.   -0.   -0.   -0.
 -0.   -0.   -0.   -0.   -0.   -0.   -0.   -0.   -0.   -0.   -0.   -0.
 -0.   -0.   -0.   -0.   -0.   -0.   -0.   -0.   -0.   -0.   -0.   -0.  ]"
3997,27.5,30,89.82,198.0,2023-01-21 16:10:38,538.9,781.9,4.9,"[3.27 3.27 3.27 3.27 3.27 3.27 0.   0.   0.   0.   0.   0.   0.   0.
 0.   0.   0.   0.   0.   0.   0.   0.   0.   0.   0.   0.   0.   0.
 0.   0.   0.   0.   0.   0.   0.   0.   0.   0.   0.   0.   0.   0.
 0.   0.   0.   0.   0.   0.   0.   0.   0.   0.   0.   0.   0.   0.
 0.   0.   0.   0.   0.   0.   0.   0.   0.   0.   0.   0.   0.   0.
 0.   0.   0.   0.   0.   0.   0.   0.   0.   0.   0.   0.   0.   0.
 0.   0.   0.   0.   0.   0.   0.   0.   0.   0.   0.   0.  ]"
3998,27.5,30,55.75,198.0,2023-01-21 17:17:45,1115.0,914.8,10.1,"[0.54 0.54 0.54 0.54 0.54 0.54 0.54 0.54 0.54 0.54 0.54 0.54 0.54 0.54
 6.6  5.28 5.28 5.28 5.28 5.28 0.   0.   0.   0.   0.   0.   0.   0.
 0.   0.   0.   0.   0.   0.   0.   0.   0.   0.   0.   0.   0.   0.
 0.   0.   0.   0.   0.   0.   0.   0.   0.   0.   0.   0.   0.   0.
 0.   0.   0.   0.   0.   0.   0.   0.   0.   0.   0.   0.   0.   0.
 0.   0.   0.   0.   0.   0.   0.   0.   0.   0.   0.   0.   0.   0.
 0.   0.   0.   0.   0.   0.   0.   0.   0.   0.   0.   0.  ]"
3999,27.5,30,88.62,198.0,2023-01-21 21:12:29,708.9,479.5,6.4,"[1.48 1.48 1.48 1.48 1.48 6.13 6.13 6.13 0.   0.   0.   0.   0.   0.
 0.   0.   0.   0.   0.   0.   0.   0.   0.   0.   0.   0.   0.   0.
 0.   0.   0.   0.   0.   0.   0.   0.   0.   0.   0.   0.   0.   0.
 0.   0.   0.   0.   0.   0.   0.   0.   0.   0.   0.   0.   0.   0.
 0.   0.   0.   0.   0.   0.   0.   0.   0.   0.   0.   0.   0.   0.
 0.   0.   0.   0.   0.   0.   0.   0.   0.   0.   0.   0.   0.   0.
 0.   0.   0.   0.   0.   0.   0.   0.   0.   0.   0.   0.  ]"
4001,27.5,30,86.96,198.0,2023-01-22 22:03:34,347.9,235.3,3.2,"[3.16 3.16 3.16 3.16 0.   0.   0.   0.   0.   0.   0.   0.   0.   0.
 0.   0.   0.   0.   0.   0.   0.   0.   0.   0.   0.   0.   0.   0.
 0.   0.   0.   0.   0.   0.   0.   0.   0.   0.   0.   0.   0.   0.
 0.   0.   0.   0.   0.   0.   0.   0.   0.   0.   0.   0.   0.   0.
 0.   0.   0.   0.   0.   0.   0.   0.   0.   0.   0.   0.   0.   0.
 0.   0.   0.   0.   0.   0.   0.   0.   0.   0.   0.   0.   0.   0.
 0.   0.   0.   0.   0.   0.   0.   0.   0.   0.   0.   0.  ]"
4002,27.5,30,94.52,198.0,2023-01-23 07:30:24,1512.3,896.4,13.7,"[-0.  -0.  -0.  -0.  -0.  -0.   5.5  5.5  5.5  5.5  5.5  5.5  5.5  5.5
  5.5  5.5  0.   0.   0.   0.   0.   0.   0.   0.   0.   0.   0.   0.
  0.   0.   0.   0.   0.   0.   0.   0.   0.   0.   0.   0.   0.   0.
  0.   0.   0.   0.   0.   0.   0.   0.   0.   0.   0.   0.   0.   0.
  0.   0.   0.   0.   0.   0.   0.   0.   0.   0.   0.   0.   0.   0.
  0.   0.   0.   0.   0.   0.   0.   0.   0.   0.   0.   0.   0.   0.
  0.   0.   0.   0.   0.   0.   0.   0.   0.   0.   0.   0. ]"
4003,27.5,30,71.31,198.0,2023-01-23 08:19:44,2567.3,1760.8,23.3,"[-0.   -0.    4.67  5.03  2.94  3.27  3.27  3.27  3.27  3.27  3.27  3.27
  1.32  1.32  1.32  1.32  1.32  1.32  1.32  1.32  2.22  2.22  1.27  1.27
  5.85  5.85  5.85  6.6   4.77  4.77  1.12  1.12  1.12  1.12  1.12  0.99
  0.    0.    0.    0.    0.    0.    0.    0.    0.    0.    0.    0.
  0.    0.    0.    0.    0.    0.    0.    0.    0.    0.    0.    0.
  0.    0.    0.    0.    0.    0.    0.    0.    0.    0.    0.    0.
  0.    0.    0.    0.    0.    0.    0.    0.    0.    0.    0.    0.
  0.    0.    0.    0.    0.    0.    0.    0.    0.    0.    0.    0.  ]"
4004,27.5,30,84.96,198.0,2023-01-23 08:46:06,1529.4,906.5,13.9,"[0.31 1.42 1.99 1.32 1.32 1.32 1.32 1.32 1.32 1.32 5.33 5.33 5.33 5.33
 5.33 5.33 5.33 5.33 0.   0.   0.   0.   0.   0.   0.   0.   0.   0.
 0.   0.   0.   0.   0.   0.   0.   0.   0.   0.   0.   0.   0.   0.
 0.   0.   0.   0.   0.   0.   0.   0.   0.   0.   0.   0.   0.   0.
 0.   0.   0.   0.   0.   0.   0.   0.   0.   0.   0.   0.   0.   0.
 0.   0.   0.   0.   0.   0.   0.   0.   0.   0.   0.   0.   0.   0.
 0.   0.   0.   0.   0.   0.   0.   0.   0.   0.   0.   0.  ]"
4005,27.5,30,94.65,198.0,2023-01-23 08:52:32,2366.3,1468.9,21.5,"[4.18 2.35 1.38 0.69 0.69 0.69 0.69 0.69 0.69 0.69 3.96 3.96 3.96 3.96
 3.96 3.96 3.96 3.96 6.4  6.4  5.78 5.78 5.76 5.76 5.76 0.   0.   0.
 0.   0.   0.   0.   0.   0.   0.   0.   0.   0.   0.   0.   0.   0.
 0.   0.   0.   0.   0.   0.   0.   0.   0.   0.   0.   0.   0.   0.
 0.   0.   0.   0.   0.   0.   0.   0.   0.   0.   0.   0.   0.   0.
 0.   0.   0.   0.   0.   0.   0.   0.   0.   0.   0.   0.   0.   0.
 0.   0.   0.   0.   0.   0.   0.   0.   0.   0.   0.   0.  ]"
4006,27.5,30,57.13,198.0,2023-01-23 09:03:20,1199.8,730.6,10.9,"[ 2.21  0.64  0.33  0.33  0.33  0.33  0.33  0.33  0.33  2.41  2.41  2.41
  2.41  2.41  2.41  2.41  2.41  5.37  5.37  4.23  4.23  0.    0.    0.
 -0.   -0.   -0.    0.    0.    0.    0.    0.    0.   -0.   -0.   -0.
 -0.   -0.   -0.   -0.   -0.   -0.   -0.   -0.   -0.   -0.   -0.   -0.
 -0.   -0.   -0.   -0.   -0.   -0.   -0.   -0.   -0.   -0.   -0.   -0.
 -0.   -0.   -0.   -0.   -0.   -0.   -0.   -0.   -0.   -0.   -0.   -0.
 -0.   -0.   -0.   -0.   -0.   -0.   -0.   -0.   -0.   -0.   -0.   -0.
 -0.   -0.   -0.   -0.   -0.   -0.   -0.   -0.   -0.   -0.   -0.   -0.  ]"
4008,27.5,30,100.02,198.0,2023-01-23 09:22:40,3500.5,2341.0,31.8,"[4.01 3.5  3.5  3.5  3.5  3.5  3.5  3.5  4.61 4.61 4.61 4.61 4.61 4.61
 4.61 4.61 3.64 3.64 6.35 6.35 6.02 6.02 6.02 6.6  5.3  5.3  0.67 0.67
 0.67 0.67 0.67 0.53 0.91 0.91 0.91 0.   0.   0.   0.   0.   0.   0.
 0.   0.   0.   0.   0.   0.   0.   0.   0.   0.   0.   0.   0.   0.
 0.   0.   0.   0.   0.   0.   0.   0.   0.   0.   0.   0.   0.   0.
 0.   0.   0.   0.   0.   0.   0.   0.   0.   0.   0.   0.   0.   0.
 0.   0.   0.   0.   0.   0.   0.   0.   0.   0.   0.   0.  ]"
4009,27.5,30,84.89,198.0,2023-01-23 09:28:53,679.1,402.5,6.2,"[3.53 3.02 3.02 3.02 3.02 3.02 3.02 3.02 0.   0.   0.   0.   0.   0.
 0.   0.   0.   0.   0.   0.   0.   0.   0.   0.   0.   0.   0.   0.
 0.   0.   0.   0.   0.   0.   0.   0.   0.   0.   0.   0.   0.   0.
 0.   0.   0.   0.   0.   0.   0.   0.   0.   0.   0.   0.   0.   0.
 0.   0.   0.   0.   0.   0.   0.   0.   0.   0.   0.   0.   0.   0.
 0.   0.   0.   0.   0.   0.   0.   0.   0.   0.   0.   0.   0.   0.
 0.   0.   0.   0.   0.   0.   0.   0.   0.   0.   0.   0.  ]"
4012,27.5,30,96.45,198.0,2023-01-23 09:33:01,3375.7,2240.8,30.7,"[4.68 4.68 4.68 4.68 4.68 4.68 4.68 4.68 4.68 4.68 4.68 4.68 4.68 4.68
 4.68 4.68 4.68 4.68 4.68 4.68 4.68 4.68 6.6  3.3  3.3  0.51 0.51 0.51
 0.51 0.51 0.37 0.75 0.75 0.75 1.44 0.   0.   0.   0.   0.   0.   0.
 0.   0.   0.   0.   0.   0.   0.   0.   0.   0.   0.   0.   0.   0.
 0.   0.   0.   0.   0.   0.   0.   0.   0.   0.   0.   0.   0.   0.
 0.   0.   0.   0.   0.   0.   0.   0.   0.   0.   0.   0.   0.   0.
 0.   0.   0.   0.   0.   0.   0.   0.   0.   0.   0.   0.  ]"
4013,27.5,30,68.77,198.0,2023-01-23 15:18:21,1031.5,1215.4,9.4,"[6.6  6.6  1.27 1.27 1.27 1.27 1.27 1.14 1.52 1.52 1.52 2.21 3.34 3.34
 3.34 0.   0.   0.   0.   0.   0.   0.   0.   0.   0.   0.   0.   0.
 0.   0.   0.   0.   0.   0.   0.   0.   0.   0.   0.   0.   0.   0.
 0.   0.   0.   0.   0.   0.   0.   0.   0.   0.   0.   0.   0.   0.
 0.   0.   0.   0.   0.   0.   0.   0.   0.   0.   0.   0.   0.   0.
 0.   0.   0.   0.   0.   0.   0.   0.   0.   0.   0.   0.   0.   0.
 0.   0.   0.   0.   0.   0.   0.   0.   0.   0.   0.   0.  ]"
4015,27.5,30,19.21,198.0,2023-01-23 16:00:44,96.0,139.3,0.9,"[0.7 0.7 0.7 0.7 0.7 0.  0.  0.  0.  0.  0.  0.  0.  0.  0.  0.  0.  0.
 0.  0.  0.  0.  0.  0.  0.  0.  0.  0.  0.  0.  0.  0.  0.  0.  0.  0.
 0.  0.  0.  0.  0.  0.  0.  0.  0.  0.  0.  0.  0.  0.  0.  0.  0.  0.
 0.  0.  0.  0.  0.  0.  0.  0.  0.  0.  0.  0.  0.  0.  0.  0.  0.  0.
 0.  0.  0.  0.  0.  0.  0.  0.  0.  0.  0.  0.  0.  0.  0.  0.  0.  0.
 0.  0.  0.  0.  0.  0. ]"
4017,27.5,30,86.26,198.0,2023-01-23 22:04:02,345.0,233.4,3.1,"[3.14 3.14 3.14 3.14 0.   0.   0.   0.   0.   0.   0.   0.   0.   0.
 0.   0.   0.   0.   0.   0.   0.   0.   0.   0.   0.   0.   0.   0.
 0.   0.   0.   0.   0.   0.   0.   0.   0.   0.   0.   0.   0.   0.
 0.   0.   0.   0.   0.   0.   0.   0.   0.   0.   0.   0.   0.   0.
 0.   0.   0.   0.   0.   0.   0.   0.   0.   0.   0.   0.   0.   0.
 0.   0.   0.   0.   0.   0.   0.   0.   0.   0.   0.   0.   0.   0.
 0.   0.   0.   0.   0.   0.   0.   0.   0.   0.   0.   0.  ]"
4018,27.5,30,84.4,198.0,2023-01-24 08:16:10,1350.4,800.4,12.3,"[0.   0.   3.79 3.27 3.48 3.17 3.33 3.33 3.33 3.33 3.33 3.33 3.33 3.33
 3.33 5.46 0.   0.   0.   0.   0.   0.   0.   0.   0.   0.   0.   0.
 0.   0.   0.   0.   0.   0.   0.   0.   0.   0.   0.   0.   0.   0.
 0.   0.   0.   0.   0.   0.   0.   0.   0.   0.   0.   0.   0.   0.
 0.   0.   0.   0.   0.   0.   0.   0.   0.   0.   0.   0.   0.   0.
 0.   0.   0.   0.   0.   0.   0.   0.   0.   0.   0.   0.   0.   0.
 0.   0.   0.   0.   0.   0.   0.   0.   0.   0.   0.   0.  ]"
4019,27.5,30,90.32,198.0,2023-01-24 08:43:46,1264.5,749.5,11.5,"[0.   3.81 3.49 3.52 3.52 3.52 3.52 3.52 3.52 3.52 3.52 3.52 3.52 3.52
 0.   0.   0.   0.   0.   0.   0.   0.   0.   0.   0.   0.   0.   0.
 0.   0.   0.   0.   0.   0.   0.   0.   0.   0.   0.   0.   0.   0.
 0.   0.   0.   0.   0.   0.   0.   0.   0.   0.   0.   0.   0.   0.
 0.   0.   0.   0.   0.   0.   0.   0.   0.   0.   0.   0.   0.   0.
 0.   0.   0.   0.   0.   0.   0.   0.   0.   0.   0.   0.   0.   0.
 0.   0.   0.   0.   0.   0.   0.   0.   0.   0.   0.   0.  ]"
4020,27.5,30,57.13,198.0,2023-01-24 09:02:01,1542.4,953.8,14.0,"[1.47 0.97 1.31 0.   0.   0.   0.   0.   0.   0.   0.   0.   5.01 5.01
 5.01 5.01 5.01 5.01 5.01 1.51 2.24 2.24 2.24 2.24 2.24 2.24 2.24 0.
 0.   0.   0.   0.   0.   0.   0.   0.   0.   0.   0.   0.   0.   0.
 0.   0.   0.   0.   0.   0.   0.   0.   0.   0.   0.   0.   0.   0.
 0.   0.   0.   0.   0.   0.   0.   0.   0.   0.   0.   0.   0.   0.
 0.   0.   0.   0.   0.   0.   0.   0.   0.   0.   0.   0.   0.   0.
 0.   0.   0.   0.   0.   0.   0.   0.   0.   0.   0.   0.  ]"
4023,27.5,30,97.67,198.0,2023-01-24 09:29:47,3906.6,2560.9,35.5,"[6.6  6.6  5.39 5.39 5.39 5.39 5.39 5.39 5.39 5.39 5.39 4.11 4.11 4.11
 4.11 4.11 4.11 4.11 5.11 5.79 5.79 5.79 5.79 5.79 5.79 5.79 0.09 0.09
 0.48 0.48 0.48 0.48 0.52 0.52 0.69 0.69 0.69 0.25 0.25 0.25 0.   0.
 0.   0.   0.   0.   0.   0.   0.   0.   0.   0.   0.   0.   0.   0.
 0.   0.   0.   0.   0.   0.   0.   0.   0.   0.   0.   0.   0.   0.
 0.   0.   0.   0.   0.   0.   0.   0.   0.   0.   0.   0.   0.   0.
 0.   0.   0.   0.   0.   0.   0.   0.   0.   0.   0.   0.  ]"
4024,27.5,30,71.52,198.0,2023-01-24 09:33:43,786.7,466.3,7.2,"[ 2.86  2.36  2.36  2.36  2.36  2.36  2.36  2.36  2.36  2.36  4.49  0.
  0.    0.    0.    0.    0.   -0.   -0.   -0.   -0.   -0.   -0.   -0.
 -0.    0.    0.    0.    0.    0.    0.    0.    0.    0.    0.    0.
  0.    0.    0.   -0.   -0.   -0.   -0.   -0.   -0.   -0.   -0.   -0.
 -0.   -0.   -0.   -0.   -0.   -0.   -0.   -0.   -0.   -0.   -0.   -0.
 -0.   -0.   -0.   -0.   -0.   -0.   -0.   -0.   -0.   -0.   -0.   -0.
 -0.   -0.   -0.   -0.   -0.   -0.   -0.   -0.   -0.   -0.   -0.   -0.
 -0.   -0.   -0.   -0.   -0.   -0.   -0.   -0.   -0.   -0.   -0.   -0.  ]"
4025,27.5,30,84.94,198.0,2023-01-24 09:47:28,3227.9,2165.5,29.3,"[6.03 6.03 6.03 6.03 6.03 6.03 6.03 6.03 6.03 5.11 5.11 5.11 5.11 5.11
 5.11 5.11 1.92 2.36 2.36 2.36 2.36 2.36 2.36 2.36 0.54 0.54 0.62 0.62
 0.62 0.62 0.67 0.67 0.4  0.4  0.4  0.93 0.93 0.93 0.   0.   0.   0.
 0.   0.   0.   0.   0.   0.   0.   0.   0.   0.   0.   0.   0.   0.
 0.   0.   0.   0.   0.   0.   0.   0.   0.   0.   0.   0.   0.   0.
 0.   0.   0.   0.   0.   0.   0.   0.   0.   0.   0.   0.   0.   0.
 0.   0.   0.   0.   0.   0.   0.   0.   0.   0.   0.   0.  ]"
4022,27.5,30,97.64,198.0,2023-01-24 12:15:14,2538.7,1630.4,23.1,"[ 6.03  6.03  6.03  6.03  6.03  6.03  6.03  6.26  6.19  6.19  6.19  6.19
  6.19  6.19  6.19  0.04  0.04  0.02  0.02  0.02  0.02  0.07  0.07  0.07
  0.07  0.07 -0.   -0.   -0.    0.    0.    0.    0.    0.    0.    0.
  0.    0.    0.    0.    0.    0.    0.    0.    0.    0.    0.    0.
  0.    0.    0.    0.    0.    0.    0.    0.    0.    0.    0.    0.
  0.    0.    0.    0.    0.    0.    0.    0.    0.    0.    0.    0.
  0.    0.    0.    0.    0.    0.    0.    0.    0.    0.    0.    0.
  0.    0.    0.    0.    0.    0.    0.    0.    0.    0.    0.    0.  ]"
4027,27.5,30,90.5,198.0,2023-01-24 14:02:13,1176.6,816.2,10.7,"[ 5.98  5.98  5.98  5.98  5.98  5.98  5.98  0.19  0.19  0.14  0.14  0.14
  0.14  0.    0.    0.    0.    0.    0.    0.    0.   -0.   -0.   -0.
 -0.   -0.   -0.   -0.   -0.   -0.   -0.   -0.   -0.   -0.   -0.   -0.
 -0.   -0.   -0.   -0.   -0.   -0.   -0.   -0.   -0.   -0.   -0.   -0.
 -0.   -0.   -0.   -0.   -0.   -0.   -0.   -0.   -0.   -0.   -0.   -0.
 -0.   -0.   -0.   -0.   -0.   -0.   -0.   -0.   -0.   -0.   -0.   -0.
 -0.   -0.   -0.   -0.   -0.   -0.   -0.   -0.   -0.   -0.   -0.   -0.
 -0.   -0.   -0.   -0.   -0.   -0.   -0.   -0.   -0.   -0.   -0.   -0.  ]"
4030,27.5,30,88.98,198.0,2023-01-24 16:21:09,1067.8,1549.3,9.7,"[3.53 3.53 3.53 3.53 3.53 3.53 3.07 3.07 3.07 2.82 2.82 2.82 0.   0.
 0.   0.   0.   0.   0.   0.   0.   0.   0.   0.   0.   0.   0.   0.
 0.   0.   0.   0.   0.   0.   0.   0.   0.   0.   0.   0.   0.   0.
 0.   0.   0.   0.   0.   0.   0.   0.   0.   0.   0.   0.   0.   0.
 0.   0.   0.   0.   0.   0.   0.   0.   0.   0.   0.   0.   0.   0.
 0.   0.   0.   0.   0.   0.   0.   0.   0.   0.   0.   0.   0.   0.
 0.   0.   0.   0.   0.   0.   0.   0.   0.   0.   0.   0.  ]"
4032,27.5,30,88.16,198.0,2023-01-24 17:53:08,264.5,383.7,2.4,"[3.21 3.21 3.21 0.   0.   0.   0.   0.   0.   0.   0.   0.   0.   0.
 0.   0.   0.   0.   0.   0.   0.   0.   0.   0.   0.   0.   0.   0.
 0.   0.   0.   0.   0.   0.   0.   0.   0.   0.   0.   0.   0.   0.
 0.   0.   0.   0.   0.   0.   0.   0.   0.   0.   0.   0.   0.   0.
 0.   0.   0.   0.   0.   0.   0.   0.   0.   0.   0.   0.   0.   0.
 0.   0.   0.   0.   0.   0.   0.   0.   0.   0.   0.   0.   0.   0.
 0.   0.   0.   0.   0.   0.   0.   0.   0.   0.   0.   0.  ]"
4034,27.5,30,85.0,198.0,2023-01-25 07:37:09,2294.9,1364.6,20.9,"[-0.   -0.   -0.   -0.   -0.    4.38  4.38  4.38  4.14  4.13  4.13  4.1
  4.1   4.1   4.1   4.1   4.1   4.1   4.1   4.1   4.1   3.76  3.76  3.76
  3.76  0.96  0.96  0.    0.    0.    0.    0.    0.    0.    0.    0.
  0.    0.    0.    0.    0.    0.    0.    0.    0.    0.    0.    0.
  0.    0.    0.    0.    0.    0.    0.    0.    0.    0.    0.    0.
  0.    0.    0.    0.    0.    0.    0.    0.    0.    0.    0.    0.
  0.    0.    0.    0.    0.    0.    0.    0.    0.    0.    0.    0.
  0.    0.    0.    0.    0.    0.    0.    0.    0.    0.    0.    0.  ]"
4035,27.5,30,105.03,198.0,2023-01-25 07:42:22,3991.0,2403.8,36.3,"[0.71 0.71 0.71 0.71 0.71 6.6  6.6  6.6  6.6  6.6  6.6  6.57 6.57 6.57
 6.57 6.57 6.57 6.57 6.57 6.57 6.57 5.8  5.8  5.8  5.8  0.01 0.01 0.75
 0.75 3.33 3.33 2.43 2.43 0.   0.   0.   0.   0.   0.   0.   0.   0.
 0.   0.   0.   0.   0.   0.   0.   0.   0.   0.   0.   0.   0.   0.
 0.   0.   0.   0.   0.   0.   0.   0.   0.   0.   0.   0.   0.   0.
 0.   0.   0.   0.   0.   0.   0.   0.   0.   0.   0.   0.   0.   0.
 0.   0.   0.   0.   0.   0.   0.   0.   0.   0.   0.   0.  ]"
4037,27.5,30,57.53,198.0,2023-01-25 09:31:25,2013.5,1251.6,18.3,"[4.05 4.07 4.07 3.89 3.89 3.89 3.89 3.89 3.89 3.89 3.89 3.89 3.89 3.23
 3.23 3.23 3.23 0.3  0.3  0.72 0.72 1.7  1.7  1.02 1.02 0.02 0.02 0.02
 0.02 0.02 0.32 0.32 0.32 0.32 0.32 0.   0.   0.   0.   0.   0.   0.
 0.   0.   0.   0.   0.   0.   0.   0.   0.   0.   0.   0.   0.   0.
 0.   0.   0.   0.   0.   0.   0.   0.   0.   0.   0.   0.   0.   0.
 0.   0.   0.   0.   0.   0.   0.   0.   0.   0.   0.   0.   0.   0.
 0.   0.   0.   0.   0.   0.   0.   0.   0.   0.   0.   0.  ]"
4039,27.5,30,16.33,198.0,2023-01-25 09:43:21,310.2,193.5,2.8,"[ 0.69  0.65  0.65  0.51  0.51  0.51  0.51  0.51  0.51  0.51  0.51  0.51
  0.51  0.01  0.01  0.01  0.01  2.08  2.08 -0.   -0.   -0.   -0.   -0.
 -0.   -0.   -0.   -0.   -0.   -0.   -0.   -0.   -0.   -0.   -0.    0.
  0.    0.    0.    0.    0.    0.    0.    0.    0.    0.    0.    0.
  0.    0.    0.    0.    0.    0.    0.    0.    0.    0.    0.    0.
  0.    0.    0.    0.    0.    0.    0.    0.    0.    0.    0.    0.
  0.    0.    0.    0.    0.    0.    0.    0.    0.    0.    0.    0.
  0.    0.    0.    0.    0.    0.    0.    0.    0.    0.    0.    0.  ]"
4040,27.5,30,10.83,198.0,2023-01-25 09:53:31,368.1,260.2,3.3,"[ 0.84  0.84  0.3   0.3   0.3   0.3   0.3   0.3   0.3   0.3   0.3   0.3
  0.19  0.19  0.19  0.19  0.57  0.57  1.03  1.03  1.02  1.02  0.81  0.81
  0.03  0.03  0.03  0.03  0.03  0.19  0.19  0.19  0.19  0.19 -0.   -0.
 -0.   -0.   -0.   -0.   -0.   -0.   -0.   -0.   -0.   -0.   -0.   -0.
 -0.   -0.   -0.   -0.   -0.   -0.   -0.   -0.   -0.   -0.   -0.   -0.
 -0.   -0.   -0.   -0.   -0.   -0.   -0.   -0.   -0.   -0.   -0.   -0.
 -0.   -0.   -0.   -0.   -0.   -0.   -0.   -0.   -0.   -0.   -0.   -0.
 -0.   -0.   -0.   -0.   -0.   -0.   -0.   -0.   -0.   -0.   -0.   -0.  ]"
4041,27.5,30,60.45,198.0,2023-01-25 10:22:37,1208.9,737.1,11.0,"[ 3.23  3.23  3.23  3.23  3.23  3.23  3.23  3.23  3.23  3.23  0.68  0.68
  0.68  0.68  0.89  0.89  1.3   1.3   2.27  2.27  0.    0.    0.    0.
  0.    0.    0.   -0.   -0.   -0.   -0.   -0.    0.    0.    0.    0.
  0.    0.    0.    0.    0.    0.    0.    0.    0.    0.    0.    0.
  0.    0.    0.    0.    0.    0.    0.    0.    0.    0.    0.    0.
  0.    0.    0.    0.    0.    0.    0.    0.    0.    0.    0.    0.
  0.    0.    0.    0.    0.    0.    0.    0.    0.    0.    0.    0.
  0.    0.    0.    0.    0.    0.    0.    0.    0.    0.    0.    0.  ]"
4042,27.5,30,90.75,198.0,2023-01-25 12:52:04,1542.8,988.0,14.0,"[ 6.03  6.03  6.03  6.03  4.69  4.69  4.67  4.67  2.26  2.26  4.36  4.36
  0.    0.    0.    0.    0.   -0.   -0.   -0.   -0.   -0.   -0.   -0.
 -0.   -0.   -0.   -0.   -0.   -0.   -0.   -0.   -0.   -0.   -0.   -0.
 -0.   -0.   -0.   -0.   -0.   -0.   -0.   -0.   -0.   -0.   -0.   -0.
 -0.   -0.   -0.   -0.   -0.   -0.   -0.   -0.   -0.   -0.   -0.   -0.
 -0.   -0.   -0.   -0.   -0.   -0.   -0.   -0.   -0.   -0.   -0.   -0.
 -0.   -0.   -0.   -0.   -0.   -0.   -0.   -0.   -0.   -0.   -0.   -0.
 -0.   -0.   -0.   -0.   -0.   -0.   -0.   -0.   -0.   -0.   -0.   -0.  ]"
4043,27.5,30,79.73,198.0,2023-01-25 14:55:23,2551.4,2288.1,23.2,"[6.6  6.6  6.6  6.6  0.53 0.53 0.53 0.53 0.53 1.24 1.24 1.24 1.24 1.24
 1.23 1.23 1.14 1.14 1.14 1.14 1.14 3.12 3.12 3.12 6.6  6.6  6.6  6.6
 3.39 3.39 3.39 3.39 0.   0.   0.   0.   0.   0.   0.   0.   0.   0.
 0.   0.   0.   0.   0.   0.   0.   0.   0.   0.   0.   0.   0.   0.
 0.   0.   0.   0.   0.   0.   0.   0.   0.   0.   0.   0.   0.   0.
 0.   0.   0.   0.   0.   0.   0.   0.   0.   0.   0.   0.   0.   0.
 0.   0.   0.   0.   0.   0.   0.   0.   0.   0.   0.   0.  ]"
4044,27.5,30,90.7,198.0,2023-01-25 15:25:11,1723.3,2243.8,15.7,"[ 6.02  6.02  2.2   2.2   2.2   2.2   2.2   1.7   1.7   1.7   1.7   1.7
  2.41  2.41  5.26  5.26  5.26  5.26  5.26 -0.   -0.   -0.   -0.   -0.
 -0.   -0.   -0.   -0.   -0.   -0.   -0.   -0.   -0.   -0.   -0.   -0.
 -0.   -0.   -0.   -0.   -0.   -0.   -0.   -0.   -0.   -0.   -0.   -0.
 -0.   -0.   -0.   -0.   -0.   -0.   -0.   -0.   -0.   -0.   -0.   -0.
 -0.   -0.   -0.   -0.   -0.   -0.   -0.   -0.   -0.   -0.   -0.   -0.
 -0.   -0.   -0.   -0.   -0.   -0.   -0.   -0.   -0.   -0.   -0.   -0.
 -0.   -0.   -0.   -0.   -0.   -0.   -0.   -0.   -0.   -0.   -0.   -0.  ]"
4046,27.5,30,92.06,198.0,2023-01-25 17:01:39,644.4,935.0,5.9,"[3.39 3.39 3.39 3.39 3.39 3.24 3.24 0.   0.   0.   0.   0.   0.   0.
 0.   0.   0.   0.   0.   0.   0.   0.   0.   0.   0.   0.   0.   0.
 0.   0.   0.   0.   0.   0.   0.   0.   0.   0.   0.   0.   0.   0.
 0.   0.   0.   0.   0.   0.   0.   0.   0.   0.   0.   0.   0.   0.
 0.   0.   0.   0.   0.   0.   0.   0.   0.   0.   0.   0.   0.   0.
 0.   0.   0.   0.   0.   0.   0.   0.   0.   0.   0.   0.   0.   0.
 0.   0.   0.   0.   0.   0.   0.   0.   0.   0.   0.   0.  ]"
4048,27.5,30,98.34,198.0,2023-01-25 22:00:30,393.4,266.1,3.6,"[3.58 3.58 3.58 3.58 0.   0.   0.   0.   0.   0.   0.   0.   0.   0.
 0.   0.   0.   0.   0.   0.   0.   0.   0.   0.   0.   0.   0.   0.
 0.   0.   0.   0.   0.   0.   0.   0.   0.   0.   0.   0.   0.   0.
 0.   0.   0.   0.   0.   0.   0.   0.   0.   0.   0.   0.   0.   0.
 0.   0.   0.   0.   0.   0.   0.   0.   0.   0.   0.   0.   0.   0.
 0.   0.   0.   0.   0.   0.   0.   0.   0.   0.   0.   0.   0.   0.
 0.   0.   0.   0.   0.   0.   0.   0.   0.   0.   0.   0.  ]"
4049,27.5,30,70.73,198.0,2023-01-26 07:38:59,2970.8,1803.6,27.0,"[ 0.    0.    0.   -0.   -0.    4.67  4.67  4.67  4.67  5.    5.    5.
  5.    5.    5.    5.    5.    5.    5.    5.    5.    2.69  2.69  2.69
  2.69  2.2   2.2   2.2   2.2   2.2   2.2   2.68  2.68  0.    0.    0.
 -0.    0.    0.    0.    0.    0.   -0.   -0.   -0.   -0.   -0.   -0.
 -0.   -0.   -0.   -0.   -0.   -0.   -0.   -0.   -0.   -0.   -0.   -0.
 -0.   -0.   -0.   -0.   -0.   -0.   -0.   -0.   -0.   -0.   -0.   -0.
 -0.   -0.   -0.   -0.   -0.   -0.   -0.   -0.   -0.   -0.   -0.   -0.
 -0.   -0.   -0.   -0.   -0.   -0.   -0.   -0.   -0.   -0.   -0.   -0.  ]"
4050,27.5,30,95.2,198.0,2023-01-26 08:11:02,2760.8,1676.9,25.1,"[ 0.   -0.   -0.    3.25  3.25  3.25  3.25  4.97  4.97  4.97  4.97  4.97
  4.97  4.97  4.97  4.97  4.97  4.97  4.97  2.53  2.53  2.53  2.53  2.94
  2.94  2.94  2.94  2.94  2.94  0.    0.    0.    0.    0.    0.    0.
  0.    0.    0.    0.    0.    0.    0.    0.    0.    0.    0.    0.
  0.    0.    0.    0.    0.    0.    0.    0.    0.    0.    0.    0.
  0.    0.    0.    0.    0.    0.    0.    0.    0.    0.    0.    0.
  0.    0.    0.    0.    0.    0.    0.    0.    0.    0.    0.    0.
  0.    0.    0.    0.    0.    0.    0.    0.    0.    0.    0.    0.  ]"
4051,27.5,30,37.3,198.0,2023-01-26 08:19:49,1268.2,778.4,11.5,"[-0.   -0.    2.    2.    2.    2.    1.47  1.47  1.47  1.47  1.47  1.47
  1.47  1.47  1.47  1.47  1.47  1.47  2.22  2.22  2.22  2.22  1.2   1.2
  1.2   1.2   1.2   1.2   2.2   2.2   0.    0.    0.   -0.    0.    0.
  0.    0.    0.    0.    0.    0.    0.    0.    0.    0.    0.    0.
  0.    0.    0.    0.    0.    0.    0.    0.    0.    0.    0.    0.
  0.    0.    0.    0.    0.    0.    0.    0.    0.    0.    0.    0.
  0.    0.    0.    0.    0.    0.    0.    0.    0.    0.    0.    0.
  0.    0.    0.    0.    0.    0.    0.    0.    0.    0.    0.    0.  ]"
4052,27.5,30,64.33,198.0,2023-01-26 08:40:23,321.7,190.7,2.9,"[ 0.    2.92  2.92  2.92  2.92  0.    0.    0.    0.    0.    0.    0.
  0.    0.    0.    0.    0.    0.    0.    0.    0.   -0.   -0.   -0.
 -0.   -0.   -0.   -0.   -0.   -0.   -0.   -0.   -0.    0.    0.    0.
  0.    0.    0.    0.    0.    0.    0.    0.    0.    0.    0.    0.
  0.    0.    0.    0.    0.    0.    0.    0.    0.    0.    0.    0.
  0.    0.    0.    0.    0.    0.    0.    0.    0.    0.    0.    0.
  0.    0.    0.    0.    0.    0.    0.    0.    0.    0.    0.    0.
  0.    0.    0.    0.    0.    0.    0.    0.    0.    0.    0.    0.  ]"
4053,27.5,30,26.3,198.0,2023-01-26 08:56:22,815.2,507.5,7.4,"[ 1.51  1.51  1.51  1.51  0.49  0.49  0.49  0.49  0.49  0.49  0.49  0.49
  0.49  0.49  0.49  0.49  1.79  1.79  1.79  1.79  0.94  0.94  0.94  0.94
  0.94  0.94  2.47  2.47  0.    0.    0.    0.    0.    0.    0.    0.
  0.   -0.   -0.   -0.   -0.   -0.   -0.   -0.   -0.   -0.   -0.   -0.
 -0.   -0.   -0.   -0.   -0.   -0.   -0.   -0.   -0.   -0.   -0.   -0.
 -0.   -0.   -0.   -0.   -0.   -0.   -0.   -0.   -0.   -0.   -0.   -0.
 -0.   -0.   -0.   -0.   -0.   -0.   -0.   -0.   -0.   -0.   -0.   -0.
 -0.   -0.   -0.   -0.   -0.   -0.   -0.   -0.   -0.   -0.   -0.   -0.  ]"
4055,27.5,30,75.37,198.0,2023-01-26 09:48:42,1658.1,1013.0,15.1,"[ 3.15  3.15  3.15  3.15  3.15  3.15  3.15  3.15  3.15  3.15  3.15  3.15
  2.35  2.35  2.35  2.35  2.18  2.18  2.18  2.18  2.18  2.18  0.    0.
  0.    0.    0.    0.    0.    0.    0.    0.    0.   -0.   -0.   -0.
 -0.   -0.   -0.   -0.   -0.   -0.   -0.   -0.   -0.   -0.   -0.   -0.
 -0.   -0.   -0.   -0.   -0.   -0.   -0.   -0.   -0.   -0.   -0.   -0.
 -0.   -0.   -0.   -0.   -0.   -0.   -0.   -0.   -0.   -0.   -0.   -0.
 -0.   -0.   -0.   -0.   -0.   -0.   -0.   -0.   -0.   -0.   -0.   -0.
 -0.   -0.   -0.   -0.   -0.   -0.   -0.   -0.   -0.   -0.   -0.   -0.  ]"
4054,27.5,30,90.96,198.0,2023-01-26 09:49:23,2728.9,1660.2,24.8,"[ 6.02  6.02  6.02  6.02  6.02  6.02  6.02  6.02  6.02  6.02  6.02  6.02
  2.1   2.1   2.1   2.1   2.09  2.09  2.09  2.09  2.09  2.09  3.01  3.01
  0.    0.    0.   -0.    0.    0.   -0.   -0.   -0.   -0.   -0.   -0.
 -0.   -0.   -0.   -0.   -0.   -0.   -0.   -0.   -0.   -0.   -0.   -0.
 -0.   -0.   -0.   -0.   -0.   -0.   -0.   -0.   -0.   -0.   -0.   -0.
 -0.   -0.   -0.   -0.   -0.   -0.   -0.   -0.   -0.   -0.   -0.   -0.
 -0.   -0.   -0.   -0.   -0.   -0.   -0.   -0.   -0.   -0.   -0.   -0.
 -0.   -0.   -0.   -0.   -0.   -0.   -0.   -0.   -0.   -0.   -0.   -0.  ]"
4056,27.5,30,93.6,198.0,2023-01-26 13:00:26,1591.3,1020.8,14.5,"[ 6.03  6.03  6.03  6.03  3.91  3.91  3.91  3.91  3.91  3.91  5.12  5.12
  0.    0.    0.   -0.    0.   -0.   -0.   -0.   -0.   -0.   -0.   -0.
 -0.   -0.   -0.   -0.   -0.   -0.   -0.   -0.   -0.   -0.   -0.   -0.
 -0.   -0.   -0.   -0.   -0.   -0.   -0.   -0.   -0.   -0.   -0.   -0.
 -0.   -0.   -0.   -0.   -0.   -0.   -0.   -0.   -0.   -0.   -0.   -0.
 -0.   -0.   -0.   -0.   -0.   -0.   -0.   -0.   -0.   -0.   -0.   -0.
 -0.   -0.   -0.   -0.   -0.   -0.   -0.   -0.   -0.   -0.   -0.   -0.
 -0.   -0.   -0.   -0.   -0.   -0.   -0.   -0.   -0.   -0.   -0.   -0.  ]"
4057,27.5,30,47.73,198.0,2023-01-26 13:50:02,668.3,452.0,6.1,"[ 3.04  3.04  3.04  3.04  3.04  3.04  3.04  3.04 -0.   -0.   -0.   -0.
 -0.   -0.   -0.   -0.   -0.   -0.   -0.   -0.   -0.   -0.   -0.   -0.
 -0.   -0.   -0.   -0.   -0.   -0.   -0.   -0.   -0.   -0.   -0.   -0.
 -0.   -0.   -0.   -0.   -0.   -0.   -0.   -0.   -0.   -0.   -0.   -0.
 -0.   -0.   -0.   -0.   -0.   -0.   -0.   -0.   -0.   -0.   -0.   -0.
 -0.   -0.   -0.   -0.   -0.   -0.   -0.   -0.   -0.   -0.   -0.   -0.
 -0.   -0.   -0.   -0.   -0.   -0.   -0.   -0.   -0.   -0.   -0.   -0.
 -0.   -0.   -0.   -0.   -0.   -0.   -0.   -0.   -0.   -0.   -0.   -0.  ]"
4058,27.5,30,94.94,198.0,2023-01-26 17:58:16,2088.7,1624.8,19.0,"[0.9  0.84 0.84 0.84 0.84 0.84 0.84 0.84 0.84 0.84 0.74 0.74 6.6  6.6
 6.6  6.6  6.6  6.6  6.6  6.6  6.6  6.6  0.   0.   0.   0.   0.   0.
 0.   0.   0.   0.   0.   0.   0.   0.   0.   0.   0.   0.   0.   0.
 0.   0.   0.   0.   0.   0.   0.   0.   0.   0.   0.   0.   0.   0.
 0.   0.   0.   0.   0.   0.   0.   0.   0.   0.   0.   0.   0.   0.
 0.   0.   0.   0.   0.   0.   0.   0.   0.   0.   0.   0.   0.   0.
 0.   0.   0.   0.   0.   0.   0.   0.   0.   0.   0.   0.  ]"
4059,27.5,30,181.5,198.0,2023-01-26 18:10:37,1633.5,2370.1,14.9,"[ 6.6  6.6  6.6  6.6  6.6  6.6  6.6  6.6  6.6 -0.  -0.   0.   0.   0.
  0.   0.   0.   0.   0.   0.   0.   0.   0.   0.   0.   0.   0.   0.
  0.   0.   0.   0.   0.   0.   0.   0.   0.   0.   0.   0.   0.   0.
  0.   0.   0.   0.   0.   0.   0.   0.   0.   0.   0.   0.   0.   0.
  0.   0.   0.   0.   0.   0.   0.   0.   0.   0.   0.   0.   0.   0.
  0.   0.   0.   0.   0.   0.   0.   0.   0.   0.   0.   0.   0.   0.
  0.   0.   0.   0.   0.   0.   0.   0.   0.   0.   0.   0. ]"
4060,27.5,30,72.38,198.0,2023-01-27 07:41:27,579.1,359.5,5.3,"[1.57 1.57 1.57 0.79 1.57 4.66 4.66 4.66 0.   0.   0.   0.   0.   0.
 0.   0.   0.   0.   0.   0.   0.   0.   0.   0.   0.   0.   0.   0.
 0.   0.   0.   0.   0.   0.   0.   0.   0.   0.   0.   0.   0.   0.
 0.   0.   0.   0.   0.   0.   0.   0.   0.   0.   0.   0.   0.   0.
 0.   0.   0.   0.   0.   0.   0.   0.   0.   0.   0.   0.   0.   0.
 0.   0.   0.   0.   0.   0.   0.   0.   0.   0.   0.   0.   0.   0.
 0.   0.   0.   0.   0.   0.   0.   0.   0.   0.   0.   0.  ]"
4061,27.5,30,60.6,198.0,2023-01-27 08:27:58,303.0,179.6,2.8,"[0.   0.   3.67 3.67 3.67 0.   0.   0.   0.   0.   0.   0.   0.   0.
 0.   0.   0.   0.   0.   0.   0.   0.   0.   0.   0.   0.   0.   0.
 0.   0.   0.   0.   0.   0.   0.   0.   0.   0.   0.   0.   0.   0.
 0.   0.   0.   0.   0.   0.   0.   0.   0.   0.   0.   0.   0.   0.
 0.   0.   0.   0.   0.   0.   0.   0.   0.   0.   0.   0.   0.   0.
 0.   0.   0.   0.   0.   0.   0.   0.   0.   0.   0.   0.   0.   0.
 0.   0.   0.   0.   0.   0.   0.   0.   0.   0.   0.   0.  ]"
4062,27.5,30,86.8,198.0,2023-01-27 08:42:04,2690.7,1594.8,24.5,"[ 0.   -0.   -0.    5.74  5.4   5.4   5.4   5.42  5.42  5.42  5.42  5.42
  5.42  5.42  5.42  5.42  5.42  5.42  5.42  5.42  5.42  0.    0.    0.
  0.    0.    0.    0.    0.    0.    0.    0.    0.    0.    0.    0.
  0.    0.    0.    0.    0.    0.    0.    0.    0.    0.    0.    0.
  0.    0.    0.    0.    0.    0.    0.    0.    0.    0.    0.    0.
  0.    0.    0.    0.    0.    0.    0.    0.    0.    0.    0.    0.
  0.    0.    0.    0.    0.    0.    0.    0.    0.    0.    0.    0.
  0.    0.    0.    0.    0.    0.    0.    0.    0.    0.    0.    0.  ]"
4063,27.5,30,92.57,198.0,2023-01-27 08:59:16,2314.3,1371.8,21.0,"[0.17 0.17 4.9  4.63 4.63 4.63 4.65 4.65 4.65 4.65 4.65 4.65 4.65 4.65
 4.65 4.65 4.65 4.65 4.65 4.65 0.   0.   0.   0.   0.   0.   0.   0.
 0.   0.   0.   0.   0.   0.   0.   0.   0.   0.   0.   0.   0.   0.
 0.   0.   0.   0.   0.   0.   0.   0.   0.   0.   0.   0.   0.   0.
 0.   0.   0.   0.   0.   0.   0.   0.   0.   0.   0.   0.   0.   0.
 0.   0.   0.   0.   0.   0.   0.   0.   0.   0.   0.   0.   0.   0.
 0.   0.   0.   0.   0.   0.   0.   0.   0.   0.   0.   0.  ]"
4065,27.5,30,18.05,198.0,2023-01-27 09:28:10,686.0,437.4,6.2,"[1.39 1.3  1.3  1.3  1.31 1.31 1.31 1.31 1.31 1.31 1.31 1.31 1.31 1.31
 1.31 1.31 1.31 1.31 0.   0.   0.   0.   0.   0.   0.   0.   0.   0.
 0.   0.   0.   0.   0.22 0.22 0.22 0.22 0.22 0.22 0.   0.   0.   0.
 0.   0.   0.   0.   0.   0.   0.   0.   0.   0.   0.   0.   0.   0.
 0.   0.   0.   0.   0.   0.   0.   0.   0.   0.   0.   0.   0.   0.
 0.   0.   0.   0.   0.   0.   0.   0.   0.   0.   0.   0.   0.   0.
 0.   0.   0.   0.   0.   0.   0.   0.   0.   0.   0.   0.  ]"
4066,27.5,30,20.45,198.0,2023-01-27 09:42:24,552.2,327.3,5.0,"[1.25 1.25 1.25 1.17 1.17 1.17 1.17 1.17 1.17 1.17 1.17 1.17 1.17 1.17
 1.17 1.17 1.17 0.   0.   0.   0.   0.   0.   0.   0.   0.   0.   0.
 0.   0.   0.   0.   0.   0.   0.   0.   0.   0.   0.   0.   0.   0.
 0.   0.   0.   0.   0.   0.   0.   0.   0.   0.   0.   0.   0.   0.
 0.   0.   0.   0.   0.   0.   0.   0.   0.   0.   0.   0.   0.   0.
 0.   0.   0.   0.   0.   0.   0.   0.   0.   0.   0.   0.   0.   0.
 0.   0.   0.   0.   0.   0.   0.   0.   0.   0.   0.   0.  ]"
4067,27.5,30,102.76,198.0,2023-01-27 10:24:10,2671.7,1594.5,24.3,"[ 6.6   6.6   6.6   6.6   6.6   6.6   6.6   6.6   6.6   6.6   6.6   6.6
  6.6   6.6   0.54  0.54  0.54  0.54  0.54  0.68  0.68  0.68  0.    0.
  0.    0.   -0.   -0.   -0.   -0.   -0.   -0.   -0.   -0.   -0.   -0.
 -0.   -0.   -0.   -0.   -0.   -0.   -0.   -0.   -0.   -0.   -0.   -0.
 -0.   -0.   -0.   -0.   -0.   -0.   -0.   -0.   -0.   -0.   -0.   -0.
 -0.   -0.   -0.   -0.   -0.   -0.   -0.   -0.   -0.   -0.   -0.   -0.
 -0.   -0.   -0.   -0.   -0.   -0.   -0.   -0.   -0.   -0.   -0.   -0.
 -0.   -0.   -0.   -0.   -0.   -0.   -0.   -0.   -0.   -0.   -0.   -0.  ]"
4069,27.5,30,86.54,198.0,2023-01-27 17:18:39,1384.7,1727.9,12.6,"[2.74 2.74 2.74 2.74 2.74 2.74 2.59 2.59 2.59 2.59 2.59 2.59 2.59 2.59
 6.6  6.6  0.   0.   0.   0.   0.   0.   0.   0.   0.   0.   0.   0.
 0.   0.   0.   0.   0.   0.   0.   0.   0.   0.   0.   0.   0.   0.
 0.   0.   0.   0.   0.   0.   0.   0.   0.   0.   0.   0.   0.   0.
 0.   0.   0.   0.   0.   0.   0.   0.   0.   0.   0.   0.   0.   0.
 0.   0.   0.   0.   0.   0.   0.   0.   0.   0.   0.   0.   0.   0.
 0.   0.   0.   0.   0.   0.   0.   0.   0.   0.   0.   0.  ]"
4070,27.5,30,95.48,198.0,2023-01-27 18:47:32,1145.8,1100.1,10.4,"[1.91 1.91 1.91 1.91 1.91 1.91 1.91 1.91 6.6  6.6  6.6  6.6  0.   0.
 0.   0.   0.   0.   0.   0.   0.   0.   0.   0.   0.   0.   0.   0.
 0.   0.   0.   0.   0.   0.   0.   0.   0.   0.   0.   0.   0.   0.
 0.   0.   0.   0.   0.   0.   0.   0.   0.   0.   0.   0.   0.   0.
 0.   0.   0.   0.   0.   0.   0.   0.   0.   0.   0.   0.   0.   0.
 0.   0.   0.   0.   0.   0.   0.   0.   0.   0.   0.   0.   0.   0.
 0.   0.   0.   0.   0.   0.   0.   0.   0.   0.   0.   0.  ]"
4071,27.5,30,74.17,198.0,2023-01-27 21:55:49,296.7,200.7,2.7,"[2.7 2.7 2.7 2.7 0.  0.  0.  0.  0.  0.  0.  0.  0.  0.  0.  0.  0.  0.
 0.  0.  0.  0.  0.  0.  0.  0.  0.  0.  0.  0.  0.  0.  0.  0.  0.  0.
 0.  0.  0.  0.  0.  0.  0.  0.  0.  0.  0.  0.  0.  0.  0.  0.  0.  0.
 0.  0.  0.  0.  0.  0.  0.  0.  0.  0.  0.  0.  0.  0.  0.  0.  0.  0.
 0.  0.  0.  0.  0.  0.  0.  0.  0.  0.  0.  0.  0.  0.  0.  0.  0.  0.
 0.  0.  0.  0.  0.  0. ]"
4072,27.5,30,111.69,198.0,2023-01-27 21:57:17,1452.0,982.1,13.2,"[ 2.    2.    2.    2.    4.98  4.98  4.98  4.98  4.98  4.98  4.98  4.98
  4.98 -0.   -0.   -0.   -0.   -0.   -0.   -0.   -0.   -0.   -0.   -0.
 -0.   -0.   -0.   -0.   -0.   -0.   -0.   -0.   -0.   -0.   -0.   -0.
 -0.   -0.   -0.   -0.   -0.   -0.   -0.   -0.   -0.   -0.   -0.   -0.
 -0.   -0.   -0.   -0.   -0.   -0.   -0.   -0.   -0.   -0.   -0.   -0.
 -0.   -0.   -0.   -0.   -0.   -0.   -0.   -0.   -0.   -0.   -0.   -0.
 -0.   -0.   -0.   -0.   -0.   -0.   -0.   -0.   -0.   -0.   -0.   -0.
 -0.   -0.   -0.   -0.   -0.   -0.   -0.   -0.   -0.   -0.   -0.   -0.  ]"
4073,27.5,30,87.13,198.0,2023-01-28 13:52:08,958.4,648.2,8.7,"[ 4.98  4.98  4.98  4.98  3.73  3.73  3.73  3.73 -0.   -0.   -0.    0.
  0.    0.    0.    0.    0.    0.    0.    0.    0.    0.    0.    0.
  0.    0.    0.    0.    0.    0.    0.    0.    0.    0.    0.    0.
  0.    0.    0.    0.    0.    0.    0.    0.    0.    0.    0.    0.
  0.    0.    0.    0.    0.    0.    0.    0.    0.    0.    0.    0.
  0.    0.    0.    0.    0.    0.    0.    0.    0.    0.    0.    0.
  0.    0.    0.    0.    0.    0.    0.    0.    0.    0.    0.    0.
  0.    0.    0.    0.    0.    0.    0.    0.    0.    0.    0.    0.  ]"
4074,27.5,30,93.2,198.0,2023-01-28 14:46:57,1025.1,925.1,9.3,"[6.6  6.6  6.6  6.6  1.94 1.94 1.94 1.27 1.27 1.27 1.27 0.   0.   0.
 0.   0.   0.   0.   0.   0.   0.   0.   0.   0.   0.   0.   0.   0.
 0.   0.   0.   0.   0.   0.   0.   0.   0.   0.   0.   0.   0.   0.
 0.   0.   0.   0.   0.   0.   0.   0.   0.   0.   0.   0.   0.   0.
 0.   0.   0.   0.   0.   0.   0.   0.   0.   0.   0.   0.   0.   0.
 0.   0.   0.   0.   0.   0.   0.   0.   0.   0.   0.   0.   0.   0.
 0.   0.   0.   0.   0.   0.   0.   0.   0.   0.   0.   0.  ]"
4077,27.5,30,99.12,198.0,2023-01-29 11:41:45,1883.2,1137.1,17.1,"[ 6.6   6.6   6.6   6.6   6.6   6.6   6.6   6.6   6.6   1.13  1.13  1.13
  1.13  1.13  1.13  1.13  1.13 -0.   -0.   -0.   -0.   -0.   -0.   -0.
 -0.   -0.   -0.   -0.   -0.   -0.   -0.   -0.   -0.   -0.   -0.   -0.
 -0.   -0.   -0.   -0.   -0.   -0.   -0.   -0.   -0.   -0.   -0.   -0.
 -0.   -0.   -0.   -0.   -0.   -0.   -0.   -0.   -0.   -0.   -0.   -0.
 -0.   -0.   -0.   -0.   -0.   -0.   -0.   -0.   -0.   -0.   -0.   -0.
 -0.   -0.   -0.   -0.   -0.   -0.   -0.   -0.   -0.   -0.   -0.   -0.
 -0.   -0.   -0.   -0.   -0.   -0.   -0.   -0.   -0.   -0.   -0.   -0.  ]"
4078,27.5,30,80.04,198.0,2023-01-30 07:27:38,3842.1,2434.9,34.9,"[0.55 0.55 0.55 0.55 0.55 0.55 6.46 6.46 6.46 4.28 4.28 4.28 4.28 4.28
 4.28 4.28 4.28 4.28 4.28 4.28 6.23 6.23 6.23 6.23 6.23 6.23 3.53 3.64
 3.64 3.64 3.64 3.64 3.64 3.64 0.   0.   0.   0.   0.   0.   0.44 0.44
 0.44 0.44 0.44 0.44 0.44 0.44 0.   0.   0.   0.   0.   0.   0.   0.
 0.   0.   0.   0.   0.   0.   0.   0.   0.   0.   0.   0.   0.   0.
 0.   0.   0.   0.   0.   0.   0.   0.   0.   0.   0.   0.   0.   0.
 0.   0.   0.   0.   0.   0.   0.   0.   0.   0.   0.   0.  ]"
4079,27.5,30,83.44,198.0,2023-01-30 08:52:35,1251.6,741.8,11.4,"[3.02 3.02 3.02 3.04 3.04 3.04 3.04 3.04 3.04 3.04 3.04 3.04 3.04 3.04
 3.04 0.   0.   0.   0.   0.   0.   0.   0.   0.   0.   0.   0.   0.
 0.   0.   0.   0.   0.   0.   0.   0.   0.   0.   0.   0.   0.   0.
 0.   0.   0.   0.   0.   0.   0.   0.   0.   0.   0.   0.   0.   0.
 0.   0.   0.   0.   0.   0.   0.   0.   0.   0.   0.   0.   0.   0.
 0.   0.   0.   0.   0.   0.   0.   0.   0.   0.   0.   0.   0.   0.
 0.   0.   0.   0.   0.   0.   0.   0.   0.   0.   0.   0.  ]"
4080,27.5,30,181.5,198.0,2023-01-30 08:52:40,2722.5,1613.7,24.7,"[ 6.6  6.6  6.6  6.6  6.6  6.6  6.6  6.6  6.6  6.6  6.6  6.6  6.6  6.6
  6.6 -0.  -0.  -0.  -0.  -0.  -0.  -0.  -0.  -0.  -0.  -0.  -0.  -0.
 -0.  -0.  -0.  -0.  -0.  -0.  -0.  -0.  -0.  -0.  -0.  -0.  -0.  -0.
 -0.  -0.  -0.  -0.  -0.  -0.  -0.  -0.  -0.  -0.  -0.  -0.  -0.  -0.
 -0.  -0.  -0.  -0.  -0.  -0.  -0.  -0.  -0.  -0.  -0.  -0.  -0.  -0.
 -0.  -0.  -0.  -0.  -0.  -0.  -0.  -0.  -0.  -0.  -0.  -0.  -0.  -0.
 -0.  -0.  -0.  -0.  -0.  -0.  -0.  -0.  -0.  -0.  -0.  -0. ]"
4081,27.5,30,67.64,198.0,2023-01-30 09:36:38,2232.2,1392.0,20.3,"[ 1.31  1.31  1.31  1.31  1.31  1.31  1.31  1.31  1.31  1.31  1.31  6.13
  6.13  6.13  6.13  6.13  6.13  4.09  3.69  3.69  3.69  3.69  3.69  3.69
  3.69 -0.   -0.   -0.   -0.   -0.   -0.   -0.   -0.   -0.   -0.   -0.
 -0.   -0.   -0.   -0.   -0.   -0.   -0.   -0.   -0.   -0.   -0.   -0.
 -0.   -0.   -0.   -0.   -0.   -0.   -0.   -0.   -0.   -0.   -0.   -0.
 -0.   -0.   -0.   -0.   -0.   -0.   -0.   -0.   -0.   -0.   -0.   -0.
 -0.   -0.   -0.   -0.   -0.   -0.   -0.   -0.   -0.   -0.   -0.   -0.
 -0.   -0.   -0.   -0.   -0.   -0.   -0.   -0.   -0.   -0.   -0.   -0.  ]"
4082,27.5,30,22.04,198.0,2023-01-30 09:43:38,661.2,402.1,6.0,"[ 0.85  0.85  0.85  0.85  0.85  0.85  0.85  0.85  0.85  0.85  0.85  1.71
  1.71  1.71  1.71  1.71  1.71  0.52  0.56  0.56  0.56  0.56  0.56  0.56
  0.56 -0.   -0.   -0.   -0.   -0.   -0.   -0.   -0.   -0.   -0.   -0.
 -0.   -0.   -0.    0.    0.    0.    0.    0.    0.    0.    0.    0.
  0.    0.    0.    0.    0.    0.    0.    0.    0.    0.    0.    0.
  0.    0.    0.    0.    0.    0.    0.    0.    0.    0.    0.    0.
  0.    0.    0.    0.    0.    0.    0.    0.    0.    0.    0.    0.
  0.    0.    0.    0.    0.    0.    0.    0.    0.    0.    0.    0.  ]"
4083,27.5,30,87.23,198.0,2023-01-30 12:29:05,1657.4,1037.8,15.1,"[ 6.03  6.03  6.03  6.03  6.03  6.03  3.44  2.95  2.95  2.95  2.95  2.95
  2.95  2.95 -0.   -0.   -0.   -0.   -0.   -0.   -0.   -0.   -0.   -0.
 -0.   -0.   -0.   -0.   -0.   -0.   -0.   -0.   -0.   -0.   -0.   -0.
 -0.   -0.   -0.   -0.   -0.   -0.   -0.   -0.   -0.   -0.   -0.   -0.
 -0.   -0.   -0.   -0.   -0.   -0.   -0.   -0.   -0.   -0.   -0.   -0.
 -0.   -0.   -0.   -0.   -0.   -0.   -0.   -0.   -0.   -0.   -0.   -0.
 -0.   -0.   -0.   -0.   -0.   -0.   -0.   -0.   -0.   -0.   -0.   -0.
 -0.   -0.   -0.   -0.   -0.   -0.   -0.   -0.   -0.   -0.   -0.   -0.  ]"
4084,27.5,30,86.56,198.0,2023-01-30 14:13:50,1125.3,761.1,10.2,"[ 5.85  5.85  5.85  5.85  5.85  5.85  5.85 -0.   -0.   -0.   -0.   -0.
 -0.    0.    0.    0.    0.    0.    0.    0.    0.    0.    0.    0.
  0.    0.    0.    0.    0.    0.    0.    0.    0.    0.    0.    0.
  0.    0.    0.    0.    0.    0.    0.    0.    0.    0.    0.    0.
  0.    0.    0.    0.    0.    0.    0.    0.    0.    0.    0.    0.
  0.    0.    0.    0.    0.    0.    0.    0.    0.    0.    0.    0.
  0.    0.    0.    0.    0.    0.    0.    0.    0.    0.    0.    0.
  0.    0.    0.    0.    0.    0.    0.    0.    0.    0.    0.    0.  ]"
4085,27.5,30,0.03,198.0,2023-01-30 17:21:01,0.1,0.2,0.0,"[0. 0. 0. 0. 0. 0. 0. 0. 0. 0. 0. 0. 0. 0. 0. 0. 0. 0. 0. 0. 0. 0. 0. 0.
 0. 0. 0. 0. 0. 0. 0. 0. 0. 0. 0. 0. 0. 0. 0. 0. 0. 0. 0. 0. 0. 0. 0. 0.
 0. 0. 0. 0. 0. 0. 0. 0. 0. 0. 0. 0. 0. 0. 0. 0. 0. 0. 0. 0. 0. 0. 0. 0.
 0. 0. 0. 0. 0. 0. 0. 0. 0. 0. 0. 0. 0. 0. 0. 0. 0. 0. 0. 0. 0. 0. 0. 0.]"
4086,27.5,30,86.42,198.0,2023-01-30 21:55:35,345.7,233.8,3.1,"[3.14 3.14 3.14 3.14 0.   0.   0.   0.   0.   0.   0.   0.   0.   0.
 0.   0.   0.   0.   0.   0.   0.   0.   0.   0.   0.   0.   0.   0.
 0.   0.   0.   0.   0.   0.   0.   0.   0.   0.   0.   0.   0.   0.
 0.   0.   0.   0.   0.   0.   0.   0.   0.   0.   0.   0.   0.   0.
 0.   0.   0.   0.   0.   0.   0.   0.   0.   0.   0.   0.   0.   0.
 0.   0.   0.   0.   0.   0.   0.   0.   0.   0.   0.   0.   0.   0.
 0.   0.   0.   0.   0.   0.   0.   0.   0.   0.   0.   0.  ]"
4087,27.5,30,164.6,198.0,2023-01-31 07:38:43,7571.5,6042.8,68.8,"[ 6.6   6.6   6.6   6.6   6.6   6.6   6.6   6.6   6.6   6.6   6.6   6.6
  6.6   6.6   6.6   6.6   6.6   6.6   6.6   6.6   6.6   6.6   6.6   6.6
  6.6   6.6   6.6   6.6   6.6   6.6   6.6   6.6   6.6   3.98  3.98  3.98
  3.48  3.48  3.48  4.16  4.16  4.16  4.74  4.74  6.6   6.6  -0.   -0.
 -0.   -0.   -0.   -0.   -0.   -0.   -0.   -0.   -0.   -0.   -0.   -0.
 -0.   -0.   -0.   -0.   -0.   -0.   -0.   -0.   -0.   -0.   -0.   -0.
 -0.   -0.   -0.   -0.   -0.   -0.   -0.   -0.   -0.   -0.   -0.   -0.
 -0.   -0.   -0.   -0.   -0.   -0.   -0.   -0.   -0.   -0.   -0.   -0.  ]"
4088,27.5,30,85.81,198.0,2023-01-31 07:41:52,1630.3,966.3,14.8,"[0.   0.   0.   0.   0.   4.24 4.24 4.24 4.23 4.23 4.23 4.23 4.23 4.23
 4.23 4.23 4.23 4.23 4.23 0.   0.   0.   0.   0.   0.   0.   0.   0.
 0.   0.   0.   0.   0.   0.   0.   0.   0.   0.   0.   0.   0.   0.
 0.   0.   0.   0.   0.   0.   0.   0.   0.   0.   0.   0.   0.   0.
 0.   0.   0.   0.   0.   0.   0.   0.   0.   0.   0.   0.   0.   0.
 0.   0.   0.   0.   0.   0.   0.   0.   0.   0.   0.   0.   0.   0.
 0.   0.   0.   0.   0.   0.   0.   0.   0.   0.   0.   0.  ]"
4089,27.5,30,91.25,198.0,2023-01-31 08:21:50,1460.0,865.4,13.3,"[0.   0.   3.79 3.79 3.79 3.79 3.79 3.79 3.79 3.79 3.79 3.79 3.79 3.79
 3.79 3.79 0.   0.   0.   0.   0.   0.   0.   0.   0.   0.   0.   0.
 0.   0.   0.   0.   0.   0.   0.   0.   0.   0.   0.   0.   0.   0.
 0.   0.   0.   0.   0.   0.   0.   0.   0.   0.   0.   0.   0.   0.
 0.   0.   0.   0.   0.   0.   0.   0.   0.   0.   0.   0.   0.   0.
 0.   0.   0.   0.   0.   0.   0.   0.   0.   0.   0.   0.   0.   0.
 0.   0.   0.   0.   0.   0.   0.   0.   0.   0.   0.   0.  ]"
4090,27.5,30,89.97,198.0,2023-01-31 08:32:55,2969.1,1905.0,27.0,"[0.   1.11 1.11 1.11 1.01 1.01 1.01 1.01 1.01 1.01 1.09 1.09 1.09 1.09
 1.09 6.56 6.56 6.56 6.56 6.56 6.56 6.6  6.6  6.6  6.6  6.6  6.6  6.55
 6.55 0.25 0.25 0.25 0.25 0.   0.   0.   0.   0.   0.   0.   0.   0.
 0.   0.   0.   0.   0.   0.   0.   0.   0.   0.   0.   0.   0.   0.
 0.   0.   0.   0.   0.   0.   0.   0.   0.   0.   0.   0.   0.   0.
 0.   0.   0.   0.   0.   0.   0.   0.   0.   0.   0.   0.   0.   0.
 0.   0.   0.   0.   0.   0.   0.   0.   0.   0.   0.   0.  ]"
4091,27.5,30,65.8,198.0,2023-01-31 08:52:52,2368.6,1520.0,21.5,"[ 1.66  1.66  1.66  1.63  1.63  1.63  1.63  1.63  1.63  2.4   2.4   2.4
  2.4   2.4   3.63  3.63  3.63  3.63  3.63  3.63  4.49  4.49  4.49  4.49
  4.49  4.49  4.64  4.64  0.14  0.14  0.14  0.2   0.2   0.2   0.19  0.19
 -0.   -0.   -0.   -0.   -0.   -0.   -0.   -0.   -0.   -0.   -0.   -0.
 -0.   -0.   -0.   -0.   -0.   -0.   -0.   -0.   -0.   -0.   -0.   -0.
 -0.   -0.   -0.   -0.   -0.   -0.   -0.   -0.   -0.   -0.   -0.   -0.
 -0.   -0.   -0.   -0.   -0.   -0.   -0.   -0.   -0.   -0.   -0.   -0.
 -0.   -0.   -0.   -0.   -0.   -0.   -0.   -0.   -0.   -0.   -0.   -0.  ]"
4092,20.0,30,11.41,198.0,2023-01-31 08:56:17,296.7,245.3,3.7,"[ 0.78  0.78  0.78  0.7   0.7   0.7   0.7   0.7   0.7   0.61  0.61  0.61
  0.61  0.61  0.63  0.63  0.63  0.63  0.63  0.63  0.25  0.25  0.25  0.25
  0.25  0.25 -0.   -0.    0.    0.    0.    0.    0.    0.    0.    0.
  0.    0.    0.    0.    0.    0.    0.    0.    0.    0.    0.    0.
  0.    0.    0.    0.    0.    0.    0.    0.    0.    0.    0.    0.
  0.    0.    0.    0.    0.    0.    0.    0.    0.    0.    0.    0.
  0.    0.    0.    0.    0.    0.    0.    0.    0.    0.    0.    0.
  0.    0.    0.    0.    0.    0.    0.    0.    0.    0.    0.    0.  ]"
4093,27.5,30,84.0,198.0,2023-01-31 09:42:06,2184.1,1368.4,19.9,"[3.31 3.31 3.31 3.31 3.31 3.31 0.09 0.09 0.09 0.09 0.09 4.5  4.5  4.5
 4.5  4.5  4.5  3.98 3.98 3.98 3.98 3.98 3.98 4.13 4.13 0.   0.   0.
 0.   0.   0.   0.   0.   0.   0.   0.   0.   0.   0.   0.   0.   0.
 0.   0.   0.   0.   0.   0.   0.   0.   0.   0.   0.   0.   0.   0.
 0.   0.   0.   0.   0.   0.   0.   0.   0.   0.   0.   0.   0.   0.
 0.   0.   0.   0.   0.   0.   0.   0.   0.   0.   0.   0.   0.   0.
 0.   0.   0.   0.   0.   0.   0.   0.   0.   0.   0.   0.  ]"
4094,10.0,30,32.52,198.0,2023-01-31 11:01:57,162.6,265.0,4.1,"[3.25 3.25 3.25 3.25 3.25 0.   0.   0.   0.   0.   0.   0.   0.   0.
 0.   0.   0.   0.   0.   0.   0.   0.   0.   0.   0.   0.   0.   0.
 0.   0.   0.   0.   0.   0.   0.   0.   0.   0.   0.   0.   0.   0.
 0.   0.   0.   0.   0.   0.   0.   0.   0.   0.   0.   0.   0.   0.
 0.   0.   0.   0.   0.   0.   0.   0.   0.   0.   0.   0.   0.   0.
 0.   0.   0.   0.   0.   0.   0.   0.   0.   0.   0.   0.   0.   0.
 0.   0.   0.   0.   0.   0.   0.   0.   0.   0.   0.   0.  ]"
4095,27.5,30,75.4,198.0,2023-01-31 15:52:44,452.4,656.4,4.1,"[3.11 3.11 3.11 2.38 2.38 2.38 0.   0.   0.   0.   0.   0.   0.   0.
 0.   0.   0.   0.   0.   0.   0.   0.   0.   0.   0.   0.   0.   0.
 0.   0.   0.   0.   0.   0.   0.   0.   0.   0.   0.   0.   0.   0.
 0.   0.   0.   0.   0.   0.   0.   0.   0.   0.   0.   0.   0.   0.
 0.   0.   0.   0.   0.   0.   0.   0.   0.   0.   0.   0.   0.   0.
 0.   0.   0.   0.   0.   0.   0.   0.   0.   0.   0.   0.   0.   0.
 0.   0.   0.   0.   0.   0.   0.   0.   0.   0.   0.   0.  ]"
4096,27.5,30,80.39,198.0,2023-01-31 16:33:45,643.1,933.2,5.8,"[2.13 2.13 2.13 3.17 3.17 3.17 3.75 3.75 0.   0.   0.   0.   0.   0.
 0.   0.   0.   0.   0.   0.   0.   0.   0.   0.   0.   0.   0.   0.
 0.   0.   0.   0.   0.   0.   0.   0.   0.   0.   0.   0.   0.   0.
 0.   0.   0.   0.   0.   0.   0.   0.   0.   0.   0.   0.   0.   0.
 0.   0.   0.   0.   0.   0.   0.   0.   0.   0.   0.   0.   0.   0.
 0.   0.   0.   0.   0.   0.   0.   0.   0.   0.   0.   0.   0.   0.
 0.   0.   0.   0.   0.   0.   0.   0.   0.   0.   0.   0.  ]"
4097,27.5,30,39.86,198.0,2023-01-31 16:39:10,239.2,347.0,2.2,"[1.73 1.73 1.73 1.17 1.17 1.17 0.   0.   0.   0.   0.   0.   0.   0.
 0.   0.   0.   0.   0.   0.   0.   0.   0.   0.   0.   0.   0.   0.
 0.   0.   0.   0.   0.   0.   0.   0.   0.   0.   0.   0.   0.   0.
 0.   0.   0.   0.   0.   0.   0.   0.   0.   0.   0.   0.   0.   0.
 0.   0.   0.   0.   0.   0.   0.   0.   0.   0.   0.   0.   0.   0.
 0.   0.   0.   0.   0.   0.   0.   0.   0.   0.   0.   0.   0.   0.
 0.   0.   0.   0.   0.   0.   0.   0.   0.   0.   0.   0.  ]"
4098,27.5,30,90.59,198.0,2023-01-31 17:16:40,724.7,1051.5,6.6,"[1.94 1.94 1.94 1.93 1.93 6.26 6.26 4.15 0.   0.   0.   0.   0.   0.
 0.   0.   0.   0.   0.   0.   0.   0.   0.   0.   0.   0.   0.   0.
 0.   0.   0.   0.   0.   0.   0.   0.   0.   0.   0.   0.   0.   0.
 0.   0.   0.   0.   0.   0.   0.   0.   0.   0.   0.   0.   0.   0.
 0.   0.   0.   0.   0.   0.   0.   0.   0.   0.   0.   0.   0.   0.
 0.   0.   0.   0.   0.   0.   0.   0.   0.   0.   0.   0.   0.   0.
 0.   0.   0.   0.   0.   0.   0.   0.   0.   0.   0.   0.  ]"
4099,27.5,30,94.34,198.0,2023-01-31 22:17:00,283.0,191.4,2.6,"[3.43 3.43 3.43 0.   0.   0.   0.   0.   0.   0.   0.   0.   0.   0.
 0.   0.   0.   0.   0.   0.   0.   0.   0.   0.   0.   0.   0.   0.
 0.   0.   0.   0.   0.   0.   0.   0.   0.   0.   0.   0.   0.   0.
 0.   0.   0.   0.   0.   0.   0.   0.   0.   0.   0.   0.   0.   0.
 0.   0.   0.   0.   0.   0.   0.   0.   0.   0.   0.   0.   0.   0.
 0.   0.   0.   0.   0.   0.   0.   0.   0.   0.   0.   0.   0.   0.
 0.   0.   0.   0.   0.   0.   0.   0.   0.   0.   0.   0.  ]"
