date,kW,hour,cumhour
2023-08-28,-3.375077994860476e-14,0.0,0.0
2023-08-28,-3.375077994860476e-14,0.25,0.25
2023-08-28,-3.375077994860476e-14,0.5,0.75
2023-08-28,-3.375077994860476e-14,0.75,1.5
2023-08-28,-3.375077994860476e-14,1.0,2.5
2023-08-28,-3.375077994860476e-14,1.25,3.75
2023-08-28,-3.375077994860476e-14,1.5,5.25
2023-08-28,-3.375077994860476e-14,1.75,7.0
2023-08-28,-3.375077994860476e-14,2.0,9.0
2023-08-28,-3.375077994860476e-14,2.25,11.25
2023-08-28,-3.375077994860476e-14,2.5,13.75
2023-08-28,-3.375077994860476e-14,2.75,16.5
2023-08-28,-3.375077994860476e-14,3.0,19.5
2023-08-28,-3.375077994860476e-14,3.25,22.75
2023-08-28,-3.375077994860476e-14,3.5,26.25
2023-08-28,-3.375077994860476e-14,3.75,30.0
2023-08-28,-3.375077994860476e-14,4.0,34.0
2023-08-28,-3.375077994860476e-14,4.25,38.25
2023-08-28,-3.375077994860476e-14,4.5,42.75
2023-08-28,-3.375077994860476e-14,4.75,47.5
2023-08-28,-3.375077994860476e-14,5.0,52.5
2023-08-28,-3.375077994860476e-14,5.25,57.75
2023-08-28,-3.375077994860476e-14,5.5,63.25
2023-08-28,-3.375077994860476e-14,5.75,69.0
2023-08-28,-3.375077994860476e-14,6.0,75.0
2023-08-28,-3.375077994860476e-14,6.25,81.25
2023-08-28,-3.375077994860476e-14,6.5,87.75
2023-08-28,-3.375077994860476e-14,6.75,94.5
2023-08-28,-3.375077994860476e-14,7.0,101.5
2023-08-28,5.901489800382539,7.25,108.75
2023-08-28,11.489519217762064,7.5,116.25
2023-08-28,16.379084318173792,7.75,124.0
2023-08-28,16.379084318173792,8.0,132.0
2023-08-28,16.379084318173792,8.25,140.25
2023-08-28,16.379084318173792,8.5,148.75
2023-08-28,16.379084318173792,8.75,157.5
2023-08-28,22.684585618970083,9.0,166.5
2023-08-28,24.08796838487868,9.25,175.75
2023-08-28,26.146707162217766,9.5,185.25
2023-08-28,30.938881627872455,9.75,195.0
2023-08-28,30.938881627872455,10.0,205.0
2023-08-28,30.938881627872455,10.25,215.25
2023-08-28,30.938881627872455,10.5,225.75
2023-08-28,30.938881627872455,10.75,236.5
2023-08-28,30.938881627872455,11.0,247.5
2023-08-28,30.938881627872455,11.25,258.75
2023-08-28,30.938881627872455,11.5,270.25
2023-08-28,30.938881627872455,11.75,282.0
2023-08-28,30.938881627872455,12.0,294.0
2023-08-28,30.938881627872455,12.25,306.25
2023-08-28,30.938881627872455,12.5,318.75
2023-08-28,30.938881627872455,12.75,331.5
2023-08-28,30.938881627872455,13.0,344.5
2023-08-28,26.04931652746073,13.25,357.75
2023-08-28,26.04931652746073,13.5,371.25
2023-08-28,26.04931652746073,13.75,385.0
2023-08-28,26.04931652746073,14.0,399.0
2023-08-28,26.04931652746073,14.25,413.25
2023-08-28,26.04931652746073,14.5,427.75
2023-08-28,26.04931652746073,14.75,442.5
2023-08-28,26.04931652746073,15.0,457.5
2023-08-28,19.743815226664438,15.25,472.75
2023-08-28,19.743815226664438,15.5,488.25
2023-08-28,13.842325426281866,15.75,504.0
2023-08-28,9.050150960627178,16.0,520.0
2023-08-28,9.050150960627178,16.25,536.25
2023-08-28,9.050150960627178,16.5,552.75
2023-08-28,9.050150960627178,16.75,569.5
2023-08-28,9.050150960627178,17.0,586.5
2023-08-28,1.4033827659085638,17.25,603.75
2023-08-28,1.4033827659085638,17.5,621.25
2023-08-28,-3.197442310920451e-14,17.75,639.0
2023-08-28,-3.197442310920451e-14,18.0,657.0
2023-08-28,-3.197442310920451e-14,18.25,675.25
2023-08-28,-3.197442310920451e-14,18.5,693.75
2023-08-28,6.229656217951544,18.75,712.5
2023-08-28,6.229656217951544,19.0,731.5
2023-08-28,6.229656217951544,19.25,750.75
2023-08-28,6.229656217951544,19.5,770.25
2023-08-28,6.229656217951544,19.75,790.0
2023-08-28,6.229656217951544,20.0,810.0
2023-08-28,6.229656217951544,20.25,830.25
2023-08-28,5.998621329994482,20.5,850.75
2023-08-28,5.998621329994482,20.75,871.5
2023-08-28,5.998621329994482,21.0,892.5
2023-08-28,-3.197442310920451e-14,21.25,913.75
2023-08-28,-3.197442310920451e-14,21.5,935.25
2023-08-28,-3.197442310920451e-14,21.75,957.0
2023-08-28,-3.197442310920451e-14,22.0,979.0
2023-08-28,-3.197442310920451e-14,22.25,1001.25
2023-08-28,-3.197442310920451e-14,22.5,1023.75
2023-08-28,-3.197442310920451e-14,22.75,1046.5
2023-08-28,-3.197442310920451e-14,23.0,1069.5
2023-08-28,-3.197442310920451e-14,23.25,1092.75
2023-08-28,-3.197442310920451e-14,23.5,1116.25
2023-08-28,-3.197442310920451e-14,23.75,1140.0
2023-08-29,-3.197442310920451e-14,0.0,1140.0
2023-08-29,-3.197442310920451e-14,0.25,1140.25
2023-08-29,-3.197442310920451e-14,0.5,1140.75
2023-08-29,-3.197442310920451e-14,0.75,1141.5
2023-08-29,-3.197442310920451e-14,1.0,1142.5
2023-08-29,-3.197442310920451e-14,1.25,1143.75
2023-08-29,-3.197442310920451e-14,1.5,1145.25
2023-08-29,-3.197442310920451e-14,1.75,1147.0
2023-08-29,-3.197442310920451e-14,2.0,1149.0
2023-08-29,-3.197442310920451e-14,2.25,1151.25
2023-08-29,-3.197442310920451e-14,2.5,1153.75
2023-08-29,-3.197442310920451e-14,2.75,1156.5
2023-08-29,-3.197442310920451e-14,3.0,1159.5
2023-08-29,-3.197442310920451e-14,3.25,1162.75
2023-08-29,-3.197442310920451e-14,3.5,1166.25
2023-08-29,-3.197442310920451e-14,3.75,1170.0
2023-08-29,-3.197442310920451e-14,4.0,1174.0
2023-08-29,-3.197442310920451e-14,4.25,1178.25
2023-08-29,-3.197442310920451e-14,4.5,1182.75
2023-08-29,-3.197442310920451e-14,4.75,1187.5
2023-08-29,-3.197442310920451e-14,5.0,1192.5
2023-08-29,-3.197442310920451e-14,5.25,1197.75
2023-08-29,-3.197442310920451e-14,5.5,1203.25
2023-08-29,-3.197442310920451e-14,5.75,1209.0
2023-08-29,-3.197442310920451e-14,6.0,1215.0
2023-08-29,-3.197442310920451e-14,6.25,1221.25
2023-08-29,-3.197442310920451e-14,6.5,1227.75
2023-08-29,6.451826992635364,6.75,1234.5
2023-08-29,6.451826992635364,7.0,1241.5
2023-08-29,6.451826992635364,7.25,1248.75
2023-08-29,6.451826992635364,7.5,1256.25
2023-08-29,6.451826992635364,7.75,1264.0
2023-08-29,6.451826992635364,8.0,1272.0
2023-08-29,6.451826992635364,8.25,1280.25
2023-08-29,6.451826992635364,8.5,1288.75
2023-08-29,6.451826992635364,8.75,1297.5
2023-08-29,6.451826992635364,9.0,1306.5
2023-08-29,12.320083791565368,9.25,1315.75
2023-08-29,15.54656079464186,9.5,1325.25
2023-08-29,15.54656079464186,9.75,1335.0
2023-08-29,15.54656079464186,10.0,1345.0
2023-08-29,9.678303995711854,10.25,1355.25
2023-08-29,9.678303995711854,10.5,1365.75
2023-08-29,9.678303995711854,10.75,1376.5
2023-08-29,9.678303995711854,11.0,1387.5
2023-08-29,3.2264770030764582,11.25,1398.75
2023-08-29,3.2264770030764582,11.5,1410.25
2023-08-29,3.2264770030764582,11.75,1422.0
2023-08-29,3.2264770030764582,12.0,1434.0
2023-08-29,3.2264770030764582,12.25,1446.25
2023-08-29,3.2264770030764582,12.5,1458.75
2023-08-29,-3.197442310920451e-14,12.75,1471.5
2023-08-29,-3.197442310920451e-14,13.0,1484.5
2023-08-29,-3.197442310920451e-14,13.25,1497.75
2023-08-29,6.3958212585091685,13.5,1511.25
2023-08-29,6.3958212585091685,13.75,1525.0
2023-08-29,6.3958212585091685,14.0,1539.0
2023-08-29,6.3958212585091685,14.25,1553.25
2023-08-29,6.3958212585091685,14.5,1567.75
2023-08-29,6.3958212585091685,14.75,1582.5
2023-08-29,6.3958212585091685,15.0,1597.5
2023-08-29,6.3958212585091685,15.25,1612.75
2023-08-29,6.3958212585091685,15.5,1628.25
2023-08-29,6.3958212585091685,15.75,1644.0
2023-08-29,6.3958212585091685,16.0,1660.0
2023-08-29,6.3958212585091685,16.25,1676.25
2023-08-29,6.3958212585091685,16.5,1692.75
2023-08-29,6.3958212585091685,16.75,1709.5
2023-08-29,6.3958212585091685,17.0,1726.5
2023-08-29,6.3958212585091685,17.25,1743.75
2023-08-29,6.3958212585091685,17.5,1761.25
2023-08-29,6.3958212585091685,17.75,1779.0
2023-08-29,6.3958212585091685,18.0,1797.0
2023-08-29,6.3958212585091685,18.25,1815.25
2023-08-29,6.3958212585091685,18.5,1833.75
2023-08-29,6.3958212585091685,18.75,1852.5
2023-08-29,6.3958212585091685,19.0,1871.5
2023-08-29,6.3958212585091685,19.25,1890.75
2023-08-29,6.3958212585091685,19.5,1910.25
2023-08-29,6.3958212585091685,19.75,1930.0
2023-08-29,6.3958212585091685,20.0,1950.0
2023-08-29,6.3958212585091685,20.25,1970.25
2023-08-29,-3.197442310920451e-14,20.5,1990.75
2023-08-29,-3.197442310920451e-14,20.75,2011.5
2023-08-29,-3.197442310920451e-14,21.0,2032.5
2023-08-29,-3.197442310920451e-14,21.25,2053.75
2023-08-29,-3.197442310920451e-14,21.5,2075.25
2023-08-29,-3.197442310920451e-14,21.75,2097.0
2023-08-29,-3.197442310920451e-14,22.0,2119.0
2023-08-29,-3.197442310920451e-14,22.25,2141.25
2023-08-29,-3.197442310920451e-14,22.5,2163.75
2023-08-29,-3.197442310920451e-14,22.75,2186.5
2023-08-29,-3.197442310920451e-14,23.0,2209.5
2023-08-29,-3.197442310920451e-14,23.25,2232.75
2023-08-29,-3.197442310920451e-14,23.5,2256.25
2023-08-29,-3.197442310920451e-14,23.75,2280.0
2023-08-30,-3.197442310920451e-14,0.0,2280.0
2023-08-30,-3.197442310920451e-14,0.25,2280.25
2023-08-30,-3.197442310920451e-14,0.5,2280.75
2023-08-30,-3.197442310920451e-14,0.75,2281.5
2023-08-30,-3.197442310920451e-14,1.0,2282.5
2023-08-30,-3.197442310920451e-14,1.25,2283.75
2023-08-30,-3.197442310920451e-14,1.5,2285.25
2023-08-30,-3.197442310920451e-14,1.75,2287.0
2023-08-30,-3.197442310920451e-14,2.0,2289.0
2023-08-30,-3.197442310920451e-14,2.25,2291.25
2023-08-30,-3.197442310920451e-14,2.5,2293.75
2023-08-30,-3.197442310920451e-14,2.75,2296.5
2023-08-30,-3.197442310920451e-14,3.0,2299.5
2023-08-30,-3.197442310920451e-14,3.25,2302.75
2023-08-30,-3.197442310920451e-14,3.5,2306.25
2023-08-30,-3.197442310920451e-14,3.75,2310.0
2023-08-30,-3.197442310920451e-14,4.0,2314.0
2023-08-30,-3.197442310920451e-14,4.25,2318.25
2023-08-30,-3.197442310920451e-14,4.5,2322.75
2023-08-30,-3.197442310920451e-14,4.75,2327.5
2023-08-30,-3.197442310920451e-14,5.0,2332.5
2023-08-30,-3.197442310920451e-14,5.25,2337.75
2023-08-30,-3.197442310920451e-14,5.5,2343.25
2023-08-30,-3.197442310920451e-14,5.75,2349.0
2023-08-30,-3.197442310920451e-14,6.0,2355.0
2023-08-30,-3.197442310920451e-14,6.25,2361.25
2023-08-30,-3.197442310920451e-14,6.5,2367.75
2023-08-30,-3.197442310920451e-14,6.75,2374.5
2023-08-30,-3.197442310920451e-14,7.0,2381.5
2023-08-30,-3.197442310920451e-14,7.25,2388.75
2023-08-30,-3.197442310920451e-14,7.5,2396.25
2023-08-30,-3.197442310920451e-14,7.75,2404.0
2023-08-30,-3.197442310920451e-14,8.0,2412.0
2023-08-30,2.69304885074594,8.25,2420.25
2023-08-30,2.69304885074594,8.5,2428.75
2023-08-30,8.976136489401513,8.75,2437.5
2023-08-30,8.976136489401513,9.0,2446.5
2023-08-30,8.976136489401513,9.25,2455.75
2023-08-30,10.735679721468282,9.5,2465.25
2023-08-30,10.735679721468282,9.75,2475.0
2023-08-30,10.735679721468282,10.0,2485.0
2023-08-30,10.735679721468282,10.25,2495.25
2023-08-30,10.735679721468282,10.5,2505.75
2023-08-30,10.735679721468282,10.75,2516.5
2023-08-30,10.735679721468282,11.0,2527.5
2023-08-30,16.810426117624182,11.25,2538.75
2023-08-30,16.810426117624182,11.5,2550.25
2023-08-30,16.810426117624182,11.75,2562.0
2023-08-30,16.810426117624182,12.0,2574.0
2023-08-30,16.810426117624182,12.25,2586.25
2023-08-30,16.810426117624182,12.5,2598.75
2023-08-30,16.810426117624182,12.75,2611.5
2023-08-30,16.810426117624182,13.0,2624.5
2023-08-30,16.810426117624182,13.25,2637.75
2023-08-30,16.810426117624182,13.5,2651.25
2023-08-30,16.810426117624182,13.75,2665.0
2023-08-30,16.810426117624182,14.0,2679.0
2023-08-30,16.810426117624182,14.25,2693.25
2023-08-30,16.810426117624182,14.5,2707.75
2023-08-30,16.810426117624182,14.75,2722.5
2023-08-30,16.810426117624182,15.0,2737.5
2023-08-30,16.810426117624182,15.25,2752.75
2023-08-30,16.810426117624182,15.5,2768.25
2023-08-30,14.11737726687821,15.75,2784.0
2023-08-30,6.283087638655542,16.0,2800.0
2023-08-30,6.283087638655542,16.25,2816.25
2023-08-30,6.283087638655542,16.5,2832.75
2023-08-30,6.283087638655542,16.75,2849.5
2023-08-30,6.283087638655542,17.0,2866.5
2023-08-30,6.283087638655542,17.25,2883.75
2023-08-30,10.981814584556899,17.5,2901.25
2023-08-30,4.698726945901326,17.75,2919.0
2023-08-30,4.698726945901326,18.0,2937.0
2023-08-30,4.698726945901326,18.25,2955.25
2023-08-30,4.698726945901326,18.5,2973.75
2023-08-30,4.698726945901326,18.75,2992.5
2023-08-30,4.698726945901326,19.0,3011.5
2023-08-30,4.698726945901326,19.25,3030.75
2023-08-30,-3.108624468950438e-14,19.5,3050.25
2023-08-30,-3.108624468950438e-14,19.75,3070.0
2023-08-30,-3.108624468950438e-14,20.0,3090.0
2023-08-30,-3.108624468950438e-14,20.25,3110.25
2023-08-30,-3.108624468950438e-14,20.5,3130.75
2023-08-30,-3.108624468950438e-14,20.75,3151.5
2023-08-30,-3.108624468950438e-14,21.0,3172.5
2023-08-30,-3.108624468950438e-14,21.25,3193.75
2023-08-30,-3.108624468950438e-14,21.5,3215.25
2023-08-30,-3.108624468950438e-14,21.75,3237.0
2023-08-30,-3.108624468950438e-14,22.0,3259.0
2023-08-30,-3.108624468950438e-14,22.25,3281.25
2023-08-30,-3.108624468950438e-14,22.5,3303.75
2023-08-30,-3.108624468950438e-14,22.75,3326.5
2023-08-30,-3.108624468950438e-14,23.0,3349.5
2023-08-30,-3.108624468950438e-14,23.25,3372.75
2023-08-30,-3.108624468950438e-14,23.5,3396.25
2023-08-30,-3.108624468950438e-14,23.75,3420.0
2023-08-31,-3.108624468950438e-14,0.0,3420.0
2023-08-31,-3.108624468950438e-14,0.25,3420.25
2023-08-31,-3.108624468950438e-14,0.5,3420.75
2023-08-31,-3.108624468950438e-14,0.75,3421.5
2023-08-31,-3.108624468950438e-14,1.0,3422.5
2023-08-31,-3.108624468950438e-14,1.25,3423.75
2023-08-31,-3.108624468950438e-14,1.5,3425.25
2023-08-31,-3.108624468950438e-14,1.75,3427.0
2023-08-31,-3.108624468950438e-14,2.0,3429.0
2023-08-31,-3.108624468950438e-14,2.25,3431.25
2023-08-31,-3.108624468950438e-14,2.5,3433.75
2023-08-31,-3.108624468950438e-14,2.75,3436.5
2023-08-31,-3.108624468950438e-14,3.0,3439.5
2023-08-31,-3.108624468950438e-14,3.25,3442.75
2023-08-31,-3.108624468950438e-14,3.5,3446.25
2023-08-31,-3.108624468950438e-14,3.75,3450.0
2023-08-31,-3.108624468950438e-14,4.0,3454.0
2023-08-31,-3.108624468950438e-14,4.25,3458.25
2023-08-31,-3.108624468950438e-14,4.5,3462.75
2023-08-31,-3.108624468950438e-14,4.75,3467.5
2023-08-31,-3.108624468950438e-14,5.0,3472.5
2023-08-31,-3.108624468950438e-14,5.25,3477.75
2023-08-31,-3.108624468950438e-14,5.5,3483.25
2023-08-31,-3.108624468950438e-14,5.75,3489.0
2023-08-31,-3.108624468950438e-14,6.0,3495.0
2023-08-31,-3.108624468950438e-14,6.25,3501.25
2023-08-31,6.4542429696659145,6.5,3507.75
2023-08-31,6.4542429696659145,6.75,3514.5
2023-08-31,6.4542429696659145,7.0,3521.5
2023-08-31,6.4542429696659145,7.25,3528.75
2023-08-31,21.5043247054015,7.5,3536.25
2023-08-31,21.5043247054015,7.75,3544.0
2023-08-31,24.37055368245868,8.0,3552.0
2023-08-31,24.37055368245868,8.25,3560.25
2023-08-31,24.37055368245868,8.5,3568.75
2023-08-31,24.37055368245868,8.75,3577.5
2023-08-31,25.193326373950836,9.0,3586.5
2023-08-31,25.193326373950836,9.25,3595.75
2023-08-31,25.193326373950836,9.5,3605.25
2023-08-31,25.193326373950836,9.75,3615.0
2023-08-31,25.193326373950836,10.0,3625.0
2023-08-31,25.193326373950836,10.25,3635.25
2023-08-31,25.193326373950836,10.5,3645.75
2023-08-31,25.193326373950836,10.75,3656.5
2023-08-31,19.474954135805895,11.0,3667.5
2023-08-31,19.474954135805895,11.25,3678.75
2023-08-31,13.02071116613995,11.5,3690.25
2023-08-31,13.02071116613995,11.75,3702.0
2023-08-31,13.02071116613995,12.0,3714.0
2023-08-31,13.02071116613995,12.25,3726.25
2023-08-31,13.02071116613995,12.5,3738.75
2023-08-31,13.02071116613995,12.75,3751.5
2023-08-31,13.02071116613995,13.0,3764.5
2023-08-31,13.02071116613995,13.25,3777.75
2023-08-31,13.02071116613995,13.5,3791.25
2023-08-31,13.02071116613995,13.75,3805.0
2023-08-31,6.98603888682155,14.0,3819.0
2023-08-31,6.98603888682155,14.25,3833.25
2023-08-31,6.98603888682155,14.5,3847.75
2023-08-31,6.98603888682155,14.75,3862.5
2023-08-31,6.98603888682155,15.0,3877.5
2023-08-31,0.8227726914921201,15.25,3892.75
2023-08-31,0.8227726914921201,15.5,3908.25
2023-08-31,0.8227726914921201,15.75,3924.0
2023-08-31,-3.297362383136715e-14,16.0,3940.0
2023-08-31,-3.297362383136715e-14,16.25,3956.25
2023-08-31,-3.297362383136715e-14,16.5,3972.75
2023-08-31,-3.297362383136715e-14,16.75,3989.5
2023-08-31,-3.297362383136715e-14,17.0,4006.5
2023-08-31,-3.297362383136715e-14,17.25,4023.75
2023-08-31,-3.297362383136715e-14,17.5,4041.25
2023-08-31,-3.297362383136715e-14,17.75,4059.0
2023-08-31,-3.297362383136715e-14,18.0,4077.0
2023-08-31,-3.297362383136715e-14,18.25,4095.25
2023-08-31,-3.297362383136715e-14,18.5,4113.75
2023-08-31,-3.297362383136715e-14,18.75,4132.5
2023-08-31,-3.297362383136715e-14,19.0,4151.5
2023-08-31,-3.297362383136715e-14,19.25,4170.75
2023-08-31,-3.297362383136715e-14,19.5,4190.25
2023-08-31,-3.297362383136715e-14,19.75,4210.0
2023-08-31,-3.297362383136715e-14,20.0,4230.0
2023-08-31,-3.297362383136715e-14,20.25,4250.25
2023-08-31,-3.297362383136715e-14,20.5,4270.75
2023-08-31,-3.297362383136715e-14,20.75,4291.5
2023-08-31,-3.297362383136715e-14,21.0,4312.5
2023-08-31,-3.297362383136715e-14,21.25,4333.75
2023-08-31,-3.297362383136715e-14,21.5,4355.25
2023-08-31,-3.297362383136715e-14,21.75,4377.0
2023-08-31,-3.297362383136715e-14,22.0,4399.0
2023-08-31,-3.297362383136715e-14,22.25,4421.25
2023-08-31,-3.297362383136715e-14,22.5,4443.75
2023-08-31,-3.297362383136715e-14,22.75,4466.5
2023-08-31,-3.297362383136715e-14,23.0,4489.5
2023-08-31,-3.297362383136715e-14,23.25,4512.75
2023-08-31,-3.297362383136715e-14,23.5,4536.25
2023-08-31,-3.297362383136715e-14,23.75,4560.0
2023-09-01,-3.297362383136715e-14,0.0,4560.0
2023-09-01,-3.297362383136715e-14,0.25,4560.25
2023-09-01,-3.297362383136715e-14,0.5,4560.75
2023-09-01,-3.297362383136715e-14,0.75,4561.5
2023-09-01,-3.297362383136715e-14,1.0,4562.5
2023-09-01,-3.297362383136715e-14,1.25,4563.75
2023-09-01,-3.297362383136715e-14,1.5,4565.25
2023-09-01,-3.297362383136715e-14,1.75,4567.0
2023-09-01,-3.297362383136715e-14,2.0,4569.0
2023-09-01,-3.297362383136715e-14,2.25,4571.25
2023-09-01,-3.297362383136715e-14,2.5,4573.75
2023-09-01,-3.297362383136715e-14,2.75,4576.5
2023-09-01,-3.297362383136715e-14,3.0,4579.5
2023-09-01,-3.297362383136715e-14,3.25,4582.75
2023-09-01,-3.297362383136715e-14,3.5,4586.25
2023-09-01,-3.297362383136715e-14,3.75,4590.0
2023-09-01,-3.297362383136715e-14,4.0,4594.0
2023-09-01,-3.297362383136715e-14,4.25,4598.25
2023-09-01,-3.297362383136715e-14,4.5,4602.75
2023-09-01,-3.297362383136715e-14,4.75,4607.5
2023-09-01,-3.297362383136715e-14,5.0,4612.5
2023-09-01,-3.297362383136715e-14,5.25,4617.75
2023-09-01,-3.297362383136715e-14,5.5,4623.25
2023-09-01,-3.297362383136715e-14,5.75,4629.0
2023-09-01,-3.297362383136715e-14,6.0,4635.0
2023-09-01,-3.297362383136715e-14,6.25,4641.25
2023-09-01,-3.297362383136715e-14,6.5,4647.75
2023-09-01,-3.297362383136715e-14,6.75,4654.5
2023-09-01,-3.297362383136715e-14,7.0,4661.5
2023-09-01,-3.297362383136715e-14,7.25,4668.75
2023-09-01,-3.297362383136715e-14,7.5,4676.25
2023-09-01,-3.297362383136715e-14,7.75,4684.0
2023-09-01,5.96302921884314,8.0,4692.0
2023-09-01,5.96302921884314,8.25,4700.25
2023-09-01,11.158190123395993,8.5,4708.75
2023-09-01,17.290836398091134,8.75,4717.5
2023-09-01,17.290836398091134,9.0,4726.5
2023-09-01,19.033419704295383,9.25,4735.75
2023-09-01,19.033419704295383,9.5,4745.25
2023-09-01,31.665590280603844,9.75,4755.0
2023-09-01,31.665590280603844,10.0,4765.0
2023-09-01,25.702561061760672,10.25,4775.25
2023-09-01,31.6053122078257,10.5,4785.75
2023-09-01,31.6053122078257,10.75,4796.5
2023-09-01,26.410151303272848,11.0,4807.5
2023-09-01,26.410151303272848,11.25,4818.75
2023-09-01,28.84156281798417,11.5,4830.25
2023-09-01,28.84156281798417,11.75,4842.0
2023-09-01,28.84156281798417,12.0,4854.0
2023-09-01,35.13480175237417,12.25,4866.25
2023-09-01,35.13480175237417,12.5,4878.75
2023-09-01,35.13480175237417,12.75,4891.5
2023-09-01,35.13480175237417,13.0,4904.5
2023-09-01,28.79858161501378,13.25,4917.75
2023-09-01,28.79858161501378,13.5,4931.25
2023-09-01,28.662785451402254,13.75,4945.0
2023-09-01,22.530139176707113,14.0,4959.0
2023-09-01,22.530139176707113,14.25,4973.25
2023-09-01,22.530139176707113,14.5,4987.75
2023-09-01,22.530139176707113,14.75,5002.5
2023-09-01,20.09872766199579,15.0,5017.5
2023-09-01,20.09872766199579,15.25,5032.75
2023-09-01,20.09872766199579,15.5,5048.25
2023-09-01,20.09872766199579,15.75,5064.0
2023-09-01,18.356144355791542,16.0,5080.0
2023-09-01,18.356144355791542,16.25,5096.25
2023-09-01,12.195990080455001,16.5,5112.75
2023-09-01,12.195990080455001,16.75,5129.5
2023-09-01,12.195990080455001,17.0,5146.5
2023-09-01,6.293238934389972,17.25,5163.75
2023-09-01,6.293238934389972,17.5,5181.25
2023-09-01,6.293238934389972,17.75,5199.0
2023-09-01,6.293238934389972,18.0,5217.0
2023-09-01,6.293238934389972,18.25,5235.25
2023-09-01,6.293238934389972,18.5,5253.75
2023-09-01,6.293238934389972,18.75,5272.5
2023-09-01,6.293238934389972,19.0,5291.5
2023-09-01,6.293238934389972,19.25,5310.75
2023-09-01,8.913584232977826,19.5,5330.25
2023-09-01,8.913584232977826,19.75,5350.0
2023-09-01,8.913584232977826,20.0,5370.0
2023-09-01,8.913584232977826,20.25,5390.25
2023-09-01,8.913584232977826,20.5,5410.75
2023-09-01,8.913584232977826,20.75,5431.5
2023-09-01,8.913584232977826,21.0,5452.5
2023-09-01,8.913584232977826,21.25,5473.75
2023-09-01,2.6203452985878224,21.5,5495.25
2023-09-01,2.6203452985878224,21.75,5517.0
2023-09-01,2.6203452985878224,22.0,5539.0
2023-09-01,8.703645784726307,22.25,5561.25
2023-09-01,8.703645784726307,22.5,5583.75
2023-09-01,8.703645784726307,22.75,5606.5
2023-09-01,2.6203452985878224,23.0,5629.5
2023-09-01,2.6203452985878224,23.25,5652.75
2023-09-01,2.6203452985878224,23.5,5676.25
2023-09-01,2.6203452985878224,23.75,5700.0
2023-09-04,2.6203452985878224,0.0,5700.0
2023-09-04,2.6203452985878224,0.25,5700.25
2023-09-04,2.6203452985878224,0.5,5700.75
2023-09-04,2.6203452985878224,0.75,5701.5
2023-09-04,2.6203452985878224,1.0,5702.5
2023-09-04,2.6203452985878224,1.25,5703.75
2023-09-04,2.6203452985878224,1.5,5705.25
2023-09-04,2.6203452985878224,1.75,5707.0
2023-09-04,2.6203452985878224,2.0,5709.0
2023-09-04,2.6203452985878224,2.25,5711.25
2023-09-04,2.6203452985878224,2.5,5713.75
2023-09-04,2.6203452985878224,2.75,5716.5
2023-09-04,2.6203452985878224,3.0,5719.5
2023-09-04,2.6203452985878224,3.25,5722.75
2023-09-04,2.6203452985878224,3.5,5726.25
2023-09-04,2.6203452985878224,3.75,5730.0
2023-09-04,2.6203452985878224,4.0,5734.0
2023-09-04,2.6203452985878224,4.25,5738.25
2023-09-04,2.6203452985878224,4.5,5742.75
2023-09-04,2.6203452985878224,4.75,5747.5
2023-09-04,2.6203452985878224,5.0,5752.5
2023-09-04,2.6203452985878224,5.25,5757.75
2023-09-04,2.6203452985878224,5.5,5763.25
2023-09-04,2.6203452985878224,5.75,5769.0
2023-09-04,2.6203452985878224,6.0,5775.0
2023-09-04,2.6203452985878224,6.25,5781.25
2023-09-04,2.6203452985878224,6.5,5787.75
2023-09-04,2.6203452985878224,6.75,5794.5
2023-09-04,2.6203452985878224,7.0,5801.5
2023-09-04,5.348366859700729,7.25,5808.75
2023-09-04,5.348366859700729,7.5,5816.25
2023-09-04,5.348366859700729,7.75,5824.0
2023-09-04,5.348366859700729,8.0,5832.0
2023-09-04,5.348366859700729,8.25,5840.25
2023-09-04,5.348366859700729,8.5,5848.75
2023-09-04,5.348366859700729,8.75,5857.5
2023-09-04,5.348366859700729,9.0,5866.5
2023-09-04,5.348366859700729,9.25,5875.75
2023-09-04,5.348366859700729,9.5,5885.25
2023-09-04,5.348366859700729,9.75,5895.0
2023-09-04,5.348366859700729,10.0,5905.0
2023-09-04,5.348366859700729,10.25,5915.25
2023-09-04,5.348366859700729,10.5,5925.75
2023-09-04,5.348366859700729,10.75,5936.5
2023-09-04,5.348366859700729,11.0,5947.5
2023-09-04,5.348366859700729,11.25,5958.75
2023-09-04,5.348366859700729,11.5,5970.25
2023-09-04,5.348366859700729,11.75,5982.0
2023-09-04,5.348366859700729,12.0,5994.0
2023-09-04,5.348366859700729,12.25,6006.25
2023-09-04,5.348366859700729,12.5,6018.75
2023-09-04,5.348366859700729,12.75,6031.5
2023-09-04,11.510754516521072,13.0,6044.5
2023-09-04,11.510754516521072,13.25,6057.75
2023-09-04,11.510754516521072,13.5,6071.25
2023-09-04,11.510754516521072,13.75,6085.0
2023-09-04,11.510754516521072,14.0,6099.0
2023-09-04,11.510754516521072,14.25,6113.25
2023-09-04,6.162387656820313,14.5,6127.75
2023-09-04,6.162387656820313,14.75,6142.5
2023-09-04,6.162387656820313,15.0,6157.5
2023-09-04,6.162387656820313,15.25,6172.75
2023-09-04,6.162387656820313,15.5,6188.25
2023-09-04,6.162387656820313,15.75,6204.0
2023-09-04,6.162387656820313,16.0,6220.0
2023-09-04,6.162387656820313,16.25,6236.25
2023-09-04,-3.019806626980426e-14,16.5,6252.75
2023-09-04,-3.019806626980426e-14,16.75,6269.5
2023-09-04,-3.019806626980426e-14,17.0,6286.5
2023-09-04,-3.019806626980426e-14,17.25,6303.75
2023-09-04,-3.019806626980426e-14,17.5,6321.25
2023-09-04,-3.019806626980426e-14,17.75,6339.0
2023-09-04,-3.019806626980426e-14,18.0,6357.0
2023-09-04,-3.019806626980426e-14,18.25,6375.25
2023-09-04,-3.019806626980426e-14,18.5,6393.75
2023-09-04,-3.019806626980426e-14,18.75,6412.5
2023-09-04,-3.019806626980426e-14,19.0,6431.5
2023-09-04,-3.019806626980426e-14,19.25,6450.75
2023-09-04,-3.019806626980426e-14,19.5,6470.25
2023-09-04,-3.019806626980426e-14,19.75,6490.0
2023-09-04,-3.019806626980426e-14,20.0,6510.0
2023-09-04,-3.019806626980426e-14,20.25,6530.25
2023-09-04,-3.019806626980426e-14,20.5,6550.75
2023-09-04,-3.019806626980426e-14,20.75,6571.5
2023-09-04,-3.019806626980426e-14,21.0,6592.5
2023-09-04,-3.019806626980426e-14,21.25,6613.75
2023-09-04,-3.019806626980426e-14,21.5,6635.25
2023-09-04,-3.019806626980426e-14,21.75,6657.0
2023-09-04,-3.019806626980426e-14,22.0,6679.0
2023-09-04,-3.019806626980426e-14,22.25,6701.25
2023-09-04,6.186246831660695,22.5,6723.75
2023-09-04,-3.019806626980426e-14,22.75,6746.5
2023-09-04,-3.019806626980426e-14,23.0,6769.5
2023-09-04,-3.019806626980426e-14,23.25,6792.75
2023-09-04,-3.019806626980426e-14,23.5,6816.25
2023-09-04,-3.019806626980426e-14,23.75,6840.0
2023-09-05,-3.019806626980426e-14,0.0,6840.0
2023-09-05,-3.019806626980426e-14,0.25,6840.25
2023-09-05,-3.019806626980426e-14,0.5,6840.75
2023-09-05,-3.019806626980426e-14,0.75,6841.5
2023-09-05,-3.019806626980426e-14,1.0,6842.5
2023-09-05,-3.019806626980426e-14,1.25,6843.75
2023-09-05,-3.019806626980426e-14,1.5,6845.25
2023-09-05,-3.019806626980426e-14,1.75,6847.0
2023-09-05,-3.019806626980426e-14,2.0,6849.0
2023-09-05,-3.019806626980426e-14,2.25,6851.25
2023-09-05,-3.019806626980426e-14,2.5,6853.75
2023-09-05,-3.019806626980426e-14,2.75,6856.5
2023-09-05,-3.019806626980426e-14,3.0,6859.5
2023-09-05,-3.019806626980426e-14,3.25,6862.75
2023-09-05,-3.019806626980426e-14,3.5,6866.25
2023-09-05,-3.019806626980426e-14,3.75,6870.0
2023-09-05,-3.019806626980426e-14,4.0,6874.0
2023-09-05,-3.019806626980426e-14,4.25,6878.25
2023-09-05,-3.019806626980426e-14,4.5,6882.75
2023-09-05,-3.019806626980426e-14,4.75,6887.5
2023-09-05,-3.019806626980426e-14,5.0,6892.5
2023-09-05,-3.019806626980426e-14,5.25,6897.75
2023-09-05,-3.019806626980426e-14,5.5,6903.25
2023-09-05,-3.019806626980426e-14,5.75,6909.0
2023-09-05,-3.019806626980426e-14,6.0,6915.0
2023-09-05,-3.019806626980426e-14,6.25,6921.25
2023-09-05,-3.019806626980426e-14,6.5,6927.75
2023-09-05,-3.019806626980426e-14,6.75,6934.5
2023-09-05,-3.019806626980426e-14,7.0,6941.5
2023-09-05,-3.019806626980426e-14,7.25,6948.75
2023-09-05,-3.019806626980426e-14,7.5,6956.25
2023-09-05,4.181658246471662,7.75,6964.0
2023-09-05,4.181658246471662,8.0,6972.0
2023-09-05,4.181658246471662,8.25,6980.25
2023-09-05,4.181658246471662,8.5,6988.75
2023-09-05,14.585285316019778,8.75,6997.5
2023-09-05,14.585285316019778,9.0,7006.5
2023-09-05,14.585285316019778,9.25,7015.75
2023-09-05,19.36641423310688,9.5,7025.25
2023-09-05,19.36641423310688,9.75,7035.0
2023-09-05,19.36641423310688,10.0,7045.0
2023-09-05,19.36641423310688,10.25,7055.25
2023-09-05,19.36641423310688,10.5,7065.75
2023-09-05,25.404513379269346,10.75,7076.5
2023-09-05,25.404513379269346,11.0,7087.5
2023-09-05,25.404513379269346,11.25,7098.75
2023-09-05,25.404513379269346,11.5,7110.25
2023-09-05,25.404513379269346,11.75,7122.0
2023-09-05,25.404513379269346,12.0,7134.0
2023-09-05,25.404513379269346,12.25,7146.25
2023-09-05,25.404513379269346,12.5,7158.75
2023-09-05,25.404513379269346,12.75,7171.5
2023-09-05,25.404513379269346,13.0,7184.5
2023-09-05,25.404513379269346,13.25,7197.75
2023-09-05,25.404513379269346,13.5,7211.25
2023-09-05,5.800189635308843,13.75,7225.0
2023-09-05,5.800189635308843,14.0,7239.0
2023-09-05,21.222855132797655,14.25,7253.25
2023-09-05,21.222855132797655,14.5,7267.75
2023-09-05,21.222855132797655,14.75,7282.5
2023-09-05,21.222855132797655,15.0,7297.5
2023-09-05,21.222855132797655,15.25,7312.75
2023-09-05,21.222855132797655,15.5,7328.25
2023-09-05,21.222855132797655,15.75,7344.0
2023-09-05,21.222855132797655,16.0,7360.0
2023-09-05,16.441726215710553,16.25,7376.25
2023-09-05,10.52441813778487,16.5,7392.75
2023-09-05,16.324607773093742,16.75,7409.5
2023-09-05,16.324607773093742,17.0,7426.5
2023-09-05,16.324607773093742,17.25,7443.75
2023-09-05,16.324607773093742,17.5,7461.25
2023-09-05,-2.7533531010703882e-14,17.75,7479.0
2023-09-05,-2.7533531010703882e-14,18.0,7497.0
2023-09-05,-2.7533531010703882e-14,18.25,7515.25
2023-09-05,-2.7533531010703882e-14,18.5,7533.75
2023-09-05,-2.7533531010703882e-14,18.75,7552.5
2023-09-05,-2.7533531010703882e-14,19.0,7571.5
2023-09-05,-2.7533531010703882e-14,19.25,7590.75
2023-09-05,-2.7533531010703882e-14,19.5,7610.25
2023-09-05,-2.7533531010703882e-14,19.75,7630.0
2023-09-05,-2.7533531010703882e-14,20.0,7650.0
2023-09-05,-2.7533531010703882e-14,20.25,7670.25
2023-09-05,-2.7533531010703882e-14,20.5,7690.75
2023-09-05,-2.7533531010703882e-14,20.75,7711.5
2023-09-05,-2.7533531010703882e-14,21.0,7732.5
2023-09-05,-2.7533531010703882e-14,21.25,7753.75
2023-09-05,-2.7533531010703882e-14,21.5,7775.25
2023-09-05,-2.7533531010703882e-14,21.75,7797.0
2023-09-05,6.379868016542968,22.0,7819.0
2023-09-05,6.379868016542968,22.25,7841.25
2023-09-05,6.379868016542968,22.5,7863.75
2023-09-05,6.379868016542968,22.75,7886.5
2023-09-05,-2.7533531010703882e-14,23.0,7909.5
2023-09-05,-2.7533531010703882e-14,23.25,7932.75
2023-09-05,-2.7533531010703882e-14,23.5,7956.25
2023-09-05,-2.7533531010703882e-14,23.75,7980.0
2023-09-06,-2.7533531010703882e-14,0.0,7980.0
2023-09-06,-2.7533531010703882e-14,0.25,7980.25
2023-09-06,-2.7533531010703882e-14,0.5,7980.75
2023-09-06,-2.7533531010703882e-14,0.75,7981.5
2023-09-06,-2.7533531010703882e-14,1.0,7982.5
2023-09-06,-2.7533531010703882e-14,1.25,7983.75
2023-09-06,-2.7533531010703882e-14,1.5,7985.25
2023-09-06,-2.7533531010703882e-14,1.75,7987.0
2023-09-06,-2.7533531010703882e-14,2.0,7989.0
2023-09-06,-2.7533531010703882e-14,2.25,7991.25
2023-09-06,-2.7533531010703882e-14,2.5,7993.75
2023-09-06,-2.7533531010703882e-14,2.75,7996.5
2023-09-06,-2.7533531010703882e-14,3.0,7999.5
2023-09-06,-2.7533531010703882e-14,3.25,8002.75
2023-09-06,-2.7533531010703882e-14,3.5,8006.25
2023-09-06,-2.7533531010703882e-14,3.75,8010.0
2023-09-06,-2.7533531010703882e-14,4.0,8014.0
2023-09-06,-2.7533531010703882e-14,4.25,8018.25
2023-09-06,-2.7533531010703882e-14,4.5,8022.75
2023-09-06,-2.7533531010703882e-14,4.75,8027.5
2023-09-06,-2.7533531010703882e-14,5.0,8032.5
2023-09-06,-2.7533531010703882e-14,5.25,8037.75
2023-09-06,-2.7533531010703882e-14,5.5,8043.25
2023-09-06,-2.7533531010703882e-14,5.75,8049.0
2023-09-06,-2.7533531010703882e-14,6.0,8055.0
2023-09-06,-2.7533531010703882e-14,6.25,8061.25
2023-09-06,-2.7533531010703882e-14,6.5,8067.75
2023-09-06,-2.7533531010703882e-14,6.75,8074.5
2023-09-06,-2.7533531010703882e-14,7.0,8081.5
2023-09-06,11.36561759211122,7.25,8088.75
2023-09-06,18.906422989422065,7.5,8096.25
2023-09-06,18.906422989422065,7.75,8104.0
2023-09-06,18.906422989422065,8.0,8112.0
2023-09-06,18.906422989422065,8.25,8120.25
2023-09-06,18.906422989422065,8.5,8128.75
2023-09-06,31.47203749489987,8.75,8137.5
2023-09-06,37.728587244363005,9.0,8146.5
2023-09-06,39.87786704128029,9.25,8155.75
2023-09-06,39.87786704128029,9.5,8165.25
2023-09-06,39.87786704128029,9.75,8175.0
2023-09-06,39.87786704128029,10.0,8185.0
2023-09-06,39.87786704128029,10.25,8195.25
2023-09-06,39.87786704128029,10.5,8205.75
2023-09-06,33.53218989782844,10.75,8216.5
2023-09-06,33.53218989782844,11.0,8227.5
2023-09-06,33.53218989782844,11.25,8238.75
2023-09-06,33.53218989782844,11.5,8250.25
2023-09-06,27.756884183620308,11.75,8262.0
2023-09-06,27.756884183620308,12.0,8274.0
2023-09-06,33.85134040816135,12.25,8286.25
2023-09-06,33.85134040816135,12.5,8298.75
2023-09-06,33.85134040816135,12.75,8311.5
2023-09-06,33.85134040816135,13.0,8324.5
2023-09-06,33.85134040816135,13.25,8337.75
2023-09-06,31.50328520785602,13.5,8351.25
2023-09-06,31.50328520785602,13.75,8365.0
2023-09-06,31.50328520785602,14.0,8379.0
2023-09-06,31.50328520785602,14.25,8393.25
2023-09-06,29.354005410938736,14.5,8407.75
2023-09-06,23.763693533035617,14.75,8422.5
2023-09-06,27.858780534494503,15.0,8437.5
2023-09-06,27.858780534494503,15.25,8452.75
2023-09-06,27.858780534494503,15.5,8468.25
2023-09-06,27.858780534494503,15.75,8484.0
2023-09-06,21.602230785031367,16.0,8500.0
2023-09-06,21.602230785031367,16.25,8516.25
2023-09-06,21.602230785031367,16.5,8532.75
2023-09-06,21.602230785031367,16.75,8549.5
2023-09-06,16.40948058802585,17.0,8566.5
2023-09-06,12.314393586566965,17.25,8583.75
2023-09-06,12.314393586566965,17.5,8601.25
2023-09-06,6.0944562245410125,17.75,8619.0
2023-09-06,-2.930988785010413e-14,18.0,8637.0
2023-09-06,-2.930988785010413e-14,18.25,8655.25
2023-09-06,12.474796063350313,18.5,8673.75
2023-09-06,12.474796063350313,18.75,8692.5
2023-09-06,18.73423547642709,19.0,8711.5
2023-09-06,18.73423547642709,19.25,8730.75
2023-09-06,18.73423547642709,19.5,8750.25
2023-09-06,18.73423547642709,19.75,8770.0
2023-09-06,18.73423547642709,20.0,8790.0
2023-09-06,18.73423547642709,20.25,8810.25
2023-09-06,18.73423547642709,20.5,8830.75
2023-09-06,12.474796063350311,20.75,8851.5
2023-09-06,12.474796063350311,21.0,8872.5
2023-09-06,6.034547343802391,21.25,8893.75
2023-09-06,-3.108624468950438e-14,21.5,8915.25
2023-09-06,-3.108624468950438e-14,21.75,8937.0
2023-09-06,-3.108624468950438e-14,22.0,8959.0
2023-09-06,-3.108624468950438e-14,22.25,8981.25
2023-09-06,6.307903465629616,22.5,9003.75
2023-09-06,-3.108624468950438e-14,22.75,9026.5
2023-09-06,-3.108624468950438e-14,23.0,9049.5
2023-09-06,-3.108624468950438e-14,23.25,9072.75
2023-09-06,-3.108624468950438e-14,23.5,9096.25
2023-09-06,-3.108624468950438e-14,23.75,9120.0
2023-09-07,-3.108624468950438e-14,0.0,9120.0
2023-09-07,-3.108624468950438e-14,0.25,9120.25
2023-09-07,-3.108624468950438e-14,0.5,9120.75
2023-09-07,-3.108624468950438e-14,0.75,9121.5
2023-09-07,-3.108624468950438e-14,1.0,9122.5
2023-09-07,-3.108624468950438e-14,1.25,9123.75
2023-09-07,-3.108624468950438e-14,1.5,9125.25
2023-09-07,-3.108624468950438e-14,1.75,9127.0
2023-09-07,-3.108624468950438e-14,2.0,9129.0
2023-09-07,-3.108624468950438e-14,2.25,9131.25
2023-09-07,-3.108624468950438e-14,2.5,9133.75
2023-09-07,-3.108624468950438e-14,2.75,9136.5
2023-09-07,-3.108624468950438e-14,3.0,9139.5
2023-09-07,-3.108624468950438e-14,3.25,9142.75
2023-09-07,-3.108624468950438e-14,3.5,9146.25
2023-09-07,-3.108624468950438e-14,3.75,9150.0
2023-09-07,-3.108624468950438e-14,4.0,9154.0
2023-09-07,-3.108624468950438e-14,4.25,9158.25
2023-09-07,-3.108624468950438e-14,4.5,9162.75
2023-09-07,-3.108624468950438e-14,4.75,9167.5
2023-09-07,-3.108624468950438e-14,5.0,9172.5
2023-09-07,-3.108624468950438e-14,5.25,9177.75
2023-09-07,-3.108624468950438e-14,5.5,9183.25
2023-09-07,-3.108624468950438e-14,5.75,9189.0
2023-09-07,-3.108624468950438e-14,6.0,9195.0
2023-09-07,-3.108624468950438e-14,6.25,9201.25
2023-09-07,6.419620776691153,6.5,9207.75
2023-09-07,6.419620776691153,6.75,9214.5
2023-09-07,6.419620776691153,7.0,9221.5
2023-09-07,6.419620776691153,7.25,9228.75
2023-09-07,6.419620776691153,7.5,9236.25
2023-09-07,6.419620776691153,7.75,9244.0
2023-09-07,6.419620776691153,8.0,9252.0
2023-09-07,6.419620776691153,8.25,9260.25
2023-09-07,6.419620776691153,8.5,9268.75
2023-09-07,12.574902795463053,8.75,9277.5
2023-09-07,18.751861181270044,9.0,9286.5
2023-09-07,18.751861181270044,9.25,9295.75
2023-09-07,18.751861181270044,9.5,9305.25
2023-09-07,18.751861181270044,9.75,9315.0
2023-09-07,18.751861181270044,10.0,9325.0
2023-09-07,18.751861181270044,10.25,9335.25
2023-09-07,18.751861181270044,10.5,9345.75
2023-09-07,18.751861181270044,10.75,9356.5
2023-09-07,18.751861181270044,11.0,9367.5
2023-09-07,12.33224040457886,11.25,9378.75
2023-09-07,12.33224040457886,11.5,9390.25
2023-09-07,15.525949566595362,11.75,9402.0
2023-09-07,21.794320397511694,12.0,9414.0
2023-09-07,21.794320397511694,12.25,9426.25
2023-09-07,21.794320397511694,12.5,9438.75
2023-09-07,21.794320397511694,12.75,9451.5
2023-09-07,27.73405502190332,13.0,9464.5
2023-09-07,27.73405502190332,13.25,9477.75
2023-09-07,27.73405502190332,13.5,9491.25
2023-09-07,27.73405502190332,13.75,9505.0
2023-09-07,27.73405502190332,14.0,9519.0
2023-09-07,27.73405502190332,14.25,9533.25
2023-09-07,27.73405502190332,14.5,9547.75
2023-09-07,27.73405502190332,14.75,9562.5
2023-09-07,27.73405502190332,15.0,9577.5
2023-09-07,24.540345859886816,15.25,9592.75
2023-09-07,24.540345859886816,15.5,9608.25
2023-09-07,24.540345859886816,15.75,9624.0
2023-09-07,24.540345859886816,16.0,9640.0
2023-09-07,18.363387474079822,16.25,9656.25
2023-09-07,18.363387474079822,16.5,9672.75
2023-09-07,18.363387474079822,16.75,9689.5
2023-09-07,18.363387474079822,17.0,9706.5
2023-09-07,12.09501664316349,17.25,9723.75
2023-09-07,-3.6415315207705135e-14,17.5,9741.25
2023-09-07,-3.6415315207705135e-14,17.75,9759.0
2023-09-07,-3.6415315207705135e-14,18.0,9777.0
2023-09-07,-3.6415315207705135e-14,18.25,9795.25
2023-09-07,-3.6415315207705135e-14,18.5,9813.75
2023-09-07,-3.6415315207705135e-14,18.75,9832.5
2023-09-07,-3.6415315207705135e-14,19.0,9851.5
2023-09-07,-3.6415315207705135e-14,19.25,9870.75
2023-09-07,-3.6415315207705135e-14,19.5,9890.25
2023-09-07,-3.6415315207705135e-14,19.75,9910.0
2023-09-07,-3.6415315207705135e-14,20.0,9930.0
2023-09-07,3.032805117247758,20.25,9950.25
2023-09-07,3.032805117247758,20.5,9970.75
2023-09-07,3.032805117247758,20.75,9991.5
2023-09-07,3.032805117247758,21.0,10012.5
2023-09-07,3.032805117247758,21.25,10033.75
2023-09-07,3.032805117247758,21.5,10055.25
2023-09-07,3.032805117247758,21.75,10077.0
2023-09-07,3.032805117247758,22.0,10099.0
2023-09-07,9.338524982529506,22.25,10121.25
2023-09-07,3.032805117247757,22.5,10143.75
2023-09-07,3.032805117247757,22.75,10166.5
2023-09-07,3.032805117247757,23.0,10189.5
2023-09-07,-3.730349362740526e-14,23.25,10212.75
2023-09-07,-3.730349362740526e-14,23.5,10236.25
2023-09-07,-3.730349362740526e-14,23.75,10260.0
2023-09-08,-3.730349362740526e-14,0.0,10260.0
2023-09-08,-3.730349362740526e-14,0.25,10260.25
2023-09-08,-3.730349362740526e-14,0.5,10260.75
2023-09-08,-3.730349362740526e-14,0.75,10261.5
2023-09-08,-3.730349362740526e-14,1.0,10262.5
2023-09-08,-3.730349362740526e-14,1.25,10263.75
2023-09-08,-3.730349362740526e-14,1.5,10265.25
2023-09-08,-3.730349362740526e-14,1.75,10267.0
2023-09-08,-3.730349362740526e-14,2.0,10269.0
2023-09-08,-3.730349362740526e-14,2.25,10271.25
2023-09-08,-3.730349362740526e-14,2.5,10273.75
2023-09-08,-3.730349362740526e-14,2.75,10276.5
2023-09-08,-3.730349362740526e-14,3.0,10279.5
2023-09-08,-3.730349362740526e-14,3.25,10282.75
2023-09-08,-3.730349362740526e-14,3.5,10286.25
2023-09-08,-3.730349362740526e-14,3.75,10290.0
2023-09-08,-3.730349362740526e-14,4.0,10294.0
2023-09-08,-3.730349362740526e-14,4.25,10298.25
2023-09-08,-3.730349362740526e-14,4.5,10302.75
2023-09-08,-3.730349362740526e-14,4.75,10307.5
2023-09-08,-3.730349362740526e-14,5.0,10312.5
2023-09-08,-3.730349362740526e-14,5.25,10317.75
2023-09-08,1.387442353479076,5.5,10323.25
2023-09-08,1.387442353479076,5.75,10329.0
2023-09-08,1.387442353479076,6.0,10335.0
2023-09-08,1.387442353479076,6.25,10341.25
2023-09-08,1.387442353479076,6.5,10347.75
2023-09-08,1.387442353479076,6.75,10354.5
2023-09-08,1.387442353479076,7.0,10361.5
2023-09-08,6.70433772545752,7.25,10368.75
2023-09-08,6.70433772545752,7.5,10376.25
2023-09-08,6.70433772545752,7.75,10384.0
2023-09-08,6.70433772545752,8.0,10392.0
2023-09-08,6.70433772545752,8.25,10400.25
2023-09-08,6.70433772545752,8.5,10408.75
2023-09-08,10.907133276467013,8.75,10417.5
2023-09-08,18.56185906988283,9.0,10426.5
2023-09-08,18.56185906988283,9.25,10435.75
2023-09-08,18.56185906988283,9.5,10445.25
2023-09-08,20.652027839511764,9.75,10455.0
2023-09-08,24.21892562372862,10.0,10465.0
2023-09-08,27.409006235043147,10.25,10475.25
2023-09-08,27.409006235043147,10.5,10485.75
2023-09-08,27.409006235043147,10.75,10496.5
2023-09-08,27.409006235043147,11.0,10507.5
2023-09-08,27.409006235043147,11.25,10518.75
2023-09-08,27.409006235043147,11.5,10530.25
2023-09-08,27.409006235043147,11.75,10542.0
2023-09-08,27.409006235043147,12.0,10554.0
2023-09-08,27.409006235043147,12.25,10566.25
2023-09-08,27.409006235043147,12.5,10578.75
2023-09-08,27.409006235043147,12.75,10591.5
2023-09-08,27.409006235043147,13.0,10604.5
2023-09-08,24.21892562372862,13.25,10617.75
2023-09-08,24.21892562372862,13.5,10631.25
2023-09-08,24.21892562372862,13.75,10645.0
2023-09-08,18.902030251750176,14.0,10659.0
2023-09-08,18.902030251750176,14.25,10673.25
2023-09-08,18.902030251750176,14.5,10687.75
2023-09-08,18.902030251750176,14.75,10702.5
2023-09-08,18.902030251750176,15.0,10717.5
2023-09-08,13.947690114054208,15.25,10732.75
2023-09-08,13.947690114054208,15.5,10748.25
2023-09-08,12.197198683602268,15.75,10764.0
2023-09-08,12.197198683602268,16.0,10780.0
2023-09-08,10.107029913973335,16.25,10796.25
2023-09-08,10.107029913973335,16.5,10812.75
2023-09-08,10.107029913973335,16.75,10829.5
2023-09-08,10.107029913973335,17.0,10846.5
2023-09-08,10.107029913973335,17.25,10863.75
2023-09-08,4.202795551009458,17.5,10881.25
2023-09-08,4.202795551009458,17.75,10899.0
2023-09-08,4.202795551009458,18.0,10917.0
2023-09-08,7.246153649560936,18.25,10935.25
2023-09-08,7.124303514064929,18.5,10953.75
2023-09-08,7.124303514064929,18.75,10972.5
2023-09-08,7.124303514064929,19.0,10991.5
2023-09-08,3.043358098551443,19.25,11010.75
2023-09-08,3.043358098551443,19.5,11030.25
2023-09-08,3.043358098551443,19.75,11050.0
2023-09-08,3.043358098551443,20.0,11070.0
2023-09-08,3.043358098551443,20.25,11090.25
2023-09-08,3.043358098551443,20.5,11110.75
2023-09-08,9.48180045598893,20.75,11131.5
2023-09-08,9.48180045598893,21.0,11152.5
2023-09-08,6.438442357437451,21.25,11173.75
2023-09-08,6.438442357437451,21.5,11195.25
2023-09-08,6.438442357437451,21.75,11217.0
2023-09-08,6.438442357437451,22.0,11239.0
2023-09-08,6.438442357437451,22.25,11261.25
2023-09-08,6.438442357437451,22.5,11283.75
2023-09-08,6.438442357437451,22.75,11306.5
2023-09-08,-3.552713678800501e-14,23.0,11329.5
2023-09-08,-3.552713678800501e-14,23.25,11352.75
2023-09-08,-3.552713678800501e-14,23.5,11376.25
2023-09-08,-3.552713678800501e-14,23.75,11400.0
2023-09-11,-3.552713678800501e-14,0.0,11400.0
2023-09-11,-3.552713678800501e-14,0.25,11400.25
2023-09-11,-3.552713678800501e-14,0.5,11400.75
2023-09-11,-3.552713678800501e-14,0.75,11401.5
2023-09-11,-3.552713678800501e-14,1.0,11402.5
2023-09-11,-3.552713678800501e-14,1.25,11403.75
2023-09-11,-3.552713678800501e-14,1.5,11405.25
2023-09-11,-3.552713678800501e-14,1.75,11407.0
2023-09-11,-3.552713678800501e-14,2.0,11409.0
2023-09-11,-3.552713678800501e-14,2.25,11411.25
2023-09-11,-3.552713678800501e-14,2.5,11413.75
2023-09-11,-3.552713678800501e-14,2.75,11416.5
2023-09-11,-3.552713678800501e-14,3.0,11419.5
2023-09-11,-3.552713678800501e-14,3.25,11422.75
2023-09-11,-3.552713678800501e-14,3.5,11426.25
2023-09-11,-3.552713678800501e-14,3.75,11430.0
2023-09-11,-3.552713678800501e-14,4.0,11434.0
2023-09-11,-3.552713678800501e-14,4.25,11438.25
2023-09-11,-3.552713678800501e-14,4.5,11442.75
2023-09-11,-3.552713678800501e-14,4.75,11447.5
2023-09-11,-3.552713678800501e-14,5.0,11452.5
2023-09-11,-3.552713678800501e-14,5.25,11457.75
2023-09-11,-3.552713678800501e-14,5.5,11463.25
2023-09-11,-3.552713678800501e-14,5.75,11469.0
2023-09-11,-3.552713678800501e-14,6.0,11475.0
2023-09-11,-3.552713678800501e-14,6.25,11481.25
2023-09-11,-3.552713678800501e-14,6.5,11487.75
2023-09-11,-3.552713678800501e-14,6.75,11494.5
2023-09-11,-3.552713678800501e-14,7.0,11501.5
2023-09-11,-3.552713678800501e-14,7.25,11508.75
2023-09-11,5.830948391105385,7.5,11516.25
2023-09-11,5.830948391105385,7.75,11524.0
2023-09-11,5.830948391105385,8.0,11532.0
2023-09-11,5.830948391105385,8.25,11540.25
2023-09-11,5.830948391105385,8.5,11548.75
2023-09-11,5.830948391105385,8.75,11557.5
2023-09-11,5.830948391105385,9.0,11566.5
2023-09-11,11.187089460576246,9.25,11575.75
2023-09-11,21.074564920243446,9.5,11585.25
2023-09-11,21.074564920243446,9.75,11595.0
2023-09-11,21.074564920243446,10.0,11605.0
2023-09-11,21.074564920243446,10.25,11615.25
2023-09-11,21.074564920243446,10.5,11625.75
2023-09-11,21.074564920243446,10.75,11636.5
2023-09-11,21.074564920243446,11.0,11647.5
2023-09-11,21.074564920243446,11.25,11658.75
2023-09-11,21.074564920243446,11.5,11670.25
2023-09-11,26.98069737838933,11.75,11682.0
2023-09-11,17.984656584819845,12.0,11694.0
2023-09-11,17.984656584819845,12.25,11706.25
2023-09-11,17.984656584819845,12.5,11718.75
2023-09-11,17.984656584819845,12.75,11731.5
2023-09-11,17.984656584819845,13.0,11744.5
2023-09-11,17.984656584819845,13.25,11757.75
2023-09-11,17.984656584819845,13.5,11771.25
2023-09-11,17.984656584819845,13.75,11785.0
2023-09-11,17.984656584819845,14.0,11799.0
2023-09-11,17.984656584819845,14.25,11813.25
2023-09-11,17.984656584819845,14.5,11827.75
2023-09-11,17.984656584819845,14.75,11842.5
2023-09-11,17.984656584819845,15.0,11857.5
2023-09-11,17.984656584819845,15.25,11872.75
2023-09-11,17.984656584819845,15.5,11888.25
2023-09-11,17.984656584819845,15.75,11904.0
2023-09-11,12.078524126673964,16.0,11920.0
2023-09-11,12.078524126673964,16.25,11936.25
2023-09-11,1.4348422191863985,16.5,11952.75
2023-09-11,1.4348422191863985,16.75,11969.5
2023-09-11,1.4348422191863985,17.0,11986.5
2023-09-11,1.4348422191863985,17.25,12003.75
2023-09-11,-3.4861002973229915e-14,17.5,12021.25
2023-09-11,-3.4861002973229915e-14,17.75,12039.0
2023-09-11,-3.4861002973229915e-14,18.0,12057.0
2023-09-11,-3.4861002973229915e-14,18.25,12075.25
2023-09-11,-3.4861002973229915e-14,18.5,12093.75
2023-09-11,-3.4861002973229915e-14,18.75,12112.5
2023-09-11,-3.4861002973229915e-14,19.0,12131.5
2023-09-11,-3.4861002973229915e-14,19.25,12150.75
2023-09-11,-3.4861002973229915e-14,19.5,12170.25
2023-09-11,-3.4861002973229915e-14,19.75,12190.0
2023-09-11,-3.4861002973229915e-14,20.0,12210.0
2023-09-11,6.1868799532759216,20.25,12230.25
2023-09-11,6.1868799532759216,20.5,12250.75
2023-09-11,6.1868799532759216,20.75,12271.5
2023-09-11,6.1868799532759216,21.0,12292.5
2023-09-11,6.1868799532759216,21.25,12313.75
2023-09-11,12.608705157088654,21.5,12335.25
2023-09-11,12.608705157088654,21.75,12357.0
2023-09-11,12.608705157088654,22.0,12379.0
2023-09-11,12.608705157088654,22.25,12401.25
2023-09-11,12.608705157088654,22.5,12423.75
2023-09-11,-3.375077994860476e-14,22.75,12446.5
2023-09-11,-3.375077994860476e-14,23.0,12469.5
2023-09-11,-3.375077994860476e-14,23.25,12492.75
2023-09-11,-3.375077994860476e-14,23.5,12516.25
2023-09-11,-3.375077994860476e-14,23.75,12540.0
2023-09-12,-3.375077994860476e-14,0.0,12540.0
2023-09-12,-3.375077994860476e-14,0.25,12540.25
2023-09-12,-3.375077994860476e-14,0.5,12540.75
2023-09-12,-3.375077994860476e-14,0.75,12541.5
2023-09-12,-3.375077994860476e-14,1.0,12542.5
2023-09-12,-3.375077994860476e-14,1.25,12543.75
2023-09-12,-3.375077994860476e-14,1.5,12545.25
2023-09-12,-3.375077994860476e-14,1.75,12547.0
2023-09-12,-3.375077994860476e-14,2.0,12549.0
2023-09-12,-3.375077994860476e-14,2.25,12551.25
2023-09-12,-3.375077994860476e-14,2.5,12553.75
2023-09-12,-3.375077994860476e-14,2.75,12556.5
2023-09-12,-3.375077994860476e-14,3.0,12559.5
2023-09-12,-3.375077994860476e-14,3.25,12562.75
2023-09-12,-3.375077994860476e-14,3.5,12566.25
2023-09-12,-3.375077994860476e-14,3.75,12570.0
2023-09-12,-3.375077994860476e-14,4.0,12574.0
2023-09-12,-3.375077994860476e-14,4.25,12578.25
2023-09-12,-3.375077994860476e-14,4.5,12582.75
2023-09-12,-3.375077994860476e-14,4.75,12587.5
2023-09-12,-3.375077994860476e-14,5.0,12592.5
2023-09-12,-3.375077994860476e-14,5.25,12597.75
2023-09-12,-3.375077994860476e-14,5.5,12603.25
2023-09-12,-3.375077994860476e-14,5.75,12609.0
2023-09-12,-3.375077994860476e-14,6.0,12615.0
2023-09-12,-3.375077994860476e-14,6.25,12621.25
2023-09-12,6.504066831748572,6.5,12627.75
2023-09-12,6.504066831748572,6.75,12634.5
2023-09-12,6.504066831748572,7.0,12641.5
2023-09-12,6.504066831748572,7.25,12648.75
2023-09-12,12.24864816432666,7.5,12656.25
2023-09-12,12.24864816432666,7.75,12664.0
2023-09-12,12.24864816432666,8.0,12672.0
2023-09-12,18.080853944217132,8.25,12680.25
2023-09-12,18.080853944217132,8.5,12688.75
2023-09-12,24.333659752973208,8.75,12697.5
2023-09-12,24.333659752973208,9.0,12706.5
2023-09-12,30.33493103309702,9.25,12715.75
2023-09-12,30.33493103309702,9.5,12725.25
2023-09-12,35.839297725396264,9.75,12735.0
2023-09-12,35.839297725396264,10.0,12745.0
2023-09-12,35.839297725396264,10.25,12755.25
2023-09-12,35.839297725396264,10.5,12765.75
2023-09-12,35.839297725396264,10.75,12776.5
2023-09-12,35.839297725396264,11.0,12787.5
2023-09-12,29.33523089364766,11.25,12798.75
2023-09-12,29.33523089364766,11.5,12810.25
2023-09-12,29.33523089364766,11.75,12822.0
2023-09-12,29.33523089364766,12.0,12834.0
2023-09-12,29.33523089364766,12.25,12846.25
2023-09-12,23.503025113757186,12.5,12858.75
2023-09-12,23.503025113757186,12.75,12871.5
2023-09-12,23.503025113757186,13.0,12884.5
2023-09-12,23.503025113757186,13.25,12897.75
2023-09-12,23.503025113757186,13.5,12911.25
2023-09-12,23.503025113757186,13.75,12925.0
2023-09-12,17.998658421457943,14.0,12939.0
2023-09-12,12.254077088879853,14.25,12953.25
2023-09-12,12.254077088879853,14.5,12967.75
2023-09-12,18.537370367044417,14.75,12982.5
2023-09-12,12.536099086920606,15.0,12997.5
2023-09-12,12.536099086920606,15.25,13012.75
2023-09-12,12.536099086920606,15.5,13028.25
2023-09-12,12.536099086920606,15.75,13044.0
2023-09-12,6.252805808756042,16.0,13060.0
2023-09-12,6.252805808756042,16.25,13076.25
2023-09-12,6.252805808756042,16.5,13092.75
2023-09-12,6.252805808756042,16.75,13109.5
2023-09-12,6.252805808756042,17.0,13126.5
2023-09-12,6.252805808756042,17.25,13143.75
2023-09-12,12.736643935505851,17.5,13161.25
2023-09-12,12.736643935505851,17.75,13179.0
2023-09-12,6.483838126749776,18.0,13197.0
2023-09-12,6.483838126749776,18.25,13215.25
2023-09-12,6.483838126749776,18.5,13233.75
2023-09-12,6.483838126749776,18.75,13252.5
2023-09-12,6.483838126749776,19.0,13271.5
2023-09-12,6.483838126749776,19.25,13290.75
2023-09-12,6.483838126749776,19.5,13310.25
2023-09-12,6.483838126749776,19.75,13330.0
2023-09-12,6.483838126749776,20.0,13350.0
2023-09-12,-3.2862601528904634e-14,20.25,13370.25
2023-09-12,-3.2862601528904634e-14,20.5,13390.75
2023-09-12,-3.2862601528904634e-14,20.75,13411.5
2023-09-12,-3.2862601528904634e-14,21.0,13432.5
2023-09-12,-3.2862601528904634e-14,21.25,13453.75
2023-09-12,-3.2862601528904634e-14,21.5,13475.25
2023-09-12,4.45832405964831,21.75,13497.0
2023-09-12,4.45832405964831,22.0,13519.0
2023-09-12,4.45832405964831,22.25,13541.25
2023-09-12,-3.2862601528904634e-14,22.5,13563.75
2023-09-12,-3.2862601528904634e-14,22.75,13586.5
2023-09-12,-3.2862601528904634e-14,23.0,13609.5
2023-09-12,-3.2862601528904634e-14,23.25,13632.75
2023-09-12,-3.2862601528904634e-14,23.5,13656.25
2023-09-12,-3.2862601528904634e-14,23.75,13680.0
2023-09-13,-3.2862601528904634e-14,0.0,13680.0
2023-09-13,-3.2862601528904634e-14,0.25,13680.25
2023-09-13,-3.2862601528904634e-14,0.5,13680.75
2023-09-13,-3.2862601528904634e-14,0.75,13681.5
2023-09-13,-3.2862601528904634e-14,1.0,13682.5
2023-09-13,-3.2862601528904634e-14,1.25,13683.75
2023-09-13,-3.2862601528904634e-14,1.5,13685.25
2023-09-13,-3.2862601528904634e-14,1.75,13687.0
2023-09-13,-3.2862601528904634e-14,2.0,13689.0
2023-09-13,-3.2862601528904634e-14,2.25,13691.25
2023-09-13,-3.2862601528904634e-14,2.5,13693.75
2023-09-13,-3.2862601528904634e-14,2.75,13696.5
2023-09-13,-3.2862601528904634e-14,3.0,13699.5
2023-09-13,-3.2862601528904634e-14,3.25,13702.75
2023-09-13,-3.2862601528904634e-14,3.5,13706.25
2023-09-13,-3.2862601528904634e-14,3.75,13710.0
2023-09-13,-3.2862601528904634e-14,4.0,13714.0
2023-09-13,-3.2862601528904634e-14,4.25,13718.25
2023-09-13,-3.2862601528904634e-14,4.5,13722.75
2023-09-13,-3.2862601528904634e-14,4.75,13727.5
2023-09-13,-3.2862601528904634e-14,5.0,13732.5
2023-09-13,-3.2862601528904634e-14,5.25,13737.75
2023-09-13,-3.2862601528904634e-14,5.5,13743.25
2023-09-13,-3.2862601528904634e-14,5.75,13749.0
2023-09-13,-3.2862601528904634e-14,6.0,13755.0
2023-09-13,-3.2862601528904634e-14,6.25,13761.25
2023-09-13,-3.2862601528904634e-14,6.5,13767.75
2023-09-13,-3.2862601528904634e-14,6.75,13774.5
2023-09-13,-3.2862601528904634e-14,7.0,13781.5
2023-09-13,-3.2862601528904634e-14,7.25,13788.75
2023-09-13,4.931831053856772,7.5,13796.25
2023-09-13,4.931831053856772,7.75,13804.0
2023-09-13,4.931831053856772,8.0,13812.0
2023-09-13,4.931831053856772,8.25,13820.25
2023-09-13,4.931831053856772,8.5,13828.75
2023-09-13,4.931831053856772,8.75,13837.5
2023-09-13,4.931831053856772,9.0,13846.5
2023-09-13,11.227152982207887,9.25,13855.75
2023-09-13,26.394613628278393,9.5,13865.25
2023-09-13,26.394613628278393,9.75,13875.0
2023-09-13,32.676292933143934,10.0,13885.0
2023-09-13,32.676292933143934,10.25,13895.25
2023-09-13,32.676292933143934,10.5,13905.75
2023-09-13,32.676292933143934,10.75,13916.5
2023-09-13,32.676292933143934,11.0,13927.5
2023-09-13,32.676292933143934,11.25,13938.75
2023-09-13,32.676292933143934,11.5,13950.25
2023-09-13,32.676292933143934,11.75,13962.0
2023-09-13,32.676292933143934,12.0,13974.0
2023-09-13,32.676292933143934,12.25,13986.25
2023-09-13,26.337363425401023,12.5,13998.75
2023-09-13,26.337363425401023,12.75,14011.5
2023-09-13,26.337363425401023,13.0,14024.5
2023-09-13,26.337363425401023,13.25,14037.75
2023-09-13,26.337363425401023,13.5,14051.25
2023-09-13,26.337363425401023,13.75,14065.0
2023-09-13,26.337363425401023,14.0,14079.0
2023-09-13,23.923138250354608,14.25,14093.25
2023-09-13,23.923138250354608,14.5,14107.75
2023-09-13,23.923138250354608,14.75,14122.5
2023-09-13,23.923138250354608,15.0,14137.5
2023-09-13,23.923138250354608,15.25,14152.75
2023-09-13,23.923138250354608,15.5,14168.25
2023-09-13,23.923138250354608,15.75,14184.0
2023-09-13,23.923138250354608,16.0,14200.0
2023-09-13,17.627816322003493,16.25,14216.25
2023-09-13,17.627816322003493,16.5,14232.75
2023-09-13,12.69598526814669,16.75,14249.5
2023-09-13,6.281679304865508,17.0,14266.5
2023-09-13,6.281679304865508,17.25,14283.75
2023-09-13,6.281679304865508,17.5,14301.25
2023-09-13,12.084205749571137,17.75,14319.0
2023-09-13,5.802526444705597,18.0,14337.0
2023-09-13,5.802526444705597,18.25,14355.25
2023-09-13,5.802526444705597,18.5,14373.75
2023-09-13,-3.019806626980426e-14,18.75,14392.5
2023-09-13,-3.019806626980426e-14,19.0,14411.5
2023-09-13,-3.019806626980426e-14,19.25,14430.75
2023-09-13,-3.019806626980426e-14,19.5,14450.25
2023-09-13,-3.019806626980426e-14,19.75,14470.0
2023-09-13,-3.019806626980426e-14,20.0,14490.0
2023-09-13,-3.019806626980426e-14,20.25,14510.25
2023-09-13,-3.019806626980426e-14,20.5,14530.75
2023-09-13,-3.019806626980426e-14,20.75,14551.5
2023-09-13,-3.019806626980426e-14,21.0,14572.5
2023-09-13,-3.019806626980426e-14,21.25,14593.75
2023-09-13,-3.019806626980426e-14,21.5,14615.25
2023-09-13,-3.019806626980426e-14,21.75,14637.0
2023-09-13,-3.019806626980426e-14,22.0,14659.0
2023-09-13,-3.019806626980426e-14,22.25,14681.25
2023-09-13,-3.019806626980426e-14,22.5,14703.75
2023-09-13,-3.019806626980426e-14,22.75,14726.5
2023-09-13,-3.019806626980426e-14,23.0,14749.5
2023-09-13,-3.019806626980426e-14,23.25,14772.75
2023-09-13,-3.019806626980426e-14,23.5,14796.25
2023-09-13,-3.019806626980426e-14,23.75,14820.0
2023-09-14,-3.019806626980426e-14,0.0,14820.0
2023-09-14,-3.019806626980426e-14,0.25,14820.25
2023-09-14,-3.019806626980426e-14,0.5,14820.75
2023-09-14,-3.019806626980426e-14,0.75,14821.5
2023-09-14,-3.019806626980426e-14,1.0,14822.5
2023-09-14,-3.019806626980426e-14,1.25,14823.75
2023-09-14,-3.019806626980426e-14,1.5,14825.25
2023-09-14,-3.019806626980426e-14,1.75,14827.0
2023-09-14,-3.019806626980426e-14,2.0,14829.0
2023-09-14,-3.019806626980426e-14,2.25,14831.25
2023-09-14,-3.019806626980426e-14,2.5,14833.75
2023-09-14,-3.019806626980426e-14,2.75,14836.5
2023-09-14,-3.019806626980426e-14,3.0,14839.5
2023-09-14,-3.019806626980426e-14,3.25,14842.75
2023-09-14,-3.019806626980426e-14,3.5,14846.25
2023-09-14,-3.019806626980426e-14,3.75,14850.0
2023-09-14,-3.019806626980426e-14,4.0,14854.0
2023-09-14,-3.019806626980426e-14,4.25,14858.25
2023-09-14,-3.019806626980426e-14,4.5,14862.75
2023-09-14,-3.019806626980426e-14,4.75,14867.5
2023-09-14,-3.019806626980426e-14,5.0,14872.5
2023-09-14,-3.019806626980426e-14,5.25,14877.75
2023-09-14,-3.019806626980426e-14,5.5,14883.25
2023-09-14,-3.019806626980426e-14,5.75,14889.0
2023-09-14,-3.019806626980426e-14,6.0,14895.0
2023-09-14,-3.019806626980426e-14,6.25,14901.25
2023-09-14,-3.019806626980426e-14,6.5,14907.75
2023-09-14,-3.019806626980426e-14,6.75,14914.5
2023-09-14,-3.019806626980426e-14,7.0,14921.5
2023-09-14,6.504109012785234,7.25,14928.75
2023-09-14,6.504109012785234,7.5,14936.25
2023-09-14,6.504109012785234,7.75,14944.0
2023-09-14,6.504109012785234,8.0,14952.0
2023-09-14,6.504109012785234,8.25,14960.25
2023-09-14,12.585180244731125,8.5,14968.75
2023-09-14,12.585180244731125,8.75,14977.5
2023-09-14,25.18057991522914,9.0,14986.5
2023-09-14,29.100669700743058,9.25,14995.75
2023-09-14,29.100669700743058,9.5,15005.25
2023-09-14,29.100669700743058,9.75,15015.0
2023-09-14,34.24732049483673,10.0,15025.0
2023-09-14,34.24732049483673,10.25,15035.25
2023-09-14,34.24732049483673,10.5,15045.75
2023-09-14,27.743211482051464,10.75,15056.5
2023-09-14,27.743211482051464,11.0,15067.5
2023-09-14,27.743211482051464,11.25,15078.75
2023-09-14,33.35077628942287,11.5,15090.25
2023-09-14,33.35077628942287,11.75,15102.0
2023-09-14,27.130227473368656,12.0,15114.0
2023-09-14,27.130227473368656,12.25,15126.25
2023-09-14,27.130227473368656,12.5,15138.75
2023-09-14,27.130227473368656,12.75,15151.5
2023-09-14,27.130227473368656,13.0,15164.5
2023-09-14,27.130227473368656,13.25,15177.75
2023-09-14,27.130227473368656,13.5,15191.25
2023-09-14,27.130227473368656,13.75,15205.0
2023-09-14,33.17487851849404,14.0,15219.0
2023-09-14,33.17487851849404,14.25,15233.25
2023-09-14,33.17487851849404,14.5,15247.75
2023-09-14,33.17487851849404,14.75,15262.5
2023-09-14,33.17487851849404,15.0,15277.5
2023-09-14,33.17487851849404,15.25,15292.75
2023-09-14,33.17487851849404,15.5,15308.25
2023-09-14,33.17487851849404,15.75,15324.0
2023-09-14,33.17487851849404,16.0,15340.0
2023-09-14,12.125722277071251,16.25,15356.25
2023-09-14,22.87993787853632,16.5,15372.75
2023-09-14,22.87993787853632,16.75,15389.5
2023-09-14,22.87993787853632,17.0,15406.5
2023-09-14,22.87993787853632,17.25,15423.75
2023-09-14,6.0446510451253594,17.5,15441.25
2023-09-14,12.09762868931097,17.75,15459.0
2023-09-14,12.09762868931097,18.0,15477.0
2023-09-14,6.052977644185586,18.25,15495.25
2023-09-14,6.052977644185586,18.5,15513.75
2023-09-14,6.052977644185586,18.75,15532.5
2023-09-14,6.052977644185586,19.0,15551.5
2023-09-14,6.052977644185586,19.25,15570.75
2023-09-14,-2.3092638912203256e-14,19.5,15590.25
2023-09-14,-2.3092638912203256e-14,19.75,15610.0
2023-09-14,-2.3092638912203256e-14,20.0,15630.0
2023-09-14,-2.3092638912203256e-14,20.25,15650.25
2023-09-14,-2.3092638912203256e-14,20.5,15670.75
2023-09-14,-2.3092638912203256e-14,20.75,15691.5
2023-09-14,-2.3092638912203256e-14,21.0,15712.5
2023-09-14,-2.3092638912203256e-14,21.25,15733.75
2023-09-14,-2.3092638912203256e-14,21.5,15755.25
2023-09-14,-2.3092638912203256e-14,21.75,15777.0
2023-09-14,-2.3092638912203256e-14,22.0,15799.0
2023-09-14,6.125316100028075,22.25,15821.25
2023-09-14,6.125316100028075,22.5,15843.75
2023-09-14,-2.3092638912203256e-14,22.75,15866.5
2023-09-14,-2.3092638912203256e-14,23.0,15889.5
2023-09-14,-2.3092638912203256e-14,23.25,15912.75
2023-09-14,-2.3092638912203256e-14,23.5,15936.25
2023-09-14,-2.3092638912203256e-14,23.75,15960.0
2023-09-15,-2.3092638912203256e-14,0.0,15960.0
2023-09-15,1.6670373253270834,0.25,15960.25
2023-09-15,1.6670373253270834,0.5,15960.75
2023-09-15,1.6670373253270834,0.75,15961.5
2023-09-15,1.6670373253270834,1.0,15962.5
2023-09-15,-2.3092638912203256e-14,1.25,15963.75
2023-09-15,-2.3092638912203256e-14,1.5,15965.25
2023-09-15,-2.3092638912203256e-14,1.75,15967.0
2023-09-15,-2.3092638912203256e-14,2.0,15969.0
2023-09-15,-2.3092638912203256e-14,2.25,15971.25
2023-09-15,-2.3092638912203256e-14,2.5,15973.75
2023-09-15,-2.3092638912203256e-14,2.75,15976.5
2023-09-15,-2.3092638912203256e-14,3.0,15979.5
2023-09-15,-2.3092638912203256e-14,3.25,15982.75
2023-09-15,-2.3092638912203256e-14,3.5,15986.25
2023-09-15,-2.3092638912203256e-14,3.75,15990.0
2023-09-15,-2.3092638912203256e-14,4.0,15994.0
2023-09-15,-2.3092638912203256e-14,4.25,15998.25
2023-09-15,-2.3092638912203256e-14,4.5,16002.75
2023-09-15,-2.3092638912203256e-14,4.75,16007.5
2023-09-15,-2.3092638912203256e-14,5.0,16012.5
2023-09-15,-2.3092638912203256e-14,5.25,16017.75
2023-09-15,-2.3092638912203256e-14,5.5,16023.25
2023-09-15,-2.3092638912203256e-14,5.75,16029.0
2023-09-15,-2.3092638912203256e-14,6.0,16035.0
2023-09-15,-2.3092638912203256e-14,6.25,16041.25
2023-09-15,-2.3092638912203256e-14,6.5,16047.75
2023-09-15,-2.3092638912203256e-14,6.75,16054.5
2023-09-15,5.7248263452587755,7.0,16061.5
2023-09-15,11.365322013474003,7.25,16068.75
2023-09-15,13.799961390691891,7.5,16076.25
2023-09-15,13.799961390691891,7.75,16084.0
2023-09-15,13.799961390691891,8.0,16092.0
2023-09-15,13.799961390691891,8.25,16100.25
2023-09-15,19.80381341964852,8.5,16108.75
2023-09-15,19.80381341964852,8.75,16117.5
2023-09-15,19.80381341964852,9.0,16126.5
2023-09-15,19.80381341964852,9.25,16135.75
2023-09-15,19.80381341964852,9.5,16145.25
2023-09-15,24.453655996290216,9.75,16155.0
2023-09-15,30.844997384146474,10.0,16165.0
2023-09-15,30.844997384146474,10.25,16175.25
2023-09-15,30.844997384146474,10.5,16185.75
2023-09-15,30.844997384146474,10.75,16196.5
2023-09-15,25.120171038887676,11.0,16207.5
2023-09-15,25.120171038887676,11.25,16218.75
2023-09-15,18.72882965103142,11.5,16230.25
2023-09-15,18.72882965103142,11.75,16242.0
2023-09-15,18.72882965103142,12.0,16254.0
2023-09-15,18.72882965103142,12.25,16266.25
2023-09-15,18.72882965103142,12.5,16278.75
2023-09-15,18.72882965103142,12.75,16291.5
2023-09-15,18.72882965103142,13.0,16304.5
2023-09-15,18.72882965103142,13.25,16317.75
2023-09-15,18.72882965103142,13.5,16331.25
2023-09-15,18.72882965103142,13.75,16345.0
2023-09-15,18.72882965103142,14.0,16359.0
2023-09-15,12.724977622074787,14.25,16373.25
2023-09-15,12.724977622074787,14.5,16387.75
2023-09-15,12.724977622074787,14.75,16402.5
2023-09-15,12.724977622074787,15.0,16417.5
2023-09-15,12.724977622074787,15.25,16432.75
2023-09-15,12.724977622074787,15.5,16448.25
2023-09-15,12.724977622074787,15.75,16464.0
2023-09-15,12.724977622074787,16.0,16480.0
2023-09-15,12.724977622074787,16.25,16496.25
2023-09-15,7.08448195385956,16.5,16512.75
2023-09-15,7.08448195385956,16.75,16529.5
2023-09-15,4.649842576641673,17.0,16546.5
2023-09-15,4.649842576641673,17.25,16563.75
2023-09-15,5.1611626468769085,17.5,16581.25
2023-09-15,5.1611626468769085,17.75,16599.0
2023-09-15,5.1611626468769085,18.0,16617.0
2023-09-15,5.1611626468769085,18.25,16635.25
2023-09-15,5.1611626468769085,18.5,16653.75
2023-09-15,5.1611626468769085,18.75,16672.5
2023-09-15,9.787635850183694,19.0,16691.5
2023-09-15,15.619467682015525,19.25,16710.75
2023-09-15,15.619467682015525,19.5,16730.25
2023-09-15,18.612876293262172,19.75,16750.0
2023-09-15,18.612876293262172,20.0,16770.0
2023-09-15,18.612876293262172,20.25,16790.25
2023-09-15,18.612876293262172,20.5,16810.75
2023-09-15,18.612876293262172,20.75,16831.5
2023-09-15,12.78104446143034,21.0,16852.5
2023-09-15,12.78104446143034,21.25,16873.75
2023-09-15,7.619881814553408,21.5,16895.25
2023-09-15,7.619881814553408,21.75,16917.0
2023-09-15,9.240544221341917,22.0,16939.0
2023-09-15,9.240544221341917,22.25,16961.25
2023-09-15,2.9934086112466227,22.5,16983.75
2023-09-15,2.9934086112466227,22.75,17006.5
2023-09-15,-2.4424906541753444e-14,23.0,17029.5
2023-09-15,-2.4424906541753444e-14,23.25,17052.75
2023-09-15,-2.4424906541753444e-14,23.5,17076.25
2023-09-15,-2.4424906541753444e-14,23.75,17100.0
2023-09-18,-2.4424906541753444e-14,0.0,17100.0
2023-09-18,-2.4424906541753444e-14,0.25,17100.25
2023-09-18,-2.4424906541753444e-14,0.5,17100.75
2023-09-18,-2.4424906541753444e-14,0.75,17101.5
2023-09-18,-2.4424906541753444e-14,1.0,17102.5
2023-09-18,-2.4424906541753444e-14,1.25,17103.75
2023-09-18,-2.4424906541753444e-14,1.5,17105.25
2023-09-18,-2.4424906541753444e-14,1.75,17107.0
2023-09-18,-2.4424906541753444e-14,2.0,17109.0
2023-09-18,-2.4424906541753444e-14,2.25,17111.25
2023-09-18,-2.4424906541753444e-14,2.5,17113.75
2023-09-18,-2.4424906541753444e-14,2.75,17116.5
2023-09-18,-2.4424906541753444e-14,3.0,17119.5
2023-09-18,-2.4424906541753444e-14,3.25,17122.75
2023-09-18,-2.4424906541753444e-14,3.5,17126.25
2023-09-18,-2.4424906541753444e-14,3.75,17130.0
2023-09-18,-2.4424906541753444e-14,4.0,17134.0
2023-09-18,-2.4424906541753444e-14,4.25,17138.25
2023-09-18,-2.4424906541753444e-14,4.5,17142.75
2023-09-18,-2.4424906541753444e-14,4.75,17147.5
2023-09-18,-2.4424906541753444e-14,5.0,17152.5
2023-09-18,-2.4424906541753444e-14,5.25,17157.75
2023-09-18,-2.4424906541753444e-14,5.5,17163.25
2023-09-18,-2.4424906541753444e-14,5.75,17169.0
2023-09-18,-2.4424906541753444e-14,6.0,17175.0
2023-09-18,-2.4424906541753444e-14,6.25,17181.25
2023-09-18,-2.4424906541753444e-14,6.5,17187.75
2023-09-18,5.685639210988116,6.75,17194.5
2023-09-18,5.685639210988116,7.0,17201.5
2023-09-18,5.685639210988116,7.25,17208.75
2023-09-18,10.51665180057105,7.5,17216.25
2023-09-18,10.51665180057105,7.75,17224.0
2023-09-18,10.51665180057105,8.0,17232.0
2023-09-18,10.51665180057105,8.25,17240.25
2023-09-18,10.51665180057105,8.5,17248.75
2023-09-18,10.51665180057105,8.75,17257.5
2023-09-18,10.51665180057105,9.0,17266.5
2023-09-18,16.783929094580444,9.25,17275.75
2023-09-18,16.783929094580444,9.5,17285.25
2023-09-18,19.960231065452348,9.75,17295.0
2023-09-18,19.960231065452348,10.0,17305.0
2023-09-18,19.960231065452348,10.25,17315.25
2023-09-18,19.960231065452348,10.5,17325.75
2023-09-18,19.960231065452348,10.75,17336.5
2023-09-18,19.960231065452348,11.0,17347.5
2023-09-18,16.783929094580444,11.25,17358.75
2023-09-18,16.783929094580444,11.5,17370.25
2023-09-18,16.783929094580444,11.75,17382.0
2023-09-18,11.098289883592305,12.0,17394.0
2023-09-18,11.098289883592305,12.25,17406.25
2023-09-18,11.098289883592305,12.5,17418.75
2023-09-18,11.098289883592305,12.75,17431.5
2023-09-18,11.098289883592305,13.0,17444.5
2023-09-18,11.098289883592305,13.25,17457.75
2023-09-18,11.098289883592305,13.5,17471.25
2023-09-18,11.098289883592305,13.75,17485.0
2023-09-18,11.098289883592305,14.0,17499.0
2023-09-18,11.098289883592305,14.25,17513.25
2023-09-18,11.098289883592305,14.5,17527.75
2023-09-18,11.098289883592305,14.75,17542.5
2023-09-18,11.098289883592305,15.0,17557.5
2023-09-18,11.098289883592305,15.25,17572.75
2023-09-18,11.098289883592305,15.5,17588.25
2023-09-18,11.098289883592305,15.75,17604.0
2023-09-18,6.213201555855335,16.0,17620.0
2023-09-18,6.213201555855335,16.25,17636.25
2023-09-18,6.213201555855335,16.5,17652.75
2023-09-18,12.668865122250171,16.75,17669.5
2023-09-18,7.837852532667237,17.0,17686.5
2023-09-18,7.837852532667237,17.25,17703.75
2023-09-18,7.837852532667237,17.5,17721.25
2023-09-18,6.455663566394815,17.75,17739.0
2023-09-18,6.455663566394815,18.0,17757.0
2023-09-18,6.455663566394815,18.25,17775.25
2023-09-18,6.455663566394815,18.5,17793.75
2023-09-18,6.455663566394815,18.75,17812.5
2023-09-18,-2.1316282072803006e-14,19.0,17831.5
2023-09-18,-2.1316282072803006e-14,19.25,17850.75
2023-09-18,5.340959629131094,19.5,17870.25
2023-09-18,5.340959629131094,19.75,17890.0
2023-09-18,5.340959629131094,20.0,17910.0
2023-09-18,5.340959629131094,20.25,17930.25
2023-09-18,5.340959629131094,20.5,17950.75
2023-09-18,5.340959629131094,20.75,17971.5
2023-09-18,5.340959629131094,21.0,17992.5
2023-09-18,5.340959629131094,21.25,18013.75
2023-09-18,5.340959629131094,21.5,18035.25
2023-09-18,5.340959629131094,21.75,18057.0
2023-09-18,5.340959629131094,22.0,18079.0
2023-09-18,5.340959629131094,22.25,18101.25
2023-09-18,5.340959629131094,22.5,18123.75
2023-09-18,5.340959629131094,22.75,18146.5
2023-09-18,-2.1316282072803006e-14,23.0,18169.5
2023-09-18,-2.1316282072803006e-14,23.25,18192.75
2023-09-18,-2.1316282072803006e-14,23.5,18216.25
2023-09-18,-2.1316282072803006e-14,23.75,18240.0
2023-09-19,-2.1316282072803006e-14,0.0,18240.0
2023-09-19,-2.1316282072803006e-14,0.25,18240.25
2023-09-19,-2.1316282072803006e-14,0.5,18240.75
2023-09-19,-2.1316282072803006e-14,0.75,18241.5
2023-09-19,-2.1316282072803006e-14,1.0,18242.5
2023-09-19,-2.1316282072803006e-14,1.25,18243.75
2023-09-19,-2.1316282072803006e-14,1.5,18245.25
2023-09-19,-2.1316282072803006e-14,1.75,18247.0
2023-09-19,-2.1316282072803006e-14,2.0,18249.0
2023-09-19,-2.1316282072803006e-14,2.25,18251.25
2023-09-19,-2.1316282072803006e-14,2.5,18253.75
2023-09-19,-2.1316282072803006e-14,2.75,18256.5
2023-09-19,-2.1316282072803006e-14,3.0,18259.5
2023-09-19,-2.1316282072803006e-14,3.25,18262.75
2023-09-19,-2.1316282072803006e-14,3.5,18266.25
2023-09-19,-2.1316282072803006e-14,3.75,18270.0
2023-09-19,-2.1316282072803006e-14,4.0,18274.0
2023-09-19,-2.1316282072803006e-14,4.25,18278.25
2023-09-19,-2.1316282072803006e-14,4.5,18282.75
2023-09-19,-2.1316282072803006e-14,4.75,18287.5
2023-09-19,-2.1316282072803006e-14,5.0,18292.5
2023-09-19,-2.1316282072803006e-14,5.25,18297.75
2023-09-19,-2.1316282072803006e-14,5.5,18303.25
2023-09-19,-2.1316282072803006e-14,5.75,18309.0
2023-09-19,-2.1316282072803006e-14,6.0,18315.0
2023-09-19,-2.1316282072803006e-14,6.25,18321.25
2023-09-19,-2.1316282072803006e-14,6.5,18327.75
2023-09-19,-2.1316282072803006e-14,6.75,18334.5
2023-09-19,-2.1316282072803006e-14,7.0,18341.5
2023-09-19,5.762866557827633,7.25,18348.75
2023-09-19,5.762866557827633,7.5,18356.25
2023-09-19,5.762866557827633,7.75,18364.0
2023-09-19,5.762866557827633,8.0,18372.0
2023-09-19,5.762866557827633,8.25,18380.25
2023-09-19,5.762866557827633,8.5,18388.75
2023-09-19,14.635675013003912,8.75,18397.5
2023-09-19,14.635675013003912,9.0,18406.5
2023-09-19,19.66625037995845,9.25,18415.75
2023-09-19,19.66625037995845,9.5,18425.25
2023-09-19,19.66625037995845,9.75,18435.0
2023-09-19,19.66625037995845,10.0,18445.0
2023-09-19,19.666389763659478,10.25,18455.25
2023-09-19,14.992162316545691,10.5,18465.75
2023-09-19,14.992162316545691,10.75,18476.5
2023-09-19,14.992162316545691,11.0,18487.5
2023-09-19,14.992162316545691,11.25,18498.75
2023-09-19,14.992162316545691,11.5,18510.25
2023-09-19,22.442938019517236,11.75,18522.0
2023-09-19,22.442938019517236,12.0,18534.0
2023-09-19,22.442938019517236,12.25,18546.25
2023-09-19,22.442938019517236,12.5,18558.75
2023-09-19,16.680071461689582,12.75,18571.5
2023-09-19,16.680071461689582,13.0,18584.5
2023-09-19,11.992470598916377,13.25,18597.75
2023-09-19,11.992470598916377,13.5,18611.25
2023-09-19,18.35137841922345,13.75,18625.0
2023-09-19,22.520015307187382,14.0,18639.0
2023-09-19,22.520015307187382,14.25,18653.25
2023-09-19,22.520015307187382,14.5,18667.75
2023-09-19,22.520015307187382,14.75,18682.5
2023-09-19,22.520015307187382,15.0,18697.5
2023-09-19,22.520015307187382,15.25,18712.75
2023-09-19,22.520015307187382,15.5,18728.25
2023-09-19,22.520015307187382,15.75,18744.0
2023-09-19,22.520015307187382,16.0,18760.0
2023-09-19,17.48943994023284,16.25,18776.25
2023-09-19,17.48943994023284,16.5,18792.75
2023-09-19,17.48943994023284,16.75,18809.5
2023-09-19,23.346146180613726,17.0,18826.5
2023-09-19,19.177509292649795,17.25,18843.75
2023-09-19,19.177369908948766,17.5,18861.25
2023-09-19,19.177369908948766,17.75,18879.0
2023-09-19,19.177369908948766,18.0,18897.0
2023-09-19,19.177369908948766,18.25,18915.25
2023-09-19,19.177369908948766,18.5,18933.75
2023-09-19,19.177369908948766,18.75,18952.5
2023-09-19,19.177369908948766,19.0,18971.5
2023-09-19,-2.4868995751603507e-14,19.25,18990.75
2023-09-19,-2.4868995751603507e-14,19.5,19010.25
2023-09-19,-2.4868995751603507e-14,19.75,19030.0
2023-09-19,-2.4868995751603507e-14,20.0,19050.0
2023-09-19,12.215614060687935,20.25,19070.25
2023-09-19,12.215614060687935,20.5,19090.75
2023-09-19,12.215614060687935,20.75,19111.5
2023-09-19,12.215614060687935,21.0,19132.5
2023-09-19,12.215614060687935,21.25,19153.75
2023-09-19,12.215614060687935,21.5,19175.25
2023-09-19,12.215614060687935,21.75,19197.0
2023-09-19,12.215614060687935,22.0,19219.0
2023-09-19,12.215614060687935,22.25,19241.25
2023-09-19,12.215614060687935,22.5,19263.75
2023-09-19,12.215614060687935,22.75,19286.5
2023-09-19,12.215614060687935,23.0,19309.5
2023-09-19,12.215614060687935,23.25,19332.75
2023-09-19,12.215614060687935,23.5,19356.25
2023-09-19,12.215614060687935,23.75,19380.0
2023-09-20,12.215614060687935,0.0,19380.0
2023-09-20,12.215614060687935,0.25,19380.25
2023-09-20,12.215614060687935,0.5,19380.75
2023-09-20,12.215614060687935,0.75,19381.5
2023-09-20,12.215614060687935,1.0,19382.5
2023-09-20,12.215614060687935,1.25,19383.75
2023-09-20,12.215614060687935,1.5,19385.25
2023-09-20,12.215614060687935,1.75,19387.0
2023-09-20,12.215614060687935,2.0,19389.0
2023-09-20,12.215614060687935,2.25,19391.25
2023-09-20,12.215614060687935,2.5,19393.75
2023-09-20,12.215614060687935,2.75,19396.5
2023-09-20,12.215614060687935,3.0,19399.5
2023-09-20,12.215614060687935,3.25,19402.75
2023-09-20,12.215614060687935,3.5,19406.25
2023-09-20,12.215614060687935,3.75,19410.0
2023-09-20,12.215614060687935,4.0,19414.0
2023-09-20,12.215614060687935,4.25,19418.25
2023-09-20,12.215614060687935,4.5,19422.75
2023-09-20,12.215614060687935,4.75,19427.5
2023-09-20,12.215614060687935,5.0,19432.5
2023-09-20,12.215614060687935,5.25,19437.75
2023-09-20,12.215614060687935,5.5,19443.25
2023-09-20,12.215614060687935,5.75,19449.0
2023-09-20,12.215614060687935,6.0,19455.0
2023-09-20,12.215614060687935,6.25,19461.25
2023-09-20,4.072214962863032,6.5,19467.75
2023-09-20,10.524936940699165,6.75,19474.5
2023-09-20,10.524936940699165,7.0,19481.5
2023-09-20,16.263602566495404,7.25,19488.75
2023-09-20,16.263602566495404,7.5,19496.25
2023-09-20,16.263602566495404,7.75,19504.0
2023-09-20,16.263602566495404,8.0,19512.0
2023-09-20,16.263602566495404,8.25,19520.25
2023-09-20,16.263602566495404,8.5,19528.75
2023-09-20,16.263602566495404,8.75,19537.5
2023-09-20,17.595381791726805,9.0,19546.5
2023-09-20,17.595381791726805,9.25,19555.75
2023-09-20,22.870814835174567,9.5,19565.25
2023-09-20,22.870814835174567,9.75,19575.0
2023-09-20,22.870814835174567,10.0,19585.0
2023-09-20,22.870814835174567,10.25,19595.25
2023-09-20,22.870814835174567,10.5,19605.75
2023-09-20,22.870814835174567,10.75,19616.5
2023-09-20,22.870814835174567,11.0,19627.5
2023-09-20,22.870814835174567,11.25,19638.75
2023-09-20,22.870814835174567,11.5,19650.25
2023-09-20,28.927946564340473,11.75,19662.0
2023-09-20,22.47522458650434,12.0,19674.0
2023-09-20,22.47522458650434,12.25,19686.25
2023-09-20,22.47522458650434,12.5,19698.75
2023-09-20,22.47522458650434,12.75,19711.5
2023-09-20,18.40300962364128,13.0,19724.5
2023-09-20,18.40300962364128,13.25,19737.75
2023-09-20,18.40300962364128,13.5,19751.25
2023-09-20,18.40300962364128,13.75,19765.0
2023-09-20,24.449207083497388,14.0,19779.0
2023-09-20,24.449207083497388,14.25,19793.25
2023-09-20,24.449207083497388,14.5,19807.75
2023-09-20,24.449207083497388,14.75,19822.5
2023-09-20,24.449207083497388,15.0,19837.5
2023-09-20,30.47083138706457,15.25,19852.75
2023-09-20,30.47083138706457,15.5,19868.25
2023-09-20,30.47083138706457,15.75,19884.0
2023-09-20,24.413699657898665,16.0,19900.0
2023-09-20,23.081920432667264,16.25,19916.25
2023-09-20,17.343254806871027,16.5,19932.75
2023-09-20,17.343254806871027,16.75,19949.5
2023-09-20,17.343254806871027,17.0,19966.5
2023-09-20,17.343254806871027,17.25,19983.75
2023-09-20,12.067821763423265,17.5,20001.25
2023-09-20,12.067821763423265,17.75,20019.0
2023-09-20,12.067821763423265,18.0,20037.0
2023-09-20,12.067821763423265,18.25,20055.25
2023-09-20,12.067821763423265,18.5,20073.75
2023-09-20,6.021624303567158,18.75,20092.5
2023-09-20,6.021624303567158,19.0,20111.5
2023-09-20,-2.4868995751603507e-14,19.25,20130.75
2023-09-20,-2.4868995751603507e-14,19.5,20150.25
2023-09-20,-2.4868995751603507e-14,19.75,20170.0
2023-09-20,-2.4868995751603507e-14,20.0,20190.0
2023-09-20,6.148189632082568,20.25,20210.25
2023-09-20,6.148189632082568,20.5,20230.75
2023-09-20,6.148189632082568,20.75,20251.5
2023-09-20,-2.4868995751603507e-14,21.0,20272.5
2023-09-20,-2.4868995751603507e-14,21.25,20293.75
2023-09-20,-2.4868995751603507e-14,21.5,20315.25
2023-09-20,-2.4868995751603507e-14,21.75,20337.0
2023-09-20,-2.4868995751603507e-14,22.0,20359.0
2023-09-20,-2.4868995751603507e-14,22.25,20381.25
2023-09-20,-2.4868995751603507e-14,22.5,20403.75
2023-09-20,-2.4868995751603507e-14,22.75,20426.5
2023-09-20,-2.4868995751603507e-14,23.0,20449.5
2023-09-20,-2.4868995751603507e-14,23.25,20472.75
2023-09-20,-2.4868995751603507e-14,23.5,20496.25
2023-09-20,-2.4868995751603507e-14,23.75,20520.0
2023-09-21,-2.4868995751603507e-14,0.0,20520.0
2023-09-21,-2.4868995751603507e-14,0.25,20520.25
2023-09-21,-2.4868995751603507e-14,0.5,20520.75
2023-09-21,-2.4868995751603507e-14,0.75,20521.5
2023-09-21,-2.4868995751603507e-14,1.0,20522.5
2023-09-21,-2.4868995751603507e-14,1.25,20523.75
2023-09-21,-2.4868995751603507e-14,1.5,20525.25
2023-09-21,-2.4868995751603507e-14,1.75,20527.0
2023-09-21,-2.4868995751603507e-14,2.0,20529.0
2023-09-21,-2.4868995751603507e-14,2.25,20531.25
2023-09-21,-2.4868995751603507e-14,2.5,20533.75
2023-09-21,-2.4868995751603507e-14,2.75,20536.5
2023-09-21,-2.4868995751603507e-14,3.0,20539.5
2023-09-21,-2.4868995751603507e-14,3.25,20542.75
2023-09-21,-2.4868995751603507e-14,3.5,20546.25
2023-09-21,-2.4868995751603507e-14,3.75,20550.0
2023-09-21,-2.4868995751603507e-14,4.0,20554.0
2023-09-21,-2.4868995751603507e-14,4.25,20558.25
2023-09-21,-2.4868995751603507e-14,4.5,20562.75
2023-09-21,-2.4868995751603507e-14,4.75,20567.5
2023-09-21,-2.4868995751603507e-14,5.0,20572.5
2023-09-21,-2.4868995751603507e-14,5.25,20577.75
2023-09-21,-2.4868995751603507e-14,5.5,20583.25
2023-09-21,-2.4868995751603507e-14,5.75,20589.0
2023-09-21,-2.4868995751603507e-14,6.0,20595.0
2023-09-21,-2.4868995751603507e-14,6.25,20601.25
2023-09-21,-2.4868995751603507e-14,6.5,20607.75
2023-09-21,6.4110176550745805,6.75,20614.5
2023-09-21,6.4110176550745805,7.0,20621.5
2023-09-21,6.4110176550745805,7.25,20628.75
2023-09-21,6.4110176550745805,7.5,20636.25
2023-09-21,6.4110176550745805,7.75,20644.0
2023-09-21,6.4110176550745805,8.0,20652.0
2023-09-21,12.22116030867482,8.25,20660.25
2023-09-21,12.22116030867482,8.5,20668.75
2023-09-21,17.74627272958885,8.75,20677.5
2023-09-21,17.74627272958885,9.0,20686.5
2023-09-21,22.71384348430583,9.25,20695.75
2023-09-21,22.71384348430583,9.5,20705.25
2023-09-21,22.71384348430583,9.75,20715.0
2023-09-21,22.71384348430583,10.0,20725.0
2023-09-21,22.71384348430583,10.25,20735.25
2023-09-21,23.64503737094406,10.5,20745.75
2023-09-21,23.64503737094406,10.75,20756.5
2023-09-21,23.64503737094406,11.0,20767.5
2023-09-21,23.64503737094406,11.25,20778.75
2023-09-21,17.234019715869454,11.5,20790.25
2023-09-21,17.234019715869454,11.75,20802.0
2023-09-21,17.234019715869454,12.0,20814.0
2023-09-21,17.234019715869454,12.25,20826.25
2023-09-21,17.234019715869454,12.5,20838.75
2023-09-21,17.234019715869454,12.75,20851.5
2023-09-21,17.234019715869454,13.0,20864.5
2023-09-21,17.234019715869454,13.25,20877.75
2023-09-21,17.234019715869454,13.5,20891.25
2023-09-21,17.234019715869454,13.75,20905.0
2023-09-21,17.234019715869454,14.0,20919.0
2023-09-21,23.647565227663257,14.25,20933.25
2023-09-21,29.713632210970882,14.5,20947.75
2023-09-21,29.713632210970882,14.75,20962.5
2023-09-21,29.713632210970882,15.0,20977.5
2023-09-21,29.713632210970882,15.25,20992.75
2023-09-21,29.713632210970882,15.5,21008.25
2023-09-21,29.713632210970882,15.75,21024.0
2023-09-21,29.713632210970882,16.0,21040.0
2023-09-21,29.713632210970882,16.25,21056.25
2023-09-21,31.317962822935083,16.5,21072.75
2023-09-21,32.723646135402554,16.75,21089.5
2023-09-21,32.723646135402554,17.0,21106.5
2023-09-21,20.847436498494687,17.25,21123.75
2023-09-21,21.375259005139817,17.5,21141.25
2023-09-21,21.375259005139817,17.75,21159.0
2023-09-21,21.375259005139817,18.0,21177.0
2023-09-21,21.375259005139817,18.25,21195.25
2023-09-21,20.444065118501587,18.5,21213.75
2023-09-21,20.444065118501587,18.75,21232.5
2023-09-21,14.030519606707783,19.0,21251.5
2023-09-21,7.977584679148621,19.25,21270.75
2023-09-21,10.36736475050301,19.5,21290.25
2023-09-21,10.36736475050301,19.75,21310.0
2023-09-21,10.36736475050301,20.0,21330.0
2023-09-21,10.36736475050301,20.25,21350.25
2023-09-21,10.36736475050301,20.5,21370.75
2023-09-21,10.36736475050301,20.75,21391.5
2023-09-21,10.36736475050301,21.0,21412.5
2023-09-21,10.36736475050301,21.25,21433.75
2023-09-21,10.36736475050301,21.5,21455.25
2023-09-21,10.36736475050301,21.75,21477.0
2023-09-21,10.36736475050301,22.0,21499.0
2023-09-21,10.36736475050301,22.25,21521.25
2023-09-21,10.36736475050301,22.5,21543.75
2023-09-21,10.36736475050301,22.75,21566.5
2023-09-21,-3.1530333899354446e-14,23.0,21589.5
2023-09-21,-3.1530333899354446e-14,23.25,21612.75
2023-09-21,-3.1530333899354446e-14,23.5,21636.25
2023-09-21,-3.1530333899354446e-14,23.75,21660.0
2023-09-22,-3.1530333899354446e-14,0.0,21660.0
2023-09-22,-3.1530333899354446e-14,0.25,21660.25
2023-09-22,-3.1530333899354446e-14,0.5,21660.75
2023-09-22,-3.1530333899354446e-14,0.75,21661.5
2023-09-22,-3.1530333899354446e-14,1.0,21662.5
2023-09-22,-3.1530333899354446e-14,1.25,21663.75
2023-09-22,-3.1530333899354446e-14,1.5,21665.25
2023-09-22,-3.1530333899354446e-14,1.75,21667.0
2023-09-22,-3.1530333899354446e-14,2.0,21669.0
2023-09-22,-3.1530333899354446e-14,2.25,21671.25
2023-09-22,-3.1530333899354446e-14,2.5,21673.75
2023-09-22,-3.1530333899354446e-14,2.75,21676.5
2023-09-22,-3.1530333899354446e-14,3.0,21679.5
2023-09-22,-3.1530333899354446e-14,3.25,21682.75
2023-09-22,-3.1530333899354446e-14,3.5,21686.25
2023-09-22,-3.1530333899354446e-14,3.75,21690.0
2023-09-22,-3.1530333899354446e-14,4.0,21694.0
2023-09-22,-3.1530333899354446e-14,4.25,21698.25
2023-09-22,-3.1530333899354446e-14,4.5,21702.75
2023-09-22,-3.1530333899354446e-14,4.75,21707.5
2023-09-22,-3.1530333899354446e-14,5.0,21712.5
2023-09-22,-3.1530333899354446e-14,5.25,21717.75
2023-09-22,-3.1530333899354446e-14,5.5,21723.25
2023-09-22,-3.1530333899354446e-14,5.75,21729.0
2023-09-22,-3.1530333899354446e-14,6.0,21735.0
2023-09-22,-3.1530333899354446e-14,6.25,21741.25
2023-09-22,-3.1530333899354446e-14,6.5,21747.75
2023-09-22,-3.1530333899354446e-14,6.75,21754.5
2023-09-22,-3.1530333899354446e-14,7.0,21761.5
2023-09-22,5.996240716216763,7.25,21768.75
2023-09-22,5.996240716216763,7.5,21776.25
2023-09-22,5.996240716216763,7.75,21784.0
2023-09-22,5.996240716216763,8.0,21792.0
2023-09-22,5.996240716216763,8.25,21800.25
2023-09-22,5.996240716216763,8.5,21808.75
2023-09-22,5.996240716216763,8.75,21817.5
2023-09-22,5.996240716216763,9.0,21826.5
2023-09-22,8.329468967153526,9.25,21835.75
2023-09-22,8.329468967153526,9.5,21845.25
2023-09-22,9.054506203633819,9.75,21855.0
2023-09-22,9.054506203633819,10.0,21865.0
2023-09-22,9.054506203633819,10.25,21875.25
2023-09-22,9.054506203633819,10.5,21885.75
2023-09-22,9.054506203633819,10.75,21896.5
2023-09-22,9.054506203633819,11.0,21907.5
2023-09-22,9.054506203633819,11.25,21918.75
2023-09-22,9.054506203633819,11.5,21930.25
2023-09-22,9.054506203633819,11.75,21942.0
2023-09-22,9.054506203633819,12.0,21954.0
2023-09-22,9.054506203633819,12.25,21966.25
2023-09-22,9.054506203633819,12.5,21978.75
2023-09-22,9.054506203633819,12.75,21991.5
2023-09-22,9.054506203633819,13.0,22004.5
2023-09-22,9.054506203633819,13.25,22017.75
2023-09-22,9.054506203633819,13.5,22031.25
2023-09-22,3.0582654874170254,13.75,22045.0
2023-09-22,3.0582654874170254,14.0,22059.0
2023-09-22,0.7250372364802624,14.25,22073.25
2023-09-22,0.7250372364802624,14.5,22087.75
2023-09-22,0.7250372364802624,14.75,22102.5
2023-09-22,0.7250372364802624,15.0,22117.5
2023-09-22,0.7250372364802624,15.25,22132.75
2023-09-22,0.7250372364802624,15.5,22148.25
2023-09-22,0.7250372364802624,15.75,22164.0
2023-09-22,0.7250372364802624,16.0,22180.0
2023-09-22,0.7250372364802624,16.25,22196.25
2023-09-22,0.7250372364802624,16.5,22212.75
2023-09-22,0.7250372364802624,16.75,22229.5
2023-09-22,0.7250372364802624,17.0,22246.5
2023-09-22,0.7250372364802624,17.25,22263.75
2023-09-22,0.7250372364802624,17.5,22281.25
2023-09-22,0.7250372364802624,17.75,22299.0
2023-09-22,0.7250372364802624,18.0,22317.0
2023-09-22,-3.086420008457935e-14,18.25,22335.25
2023-09-22,-3.086420008457935e-14,18.5,22353.75
2023-09-22,-3.086420008457935e-14,18.75,22372.5
2023-09-22,-3.086420008457935e-14,19.0,22391.5
2023-09-22,-3.086420008457935e-14,19.25,22410.75
2023-09-22,-3.086420008457935e-14,19.5,22430.25
2023-09-22,-3.086420008457935e-14,19.75,22450.0
2023-09-22,-3.086420008457935e-14,20.0,22470.0
2023-09-22,-3.086420008457935e-14,20.25,22490.25
2023-09-22,-3.086420008457935e-14,20.5,22510.75
2023-09-22,-3.086420008457935e-14,20.75,22531.5
2023-09-22,-3.086420008457935e-14,21.0,22552.5
2023-09-22,-3.086420008457935e-14,21.25,22573.75
2023-09-22,-3.086420008457935e-14,21.5,22595.25
2023-09-22,-3.086420008457935e-14,21.75,22617.0
2023-09-22,-3.086420008457935e-14,22.0,22639.0
2023-09-22,-3.086420008457935e-14,22.25,22661.25
2023-09-22,-3.086420008457935e-14,22.5,22683.75
2023-09-22,-3.086420008457935e-14,22.75,22706.5
2023-09-22,-3.086420008457935e-14,23.0,22729.5
2023-09-22,-3.086420008457935e-14,23.25,22752.75
2023-09-22,-3.086420008457935e-14,23.5,22776.25
2023-09-22,-3.086420008457935e-14,23.75,22800.0
2023-09-25,-3.086420008457935e-14,0.0,22800.0
2023-09-25,-3.086420008457935e-14,0.25,22800.25
2023-09-25,-3.086420008457935e-14,0.5,22800.75
2023-09-25,-3.086420008457935e-14,0.75,22801.5
2023-09-25,-3.086420008457935e-14,1.0,22802.5
2023-09-25,-3.086420008457935e-14,1.25,22803.75
2023-09-25,-3.086420008457935e-14,1.5,22805.25
2023-09-25,-3.086420008457935e-14,1.75,22807.0
2023-09-25,-3.086420008457935e-14,2.0,22809.0
2023-09-25,-3.086420008457935e-14,2.25,22811.25
2023-09-25,-3.086420008457935e-14,2.5,22813.75
2023-09-25,-3.086420008457935e-14,2.75,22816.5
2023-09-25,-3.086420008457935e-14,3.0,22819.5
2023-09-25,-3.086420008457935e-14,3.25,22822.75
2023-09-25,-3.086420008457935e-14,3.5,22826.25
2023-09-25,-3.086420008457935e-14,3.75,22830.0
2023-09-25,-3.086420008457935e-14,4.0,22834.0
2023-09-25,-3.086420008457935e-14,4.25,22838.25
2023-09-25,-3.086420008457935e-14,4.5,22842.75
2023-09-25,-3.086420008457935e-14,4.75,22847.5
2023-09-25,-3.086420008457935e-14,5.0,22852.5
2023-09-25,-3.086420008457935e-14,5.25,22857.75
2023-09-25,-3.086420008457935e-14,5.5,22863.25
2023-09-25,-3.086420008457935e-14,5.75,22869.0
2023-09-25,-3.086420008457935e-14,6.0,22875.0
2023-09-25,-3.086420008457935e-14,6.25,22881.25
2023-09-25,-3.086420008457935e-14,6.5,22887.75
2023-09-25,4.674708376533338,6.75,22894.5
2023-09-25,4.674708376533338,7.0,22901.5
2023-09-25,4.674708376533338,7.25,22908.75
2023-09-25,4.674708376533338,7.5,22916.25
2023-09-25,4.674708376533338,7.75,22924.0
2023-09-25,4.674708376533338,8.0,22932.0
2023-09-25,4.674708376533338,8.25,22940.25
2023-09-25,11.040349021136674,8.5,22948.75
2023-09-25,21.997367365075604,8.75,22957.5
2023-09-25,34.29224221744354,9.0,22966.5
2023-09-25,34.29224221744354,9.25,22975.75
2023-09-25,35.835081934322645,9.5,22985.25
2023-09-25,35.835081934322645,9.75,22995.0
2023-09-25,35.835081934322645,10.0,23005.0
2023-09-25,35.835081934322645,10.25,23015.25
2023-09-25,35.835081934322645,10.5,23025.75
2023-09-25,35.835081934322645,10.75,23036.5
2023-09-25,30.4403724027159,11.0,23047.5
2023-09-25,30.4403724027159,11.25,23058.75
2023-09-25,30.4403724027159,11.5,23070.25
2023-09-25,24.074731758112566,11.75,23082.0
2023-09-25,19.400023381579196,12.0,23094.0
2023-09-25,24.166424267083787,12.25,23106.25
2023-09-25,24.166424267083787,12.5,23118.75
2023-09-25,17.78455830124936,12.75,23131.5
2023-09-25,17.78455830124936,13.0,23144.5
2023-09-25,17.78455830124936,13.25,23157.75
2023-09-25,24.236377633243286,13.5,23171.25
2023-09-25,24.236377633243286,13.75,23185.0
2023-09-25,18.674068820911096,14.0,23199.0
2023-09-25,21.375084551094982,14.25,23213.25
2023-09-25,27.577178518514668,14.5,23227.75
2023-09-25,27.577178518514668,14.75,23242.5
2023-09-25,27.577178518514668,15.0,23257.5
2023-09-25,27.577178518514668,15.25,23272.75
2023-09-25,27.577178518514668,15.5,23288.25
2023-09-25,27.577178518514668,15.75,23304.0
2023-09-25,32.126030160742765,16.0,23320.0
2023-09-25,32.126030160742765,16.25,23336.25
2023-09-25,26.21302127420926,16.5,23352.75
2023-09-25,26.21302127420926,16.75,23369.5
2023-09-25,26.21302127420926,17.0,23386.5
2023-09-25,24.67018155733015,17.25,23403.75
2023-09-25,24.67018155733015,17.5,23421.25
2023-09-25,24.67018155733015,17.75,23439.0
2023-09-25,24.67018155733015,18.0,23457.0
2023-09-25,30.615014010293486,18.25,23475.25
2023-09-25,30.615014010293486,18.5,23493.75
2023-09-25,30.615014010293486,18.75,23512.5
2023-09-25,23.3651466378815,19.0,23531.5
2023-09-25,29.57098049466542,19.25,23550.75
2023-09-25,18.602485641741143,19.5,23570.25
2023-09-25,18.602485641741143,19.75,23590.0
2023-09-25,12.657653188777807,20.0,23610.0
2023-09-25,6.451819331993888,20.25,23630.25
2023-09-25,6.451819331993888,20.5,23650.75
2023-09-25,6.451819331993888,20.75,23671.5
2023-09-25,-3.8191672047105385e-14,21.0,23692.5
2023-09-25,-3.8191672047105385e-14,21.25,23713.75
2023-09-25,-3.8191672047105385e-14,21.5,23735.25
2023-09-25,-3.8191672047105385e-14,21.75,23757.0
2023-09-25,-3.8191672047105385e-14,22.0,23779.0
2023-09-25,-3.8191672047105385e-14,22.25,23801.25
2023-09-25,-3.8191672047105385e-14,22.5,23823.75
2023-09-25,-3.8191672047105385e-14,22.75,23846.5
2023-09-25,-3.8191672047105385e-14,23.0,23869.5
2023-09-25,-3.8191672047105385e-14,23.25,23892.75
2023-09-25,-3.8191672047105385e-14,23.5,23916.25
2023-09-25,-3.8191672047105385e-14,23.75,23940.0
2023-09-26,-3.8191672047105385e-14,0.0,23940.0
2023-09-26,-3.8191672047105385e-14,0.25,23940.25
2023-09-26,-3.8191672047105385e-14,0.5,23940.75
2023-09-26,-3.8191672047105385e-14,0.75,23941.5
2023-09-26,-3.8191672047105385e-14,1.0,23942.5
2023-09-26,-3.8191672047105385e-14,1.25,23943.75
2023-09-26,-3.8191672047105385e-14,1.5,23945.25
2023-09-26,-3.8191672047105385e-14,1.75,23947.0
2023-09-26,-3.8191672047105385e-14,2.0,23949.0
2023-09-26,-3.8191672047105385e-14,2.25,23951.25
2023-09-26,-3.8191672047105385e-14,2.5,23953.75
2023-09-26,-3.8191672047105385e-14,2.75,23956.5
2023-09-26,-3.8191672047105385e-14,3.0,23959.5
2023-09-26,-3.8191672047105385e-14,3.25,23962.75
2023-09-26,-3.8191672047105385e-14,3.5,23966.25
2023-09-26,-3.8191672047105385e-14,3.75,23970.0
2023-09-26,-3.8191672047105385e-14,4.0,23974.0
2023-09-26,-3.8191672047105385e-14,4.25,23978.25
2023-09-26,-3.8191672047105385e-14,4.5,23982.75
2023-09-26,-3.8191672047105385e-14,4.75,23987.5
2023-09-26,-3.8191672047105385e-14,5.0,23992.5
2023-09-26,-3.8191672047105385e-14,5.25,23997.75
2023-09-26,-3.8191672047105385e-14,5.5,24003.25
2023-09-26,-3.8191672047105385e-14,5.75,24009.0
2023-09-26,-3.8191672047105385e-14,6.0,24015.0
2023-09-26,-3.8191672047105385e-14,6.25,24021.25
2023-09-26,-3.8191672047105385e-14,6.5,24027.75
2023-09-26,-3.8191672047105385e-14,6.75,24034.5
2023-09-26,-3.8191672047105385e-14,7.0,24041.5
2023-09-26,5.397092355709327,7.25,24048.75
2023-09-26,5.397092355709327,7.5,24056.25
2023-09-26,5.397092355709327,7.75,24064.0
2023-09-26,5.397092355709327,8.0,24072.0
2023-09-26,5.397092355709327,8.25,24080.25
2023-09-26,5.397092355709327,8.5,24088.75
2023-09-26,5.397092355709327,8.75,24097.5
2023-09-26,5.397092355709327,9.0,24106.5
2023-09-26,17.66328685009636,9.25,24115.75
2023-09-26,22.44651926431511,9.5,24125.25
2023-09-26,27.20598266325125,9.75,24135.0
2023-09-26,27.20598266325125,10.0,24145.0
2023-09-26,33.20308945388973,10.25,24155.25
2023-09-26,33.20308945388973,10.5,24165.75
2023-09-26,33.20308945388973,10.75,24176.5
2023-09-26,33.20308945388973,11.0,24187.5
2023-09-26,33.20308945388973,11.25,24198.75
2023-09-26,33.20308945388973,11.5,24210.25
2023-09-26,33.20308945388973,11.75,24222.0
2023-09-26,33.20308945388973,12.0,24234.0
2023-09-26,33.20308945388973,12.25,24246.25
2023-09-26,33.20308945388973,12.5,24258.75
2023-09-26,33.20308945388973,12.75,24271.5
2023-09-26,33.20308945388973,13.0,24284.5
2023-09-26,33.20308945388973,13.25,24297.75
2023-09-26,33.20308945388973,13.5,24311.25
2023-09-26,27.205982663251245,13.75,24325.0
2023-09-26,27.205982663251245,14.0,24339.0
2023-09-26,27.205982663251245,14.25,24353.25
2023-09-26,20.846320757101434,14.5,24367.75
2023-09-26,14.939788168864212,14.75,24382.5
2023-09-26,14.939788168864212,15.0,24397.5
2023-09-26,14.939788168864212,15.25,24412.75
2023-09-26,14.939788168864212,15.5,24428.25
2023-09-26,21.135491528557633,15.75,24444.0
2023-09-26,16.376028129621496,16.0,24460.0
2023-09-26,16.376028129621496,16.25,24476.25
2023-09-26,10.97893577391213,16.5,24492.75
2023-09-26,6.195703359693379,16.75,24509.5
2023-09-26,-4.3520742565306136e-14,17.0,24526.5
2023-09-26,-4.3520742565306136e-14,17.25,24543.75
2023-09-26,-4.3520742565306136e-14,17.5,24561.25
2023-09-26,-4.3520742565306136e-14,17.75,24579.0
2023-09-26,-4.3520742565306136e-14,18.0,24597.0
2023-09-26,-4.3520742565306136e-14,18.25,24615.25
2023-09-26,-4.3520742565306136e-14,18.5,24633.75
2023-09-26,-4.3520742565306136e-14,18.75,24652.5
2023-09-26,-4.3520742565306136e-14,19.0,24671.5
2023-09-26,-4.3520742565306136e-14,19.25,24690.75
2023-09-26,0.0007743654075049932,19.5,24710.25
2023-09-26,0.0007743654075049932,19.75,24730.0
2023-09-26,0.0007743654075049932,20.0,24750.0
2023-09-26,0.0007743654075049932,20.25,24770.25
2023-09-26,0.0007743654075049932,20.5,24790.75
2023-09-26,-4.3520742565306136e-14,20.75,24811.5
2023-09-26,-4.3520742565306136e-14,21.0,24832.5
2023-09-26,-4.3520742565306136e-14,21.25,24853.75
2023-09-26,-4.3520742565306136e-14,21.5,24875.25
2023-09-26,-4.3520742565306136e-14,21.75,24897.0
2023-09-26,-4.3520742565306136e-14,22.0,24919.0
2023-09-26,-4.3520742565306136e-14,22.25,24941.25
2023-09-26,-4.3520742565306136e-14,22.5,24963.75
2023-09-26,-4.3520742565306136e-14,22.75,24986.5
2023-09-26,-4.3520742565306136e-14,23.0,25009.5
2023-09-26,-4.3520742565306136e-14,23.25,25032.75
2023-09-26,-4.3520742565306136e-14,23.5,25056.25
2023-09-26,-4.3520742565306136e-14,23.75,25080.0
2023-09-27,-4.3520742565306136e-14,0.0,25080.0
2023-09-27,-4.3520742565306136e-14,0.25,25080.25
2023-09-27,-4.3520742565306136e-14,0.5,25080.75
2023-09-27,-4.3520742565306136e-14,0.75,25081.5
2023-09-27,-4.3520742565306136e-14,1.0,25082.5
2023-09-27,-4.3520742565306136e-14,1.25,25083.75
2023-09-27,-4.3520742565306136e-14,1.5,25085.25
2023-09-27,-4.3520742565306136e-14,1.75,25087.0
2023-09-27,-4.3520742565306136e-14,2.0,25089.0
2023-09-27,-4.3520742565306136e-14,2.25,25091.25
2023-09-27,-4.3520742565306136e-14,2.5,25093.75
2023-09-27,-4.3520742565306136e-14,2.75,25096.5
2023-09-27,-4.3520742565306136e-14,3.0,25099.5
2023-09-27,-4.3520742565306136e-14,3.25,25102.75
2023-09-27,-4.3520742565306136e-14,3.5,25106.25
2023-09-27,-4.3520742565306136e-14,3.75,25110.0
2023-09-27,-4.3520742565306136e-14,4.0,25114.0
2023-09-27,-4.3520742565306136e-14,4.25,25118.25
2023-09-27,-4.3520742565306136e-14,4.5,25122.75
2023-09-27,-4.3520742565306136e-14,4.75,25127.5
2023-09-27,-4.3520742565306136e-14,5.0,25132.5
2023-09-27,-4.3520742565306136e-14,5.25,25137.75
2023-09-27,-4.3520742565306136e-14,5.5,25143.25
2023-09-27,-4.3520742565306136e-14,5.75,25149.0
2023-09-27,-4.3520742565306136e-14,6.0,25155.0
2023-09-27,-4.3520742565306136e-14,6.25,25161.25
2023-09-27,-4.3520742565306136e-14,6.5,25167.75
2023-09-27,5.1671520634526775,6.75,25174.5
2023-09-27,5.1671520634526775,7.0,25181.5
2023-09-27,5.1671520634526775,7.25,25188.75
2023-09-27,5.1671520634526775,7.5,25196.25
2023-09-27,5.1671520634526775,7.75,25204.0
2023-09-27,6.632772472341641,8.0,25212.0
2023-09-27,6.632772472341641,8.25,25220.25
2023-09-27,6.632772472341641,8.5,25228.75
2023-09-27,6.632772472341641,8.75,25237.5
2023-09-27,6.632772472341641,9.0,25246.5
2023-09-27,14.361433736381525,9.25,25255.75
2023-09-27,14.361433736381525,9.5,25265.25
2023-09-27,12.972319859855908,9.75,25275.0
2023-09-27,12.972319859855908,10.0,25285.0
2023-09-27,12.972319859855908,10.25,25295.25
2023-09-27,12.972319859855908,10.5,25305.75
2023-09-27,12.972319859855908,10.75,25316.5
2023-09-27,12.972319859855908,11.0,25327.5
2023-09-27,12.972319859855908,11.25,25338.75
2023-09-27,12.972319859855908,11.5,25350.25
2023-09-27,12.972319859855908,11.75,25362.0
2023-09-27,7.805167796403187,12.0,25374.0
2023-09-27,14.361433736381525,12.25,25386.25
2023-09-27,14.361433736381525,12.5,25398.75
2023-09-27,14.361433736381525,12.75,25411.5
2023-09-27,14.361433736381525,13.0,25424.5
2023-09-27,14.361433736381525,13.25,25437.75
2023-09-27,14.361433736381525,13.5,25451.25
2023-09-27,14.361433736381525,13.75,25465.0
2023-09-27,14.361433736381525,14.0,25479.0
2023-09-27,14.361433736381525,14.25,25493.25
2023-09-27,14.361433736381525,14.5,25507.75
2023-09-27,14.361433736381525,14.75,25522.5
2023-09-27,20.58150617642409,15.0,25537.5
2023-09-27,20.58150617642409,15.25,25552.75
2023-09-27,20.58150617642409,15.5,25568.25
2023-09-27,20.58150617642409,15.75,25584.0
2023-09-27,20.58150617642409,16.0,25600.0
2023-09-27,20.58150617642409,16.25,25616.25
2023-09-27,23.459933616301335,16.5,25632.75
2023-09-27,23.571243948262346,16.75,25649.5
2023-09-27,23.571243948262346,17.0,25666.5
2023-09-27,23.571243948262346,17.25,25683.75
2023-09-27,23.571243948262346,17.5,25701.25
2023-09-27,22.105623539373383,17.75,25719.0
2023-09-27,22.105623539373383,18.0,25737.0
2023-09-27,22.105623539373383,18.25,25755.25
2023-09-27,22.105623539373383,18.5,25773.75
2023-09-27,28.358898332948463,18.75,25792.5
2023-09-27,28.358898332948463,19.0,25811.5
2023-09-27,19.260398453028653,19.25,25830.75
2023-09-27,19.260398453028653,19.5,25850.25
2023-09-27,19.260398453028653,19.75,25870.0
2023-09-27,13.007123659453573,20.0,25890.0
2023-09-27,13.007123659453573,20.25,25910.25
2023-09-27,13.007123659453573,20.5,25930.75
2023-09-27,13.007123659453573,20.75,25951.5
2023-09-27,13.007123659453573,21.0,25972.5
2023-09-27,13.007123659453573,21.25,25993.75
2023-09-27,13.007123659453573,21.5,26015.25
2023-09-27,6.556265939978296,21.75,26037.0
2023-09-27,6.556265939978296,22.0,26059.0
2023-09-27,-4.263256414560601e-14,22.25,26081.25
2023-09-27,-4.263256414560601e-14,22.5,26103.75
2023-09-27,-4.263256414560601e-14,22.75,26126.5
2023-09-27,-4.263256414560601e-14,23.0,26149.5
2023-09-27,-4.263256414560601e-14,23.25,26172.75
2023-09-27,-4.263256414560601e-14,23.5,26196.25
2023-09-27,-4.263256414560601e-14,23.75,26220.0
2023-09-28,-4.263256414560601e-14,0.0,26220.0
2023-09-28,-4.263256414560601e-14,0.25,26220.25
2023-09-28,-4.263256414560601e-14,0.5,26220.75
2023-09-28,-4.263256414560601e-14,0.75,26221.5
2023-09-28,-4.263256414560601e-14,1.0,26222.5
2023-09-28,-4.263256414560601e-14,1.25,26223.75
2023-09-28,-4.263256414560601e-14,1.5,26225.25
2023-09-28,-4.263256414560601e-14,1.75,26227.0
2023-09-28,-4.263256414560601e-14,2.0,26229.0
2023-09-28,-4.263256414560601e-14,2.25,26231.25
2023-09-28,-4.263256414560601e-14,2.5,26233.75
2023-09-28,-4.263256414560601e-14,2.75,26236.5
2023-09-28,-4.263256414560601e-14,3.0,26239.5
2023-09-28,-4.263256414560601e-14,3.25,26242.75
2023-09-28,-4.263256414560601e-14,3.5,26246.25
2023-09-28,-4.263256414560601e-14,3.75,26250.0
2023-09-28,-4.263256414560601e-14,4.0,26254.0
2023-09-28,-4.263256414560601e-14,4.25,26258.25
2023-09-28,-4.263256414560601e-14,4.5,26262.75
2023-09-28,-4.263256414560601e-14,4.75,26267.5
2023-09-28,-4.263256414560601e-14,5.0,26272.5
2023-09-28,-4.263256414560601e-14,5.25,26277.75
2023-09-28,-4.263256414560601e-14,5.5,26283.25
2023-09-28,-4.263256414560601e-14,5.75,26289.0
2023-09-28,-4.263256414560601e-14,6.0,26295.0
2023-09-28,-4.263256414560601e-14,6.25,26301.25
2023-09-28,-4.263256414560601e-14,6.5,26307.75
2023-09-28,-4.263256414560601e-14,6.75,26314.5
2023-09-28,4.255604220953184,7.0,26321.5
2023-09-28,4.255604220953184,7.25,26328.75
2023-09-28,9.602959175104111,7.5,26336.25
2023-09-28,9.602959175104111,7.75,26344.0
2023-09-28,13.10464505967536,8.0,26352.0
2023-09-28,13.10464505967536,8.25,26360.25
2023-09-28,13.10464505967536,8.5,26368.75
2023-09-28,13.10464505967536,8.75,26377.5
2023-09-28,25.283600218758053,9.0,26386.5
2023-09-28,31.02771656805809,9.25,26395.75
2023-09-28,43.059391597374336,9.5,26405.25
2023-09-28,43.059391597374336,9.75,26415.0
2023-09-28,43.059391597374336,10.0,26425.0
2023-09-28,43.059391597374336,10.25,26435.25
2023-09-28,43.059391597374336,10.5,26445.75
2023-09-28,43.059391597374336,10.75,26456.5
2023-09-28,43.059391597374336,11.0,26467.5
2023-09-28,41.95587384918876,11.25,26478.75
2023-09-28,41.95587384918876,11.5,26490.25
2023-09-28,38.45418796461751,11.75,26502.0
2023-09-28,38.45418796461751,12.0,26514.0
2023-09-28,44.41593065432398,12.25,26526.25
2023-09-28,44.41593065432398,12.5,26538.75
2023-09-28,44.41593065432398,12.75,26551.5
2023-09-28,44.41593065432398,13.0,26564.5
2023-09-28,44.41593065432398,13.25,26577.75
2023-09-28,44.41593065432398,13.5,26591.25
2023-09-28,38.4559927081615,13.75,26605.0
2023-09-28,41.20836087487785,14.0,26619.0
2023-09-28,41.20836087487785,14.25,26633.25
2023-09-28,35.46424452557781,14.5,26647.75
2023-09-28,35.46424452557781,14.75,26662.5
2023-09-28,35.46424452557781,15.0,26677.5
2023-09-28,35.46424452557781,15.25,26692.75
2023-09-28,35.46424452557781,15.5,26708.25
2023-09-28,29.50730912576622,15.75,26724.0
2023-09-28,29.50730912576622,16.0,26740.0
2023-09-28,23.288291912846002,16.25,26756.25
2023-09-28,17.21355228334135,16.5,26772.75
2023-09-28,17.21355228334135,16.75,26789.5
2023-09-28,5.904454639483953,17.0,26806.5
2023-09-28,5.904454639483953,17.25,26823.75
2023-09-28,5.904454639483953,17.5,26841.25
2023-09-28,5.904454639483953,17.75,26859.0
2023-09-28,-4.263256414560601e-14,18.0,26877.0
2023-09-28,-4.263256414560601e-14,18.25,26895.25
2023-09-28,-4.263256414560601e-14,18.5,26913.75
2023-09-28,-4.263256414560601e-14,18.75,26932.5
2023-09-28,-4.263256414560601e-14,19.0,26951.5
2023-09-28,-4.263256414560601e-14,19.25,26970.75
2023-09-28,-4.263256414560601e-14,19.5,26990.25
2023-09-28,-4.263256414560601e-14,19.75,27010.0
2023-09-28,-4.263256414560601e-14,20.0,27030.0
2023-09-28,-4.263256414560601e-14,20.25,27050.25
2023-09-28,-4.263256414560601e-14,20.5,27070.75
2023-09-28,-4.263256414560601e-14,20.75,27091.5
2023-09-28,-4.263256414560601e-14,21.0,27112.5
2023-09-28,-4.263256414560601e-14,21.25,27133.75
2023-09-28,-4.263256414560601e-14,21.5,27155.25
2023-09-28,-4.263256414560601e-14,21.75,27177.0
2023-09-28,-4.263256414560601e-14,22.0,27199.0
2023-09-28,-4.263256414560601e-14,22.25,27221.25
2023-09-28,-4.263256414560601e-14,22.5,27243.75
2023-09-28,-4.263256414560601e-14,22.75,27266.5
2023-09-28,-4.263256414560601e-14,23.0,27289.5
2023-09-28,-4.263256414560601e-14,23.25,27312.75
2023-09-28,-4.263256414560601e-14,23.5,27336.25
2023-09-28,-4.263256414560601e-14,23.75,27360.0
2023-09-29,-4.263256414560601e-14,0.0,27360.0
2023-09-29,-4.263256414560601e-14,0.25,27360.25
2023-09-29,-4.263256414560601e-14,0.5,27360.75
2023-09-29,-4.263256414560601e-14,0.75,27361.5
2023-09-29,-4.263256414560601e-14,1.0,27362.5
2023-09-29,-4.263256414560601e-14,1.25,27363.75
2023-09-29,-4.263256414560601e-14,1.5,27365.25
2023-09-29,-4.263256414560601e-14,1.75,27367.0
2023-09-29,-4.263256414560601e-14,2.0,27369.0
2023-09-29,-4.263256414560601e-14,2.25,27371.25
2023-09-29,-4.263256414560601e-14,2.5,27373.75
2023-09-29,-4.263256414560601e-14,2.75,27376.5
2023-09-29,-4.263256414560601e-14,3.0,27379.5
2023-09-29,-4.263256414560601e-14,3.25,27382.75
2023-09-29,-4.263256414560601e-14,3.5,27386.25
2023-09-29,-4.263256414560601e-14,3.75,27390.0
2023-09-29,-4.263256414560601e-14,4.0,27394.0
2023-09-29,-4.263256414560601e-14,4.25,27398.25
2023-09-29,-4.263256414560601e-14,4.5,27402.75
2023-09-29,-4.263256414560601e-14,4.75,27407.5
2023-09-29,-4.263256414560601e-14,5.0,27412.5
2023-09-29,-4.263256414560601e-14,5.25,27417.75
2023-09-29,-4.263256414560601e-14,5.5,27423.25
2023-09-29,-4.263256414560601e-14,5.75,27429.0
2023-09-29,-4.263256414560601e-14,6.0,27435.0
2023-09-29,-4.263256414560601e-14,6.25,27441.25
2023-09-29,-4.263256414560601e-14,6.5,27447.75
2023-09-29,-4.263256414560601e-14,6.75,27454.5
2023-09-29,-4.263256414560601e-14,7.0,27461.5
2023-09-29,5.63263122847423,7.25,27468.75
2023-09-29,9.055723948466015,7.5,27476.25
2023-09-29,9.055723948466015,7.75,27484.0
2023-09-29,9.055723948466015,8.0,27492.0
2023-09-29,9.055723948466015,8.25,27500.25
2023-09-29,9.055723948466015,8.5,27508.75
2023-09-29,9.055723948466015,8.75,27517.5
2023-09-29,9.055723948466015,9.0,27526.5
2023-09-29,11.532155154914983,9.25,27535.75
2023-09-29,11.532155154914983,9.5,27545.25
2023-09-29,11.532155154914983,9.75,27555.0
2023-09-29,12.378199600040931,10.0,27565.0
2023-09-29,12.378199600040931,10.25,27575.25
2023-09-29,15.60154273915957,10.5,27585.75
2023-09-29,15.60154273915957,10.75,27596.5
2023-09-29,15.60154273915957,11.0,27607.5
2023-09-29,15.60154273915957,11.25,27618.75
2023-09-29,25.413154926771245,11.5,27630.25
2023-09-29,25.413154926771245,11.75,27642.0
2023-09-29,25.413154926771245,12.0,27654.0
2023-09-29,25.413154926771245,12.25,27666.25
2023-09-29,25.413154926771245,12.5,27678.75
2023-09-29,25.413154926771245,12.75,27691.5
2023-09-29,25.413154926771245,13.0,27704.5
2023-09-29,25.413154926771245,13.25,27717.75
2023-09-29,26.8646691420388,13.5,27731.25
2023-09-29,23.64132600292016,13.75,27745.0
2023-09-29,14.725179743542938,14.0,27759.0
2023-09-29,14.725179743542938,14.25,27773.25
2023-09-29,14.725179743542938,14.5,27787.75
2023-09-29,14.725179743542938,14.75,27802.5
2023-09-29,14.725179743542938,15.0,27817.5
2023-09-29,14.725179743542938,15.25,27832.75
2023-09-29,20.795616332901858,15.5,27848.25
2023-09-29,20.795616332901858,15.75,27864.0
2023-09-29,20.795616332901858,16.0,27880.0
2023-09-29,20.795616332901858,16.25,27896.25
2023-09-29,23.68725319561991,16.5,27912.75
2023-09-29,11.791087969744162,16.75,27929.5
2023-09-29,6.916481034484821,17.0,27946.5
2023-09-29,6.916481034484821,17.25,27963.75
2023-09-29,6.916481034484821,17.5,27981.25
2023-09-29,0.8460444451259033,17.75,27999.0
2023-09-29,0.8460444451259033,18.0,28017.0
2023-09-29,0.8460444451259033,18.25,28035.25
2023-09-29,6.26050835723465,18.5,28053.75
2023-09-29,-4.529709940470639e-14,18.75,28072.5
2023-09-29,-4.529709940470639e-14,19.0,28091.5
2023-09-29,-4.529709940470639e-14,19.25,28110.75
2023-09-29,-4.529709940470639e-14,19.5,28130.25
2023-09-29,-4.529709940470639e-14,19.75,28150.0
2023-09-29,-4.529709940470639e-14,20.0,28170.0
2023-09-29,-4.529709940470639e-14,20.25,28190.25
2023-09-29,-4.529709940470639e-14,20.5,28210.75
2023-09-29,-4.529709940470639e-14,20.75,28231.5
2023-09-29,-4.529709940470639e-14,21.0,28252.5
2023-09-29,-4.529709940470639e-14,21.25,28273.75
2023-09-29,-4.529709940470639e-14,21.5,28295.25
2023-09-29,-4.529709940470639e-14,21.75,28317.0
2023-09-29,-4.529709940470639e-14,22.0,28339.0
2023-09-29,-4.529709940470639e-14,22.25,28361.25
2023-09-29,-4.529709940470639e-14,22.5,28383.75
2023-09-29,-4.529709940470639e-14,22.75,28406.5
2023-09-29,-4.529709940470639e-14,23.0,28429.5
2023-09-29,-4.529709940470639e-14,23.25,28452.75
2023-09-29,-4.529709940470639e-14,23.5,28476.25
2023-09-29,-4.529709940470639e-14,23.75,28500.0
2023-10-02,-4.529709940470639e-14,0.0,28500.0
2023-10-02,-4.529709940470639e-14,0.25,28500.25
2023-10-02,-4.529709940470639e-14,0.5,28500.75
2023-10-02,-4.529709940470639e-14,0.75,28501.5
2023-10-02,-4.529709940470639e-14,1.0,28502.5
2023-10-02,-4.529709940470639e-14,1.25,28503.75
2023-10-02,-4.529709940470639e-14,1.5,28505.25
2023-10-02,-4.529709940470639e-14,1.75,28507.0
2023-10-02,-4.529709940470639e-14,2.0,28509.0
2023-10-02,-4.529709940470639e-14,2.25,28511.25
2023-10-02,-4.529709940470639e-14,2.5,28513.75
2023-10-02,-4.529709940470639e-14,2.75,28516.5
2023-10-02,-4.529709940470639e-14,3.0,28519.5
2023-10-02,-4.529709940470639e-14,3.25,28522.75
2023-10-02,-4.529709940470639e-14,3.5,28526.25
2023-10-02,-4.529709940470639e-14,3.75,28530.0
2023-10-02,-4.529709940470639e-14,4.0,28534.0
2023-10-02,-4.529709940470639e-14,4.25,28538.25
2023-10-02,-4.529709940470639e-14,4.5,28542.75
2023-10-02,-4.529709940470639e-14,4.75,28547.5
2023-10-02,-4.529709940470639e-14,5.0,28552.5
2023-10-02,-4.529709940470639e-14,5.25,28557.75
2023-10-02,-4.529709940470639e-14,5.5,28563.25
2023-10-02,-4.529709940470639e-14,5.75,28569.0
2023-10-02,-4.529709940470639e-14,6.0,28575.0
2023-10-02,-4.529709940470639e-14,6.25,28581.25
2023-10-02,-4.529709940470639e-14,6.5,28587.75
2023-10-02,-4.529709940470639e-14,6.75,28594.5
2023-10-02,-4.529709940470639e-14,7.0,28601.5
2023-10-02,-4.529709940470639e-14,7.25,28608.75
2023-10-02,-4.529709940470639e-14,7.5,28616.25
2023-10-02,6.211344892235103,7.75,28624.0
2023-10-02,6.211344892235103,8.0,28632.0
2023-10-02,6.211344892235103,8.25,28640.25
2023-10-02,6.211344892235103,8.5,28648.75
2023-10-02,6.211344892235103,8.75,28657.5
2023-10-02,10.729483482254437,9.0,28666.5
2023-10-02,10.729483482254437,9.25,28675.75
2023-10-02,10.729483482254437,9.5,28685.25
2023-10-02,10.729483482254437,9.75,28695.0
2023-10-02,10.729483482254437,10.0,28705.0
2023-10-02,10.729483482254437,10.25,28715.25
2023-10-02,10.729483482254437,10.5,28725.75
2023-10-02,10.729483482254437,10.75,28736.5
2023-10-02,17.160561585576072,11.0,28747.5
2023-10-02,10.949216693340924,11.25,28758.75
2023-10-02,10.949216693340924,11.5,28770.25
2023-10-02,10.949216693340924,11.75,28782.0
2023-10-02,10.949216693340924,12.0,28794.0
2023-10-02,10.949216693340924,12.25,28806.25
2023-10-02,10.949216693340924,12.5,28818.75
2023-10-02,10.949216693340924,12.75,28831.5
2023-10-02,10.949216693340924,13.0,28844.5
2023-10-02,10.949216693340924,13.25,28857.75
2023-10-02,10.949216693340924,13.5,28871.25
2023-10-02,10.949216693340924,13.75,28885.0
2023-10-02,10.949216693340924,14.0,28899.0
2023-10-02,10.949216693340924,14.25,28913.25
2023-10-02,10.949216693340924,14.5,28927.75
2023-10-02,10.949216693340924,14.75,28942.5
2023-10-02,10.949216693340924,15.0,28957.5
2023-10-02,10.949216693340924,15.25,28972.75
2023-10-02,10.949216693340924,15.5,28988.25
2023-10-02,10.949216693340924,15.75,29004.0
2023-10-02,10.949216693340924,16.0,29020.0
2023-10-02,10.949216693340924,16.25,29036.25
2023-10-02,6.431078103321591,16.5,29052.75
2023-10-02,6.431078103321591,16.75,29069.5
2023-10-02,6.431078103321591,17.0,29086.5
2023-10-02,6.431078103321591,17.25,29103.75
2023-10-02,6.431078103321591,17.5,29121.25
2023-10-02,6.431078103321591,17.75,29139.0
2023-10-02,6.431078103321591,18.0,29157.0
2023-10-02,6.431078103321591,18.25,29175.25
2023-10-02,6.431078103321591,18.5,29193.75
2023-10-02,6.431078103321591,18.75,29212.5
2023-10-02,6.431078103321591,19.0,29231.5
2023-10-02,6.431078103321591,19.25,29250.75
2023-10-02,6.431078103321591,19.5,29270.25
2023-10-02,6.431078103321591,19.75,29290.0
2023-10-02,6.431078103321591,20.0,29310.0
2023-10-02,6.431078103321591,20.25,29330.25
2023-10-02,6.431078103321591,20.5,29350.75
2023-10-02,6.431078103321591,20.75,29371.5
2023-10-02,6.431078103321591,21.0,29392.5
2023-10-02,6.431078103321591,21.25,29413.75
2023-10-02,6.431078103321591,21.5,29435.25
2023-10-02,6.431078103321591,21.75,29457.0
2023-10-02,6.431078103321591,22.0,29479.0
2023-10-02,6.431078103321591,22.25,29501.25
2023-10-02,6.431078103321591,22.5,29523.75
2023-10-02,6.431078103321591,22.75,29546.5
2023-10-02,6.431078103321591,23.0,29569.5
2023-10-02,6.431078103321591,23.25,29592.75
2023-10-02,6.431078103321591,23.5,29616.25
2023-10-02,6.431078103321591,23.75,29640.0
2023-10-03,6.431078103321591,0.0,29640.0
2023-10-03,6.431078103321591,0.25,29640.25
2023-10-03,6.431078103321591,0.5,29640.75
2023-10-03,6.431078103321591,0.75,29641.5
2023-10-03,6.431078103321591,1.0,29642.5
2023-10-03,6.431078103321591,1.25,29643.75
2023-10-03,6.431078103321591,1.5,29645.25
2023-10-03,6.431078103321591,1.75,29647.0
2023-10-03,6.431078103321591,2.0,29649.0
2023-10-03,6.431078103321591,2.25,29651.25
2023-10-03,6.431078103321591,2.5,29653.75
2023-10-03,6.431078103321591,2.75,29656.5
2023-10-03,6.431078103321591,3.0,29659.5
2023-10-03,6.431078103321591,3.25,29662.75
2023-10-03,6.431078103321591,3.5,29666.25
2023-10-03,6.431078103321591,3.75,29670.0
2023-10-03,6.431078103321591,4.0,29674.0
2023-10-03,6.431078103321591,4.25,29678.25
2023-10-03,6.431078103321591,4.5,29682.75
2023-10-03,6.431078103321591,4.75,29687.5
2023-10-03,6.431078103321591,5.0,29692.5
2023-10-03,6.431078103321591,5.25,29697.75
2023-10-03,6.431078103321591,5.5,29703.25
2023-10-03,6.431078103321591,5.75,29709.0
2023-10-03,6.431078103321591,6.0,29715.0
2023-10-03,6.431078103321591,6.25,29721.25
2023-10-03,6.431078103321591,6.5,29727.75
2023-10-03,6.431078103321591,6.75,29734.5
2023-10-03,6.486351465236052,7.0,29741.5
2023-10-03,12.595600057199444,7.25,29748.75
2023-10-03,12.595600057199444,7.5,29756.25
2023-10-03,12.595600057199444,7.75,29764.0
2023-10-03,12.595600057199444,8.0,29772.0
2023-10-03,13.842505676540075,8.25,29780.25
2023-10-03,13.842505676540075,8.5,29788.75
2023-10-03,13.842505676540075,8.75,29797.5
2023-10-03,13.842505676540075,9.0,29806.5
2023-10-03,19.826320187009983,9.25,29815.75
2023-10-03,30.76088449072767,9.5,29825.25
2023-10-03,30.76088449072767,9.75,29835.0
2023-10-03,30.76088449072767,10.0,29845.0
2023-10-03,36.63645578401214,10.25,29855.25
2023-10-03,36.63645578401214,10.5,29865.75
2023-10-03,36.63645578401214,10.75,29876.5
2023-10-03,36.86575751011344,11.0,29887.5
2023-10-03,30.379406044877342,11.25,29898.75
2023-10-03,33.6161896055588,11.5,29910.25
2023-10-03,33.6161896055588,11.75,29922.0
2023-10-03,33.6161896055588,12.0,29934.0
2023-10-03,33.6161896055588,12.25,29946.25
2023-10-03,33.6161896055588,12.5,29958.75
2023-10-03,33.6161896055588,12.75,29971.5
2023-10-03,33.6161896055588,13.0,29984.5
2023-10-03,27.155798656476485,13.25,29997.75
2023-10-03,27.155798656476485,13.5,30011.25
2023-10-03,31.158788798687503,13.75,30025.0
2023-10-03,25.17497428821759,14.0,30039.0
2023-10-03,19.065725696254198,14.25,30053.25
2023-10-03,19.065725696254198,14.5,30067.75
2023-10-03,19.065725696254198,14.75,30082.5
2023-10-03,19.065725696254198,15.0,30097.5
2023-10-03,19.065725696254198,15.25,30112.75
2023-10-03,24.59594074007877,15.5,30128.25
2023-10-03,20.11225156005668,15.75,30144.0
2023-10-03,26.20136925932883,16.0,30160.0
2023-10-03,26.20136925932883,16.25,30176.25
2023-10-03,26.20136925932883,16.5,30192.75
2023-10-03,26.20136925932883,16.75,30209.5
2023-10-03,14.007378540670912,17.0,30226.5
2023-10-03,20.473868925708643,17.25,30243.75
2023-10-03,15.999695571073275,17.5,30261.25
2023-10-03,15.999695571073275,17.75,30279.0
2023-10-03,10.469480527248702,18.0,30297.0
2023-10-03,10.469480527248702,18.25,30315.25
2023-10-03,10.469480527248702,18.5,30333.75
2023-10-03,10.469480527248702,18.75,30352.5
2023-10-03,12.799596321937928,19.0,30371.5
2023-10-03,12.799596321937928,19.25,30390.75
2023-10-03,8.796606179726908,19.5,30410.25
2023-10-03,8.796606179726908,19.75,30430.0
2023-10-03,8.796606179726908,20.0,30450.0
2023-10-03,8.796606179726908,20.25,30470.25
2023-10-03,8.796606179726908,20.5,30490.75
2023-10-03,8.796606179726908,20.75,30511.5
2023-10-03,8.796606179726908,21.0,30532.5
2023-10-03,8.796606179726908,21.25,30553.75
2023-10-03,8.796606179726908,21.5,30575.25
2023-10-03,8.796606179726908,21.75,30597.0
2023-10-03,8.796606179726908,22.0,30619.0
2023-10-03,8.796606179726908,22.25,30641.25
2023-10-03,8.796606179726908,22.5,30663.75
2023-10-03,8.796606179726908,22.75,30686.5
2023-10-03,8.796606179726908,23.0,30709.5
2023-10-03,-4.796163466380676e-14,23.25,30732.75
2023-10-03,-4.796163466380676e-14,23.5,30756.25
2023-10-03,-4.796163466380676e-14,23.75,30780.0
2023-10-04,-4.796163466380676e-14,0.0,30780.0
2023-10-04,-4.796163466380676e-14,0.25,30780.25
2023-10-04,-4.796163466380676e-14,0.5,30780.75
2023-10-04,-4.796163466380676e-14,0.75,30781.5
2023-10-04,-4.796163466380676e-14,1.0,30782.5
2023-10-04,-4.796163466380676e-14,1.25,30783.75
2023-10-04,-4.796163466380676e-14,1.5,30785.25
2023-10-04,-4.796163466380676e-14,1.75,30787.0
2023-10-04,-4.796163466380676e-14,2.0,30789.0
2023-10-04,-4.796163466380676e-14,2.25,30791.25
2023-10-04,-4.796163466380676e-14,2.5,30793.75
2023-10-04,-4.796163466380676e-14,2.75,30796.5
2023-10-04,-4.796163466380676e-14,3.0,30799.5
2023-10-04,-4.796163466380676e-14,3.25,30802.75
2023-10-04,-4.796163466380676e-14,3.5,30806.25
2023-10-04,-4.796163466380676e-14,3.75,30810.0
2023-10-04,-4.796163466380676e-14,4.0,30814.0
2023-10-04,-4.796163466380676e-14,4.25,30818.25
2023-10-04,-4.796163466380676e-14,4.5,30822.75
2023-10-04,-4.796163466380676e-14,4.75,30827.5
2023-10-04,-4.796163466380676e-14,5.0,30832.5
2023-10-04,-4.796163466380676e-14,5.25,30837.75
2023-10-04,-4.796163466380676e-14,5.5,30843.25
2023-10-04,-4.796163466380676e-14,5.75,30849.0
2023-10-04,-4.796163466380676e-14,6.0,30855.0
2023-10-04,-4.796163466380676e-14,6.25,30861.25
2023-10-04,-4.796163466380676e-14,6.5,30867.75
2023-10-04,-4.796163466380676e-14,6.75,30874.5
2023-10-04,-4.796163466380676e-14,7.0,30881.5
2023-10-04,-4.796163466380676e-14,7.25,30888.75
2023-10-04,-4.796163466380676e-14,7.5,30896.25
2023-10-04,-4.796163466380676e-14,7.75,30904.0
2023-10-04,-4.796163466380676e-14,8.0,30912.0
2023-10-04,1.072263164085806,8.25,30920.25
2023-10-04,1.072263164085806,8.5,30928.75
2023-10-04,1.072263164085806,8.75,30937.5
2023-10-04,1.072263164085806,9.0,30946.5
2023-10-04,9.795134121805027,9.25,30955.75
2023-10-04,9.795134121805027,9.5,30965.25
2023-10-04,12.050225696896602,9.75,30975.0
2023-10-04,12.050225696896602,10.0,30985.0
2023-10-04,12.050225696896602,10.25,30995.25
2023-10-04,12.050225696896602,10.5,31005.75
2023-10-04,12.050225696896602,10.75,31016.5
2023-10-04,12.050225696896602,11.0,31027.5
2023-10-04,12.050225696896602,11.25,31038.75
2023-10-04,12.050225696896602,11.5,31050.25
2023-10-04,12.050225696896602,11.75,31062.0
2023-10-04,12.050225696896602,12.0,31074.0
2023-10-04,12.050225696896602,12.25,31086.25
2023-10-04,12.050225696896602,12.5,31098.75
2023-10-04,12.050225696896602,12.75,31111.5
2023-10-04,12.050225696896602,13.0,31124.5
2023-10-04,12.050225696896602,13.25,31137.75
2023-10-04,12.050225696896602,13.5,31151.25
2023-10-04,12.050225696896602,13.75,31165.0
2023-10-04,9.686788035256827,14.0,31179.0
2023-10-04,9.686788035256827,14.25,31193.25
2023-10-04,9.686788035256827,14.5,31207.75
2023-10-04,9.686788035256827,14.75,31222.5
2023-10-04,9.686788035256827,15.0,31237.5
2023-10-04,9.686788035256827,15.25,31252.75
2023-10-04,9.686788035256827,15.5,31268.25
2023-10-04,9.686788035256827,15.75,31284.0
2023-10-04,9.686788035256827,16.0,31300.0
2023-10-04,15.489252574924002,16.25,31316.25
2023-10-04,6.874727703752983,16.5,31332.75
2023-10-04,6.874727703752983,16.75,31349.5
2023-10-04,6.874727703752983,17.0,31366.5
2023-10-04,6.874727703752983,17.25,31383.75
2023-10-04,-4.618527782440651e-14,17.5,31401.25
2023-10-04,-4.618527782440651e-14,17.75,31419.0
2023-10-04,-4.618527782440651e-14,18.0,31437.0
2023-10-04,-4.618527782440651e-14,18.25,31455.25
2023-10-04,-4.618527782440651e-14,18.5,31473.75
2023-10-04,-4.618527782440651e-14,18.75,31492.5
2023-10-04,-4.618527782440651e-14,19.0,31511.5
2023-10-04,-4.618527782440651e-14,19.25,31530.75
2023-10-04,-4.618527782440651e-14,19.5,31550.25
2023-10-04,-4.618527782440651e-14,19.75,31570.0
2023-10-04,-4.618527782440651e-14,20.0,31590.0
2023-10-04,-4.618527782440651e-14,20.25,31610.25
2023-10-04,-4.618527782440651e-14,20.5,31630.75
2023-10-04,-4.618527782440651e-14,20.75,31651.5
2023-10-04,-4.618527782440651e-14,21.0,31672.5
2023-10-04,-4.618527782440651e-14,21.25,31693.75
2023-10-04,-4.618527782440651e-14,21.5,31715.25
2023-10-04,-4.618527782440651e-14,21.75,31737.0
2023-10-04,-4.618527782440651e-14,22.0,31759.0
2023-10-04,-4.618527782440651e-14,22.25,31781.25
2023-10-04,-4.618527782440651e-14,22.5,31803.75
2023-10-04,-4.618527782440651e-14,22.75,31826.5
2023-10-04,-4.618527782440651e-14,23.0,31849.5
2023-10-04,-4.618527782440651e-14,23.25,31872.75
2023-10-04,-4.618527782440651e-14,23.5,31896.25
2023-10-04,-4.618527782440651e-14,23.75,31920.0
2023-10-05,-4.618527782440651e-14,0.0,31920.0
2023-10-05,-4.618527782440651e-14,0.25,31920.25
2023-10-05,-4.618527782440651e-14,0.5,31920.75
2023-10-05,-4.618527782440651e-14,0.75,31921.5
2023-10-05,-4.618527782440651e-14,1.0,31922.5
2023-10-05,-4.618527782440651e-14,1.25,31923.75
2023-10-05,-4.618527782440651e-14,1.5,31925.25
2023-10-05,-4.618527782440651e-14,1.75,31927.0
2023-10-05,-4.618527782440651e-14,2.0,31929.0
2023-10-05,-4.618527782440651e-14,2.25,31931.25
2023-10-05,-4.618527782440651e-14,2.5,31933.75
2023-10-05,-4.618527782440651e-14,2.75,31936.5
2023-10-05,-4.618527782440651e-14,3.0,31939.5
2023-10-05,-4.618527782440651e-14,3.25,31942.75
2023-10-05,-4.618527782440651e-14,3.5,31946.25
2023-10-05,-4.618527782440651e-14,3.75,31950.0
2023-10-05,-4.618527782440651e-14,4.0,31954.0
2023-10-05,-4.618527782440651e-14,4.25,31958.25
2023-10-05,-4.618527782440651e-14,4.5,31962.75
2023-10-05,-4.618527782440651e-14,4.75,31967.5
2023-10-05,-4.618527782440651e-14,5.0,31972.5
2023-10-05,-4.618527782440651e-14,5.25,31977.75
2023-10-05,-4.618527782440651e-14,5.5,31983.25
2023-10-05,-4.618527782440651e-14,5.75,31989.0
2023-10-05,-4.618527782440651e-14,6.0,31995.0
2023-10-05,-4.618527782440651e-14,6.25,32001.25
2023-10-05,-4.618527782440651e-14,6.5,32007.75
2023-10-05,6.456279686841975,6.75,32014.5
2023-10-05,6.456279686841975,7.0,32021.5
2023-10-05,6.456279686841975,7.25,32028.75
2023-10-05,6.456279686841975,7.5,32036.25
2023-10-05,6.456279686841975,7.75,32044.0
2023-10-05,6.456279686841975,8.0,32052.0
2023-10-05,6.456279686841975,8.25,32060.25
2023-10-05,10.590906137152176,8.5,32068.75
2023-10-05,22.916434479251215,8.75,32077.5
2023-10-05,27.549221278232285,9.0,32086.5
2023-10-05,27.549221278232285,9.25,32095.75
2023-10-05,32.8004173965409,9.5,32105.25
2023-10-05,32.8004173965409,9.75,32115.0
2023-10-05,32.8004173965409,10.0,32125.0
2023-10-05,32.8004173965409,10.25,32135.25
2023-10-05,22.20951125938868,10.5,32145.75
2023-10-05,22.20951125938868,10.75,32156.5
2023-10-05,22.20951125938868,11.0,32167.5
2023-10-05,26.34413770969888,11.25,32178.75
2023-10-05,26.34413770969888,11.5,32190.25
2023-10-05,26.34413770969888,11.75,32202.0
2023-10-05,26.34413770969888,12.0,32214.0
2023-10-05,26.34413770969888,12.25,32226.25
2023-10-05,26.34413770969888,12.5,32238.75
2023-10-05,26.34413770969888,12.75,32251.5
2023-10-05,26.34413770969888,13.0,32264.5
2023-10-05,26.34413770969888,13.25,32277.75
2023-10-05,26.34413770969888,13.5,32291.25
2023-10-05,26.34413770969888,13.75,32305.0
2023-10-05,28.607929348094782,14.0,32319.0
2023-10-05,34.82069923314736,14.25,32333.25
2023-10-05,34.82069923314736,14.5,32347.75
2023-10-05,28.809941901279743,14.75,32362.5
2023-10-05,34.037249659595936,15.0,32377.5
2023-10-05,31.832918099550124,15.25,32392.75
2023-10-05,38.088644269521176,15.5,32408.25
2023-10-05,38.088644269521176,15.75,32424.0
2023-10-05,38.088644269521176,16.0,32440.0
2023-10-05,32.83744815121256,16.25,32456.25
2023-10-05,32.33440169963745,16.5,32472.75
2023-10-05,22.474307142340194,16.75,32489.5
2023-10-05,16.26153725728762,17.0,32506.5
2023-10-05,9.86311916858152,17.25,32523.75
2023-10-05,9.86311916858152,17.5,32541.25
2023-10-05,9.86311916858152,17.75,32559.0
2023-10-05,9.86311916858152,18.0,32577.0
2023-10-05,9.86311916858152,18.25,32595.25
2023-10-05,5.752679718395907,18.5,32613.75
2023-10-05,12.219575371599745,18.75,32632.5
2023-10-05,12.219575371599745,19.0,32651.5
2023-10-05,12.219575371599745,19.25,32670.75
2023-10-05,12.219575371599745,19.5,32690.25
2023-10-05,12.219575371599745,19.75,32710.0
2023-10-05,12.219575371599745,20.0,32730.0
2023-10-05,12.219575371599745,20.25,32750.25
2023-10-05,12.219575371599745,20.5,32770.75
2023-10-05,12.219575371599745,20.75,32791.5
2023-10-05,12.219575371599745,21.0,32812.5
2023-10-05,12.219575371599745,21.25,32833.75
2023-10-05,12.219575371599745,21.5,32855.25
2023-10-05,12.219575371599745,21.75,32877.0
2023-10-05,12.219575371599745,22.0,32899.0
2023-10-05,5.752679718395908,22.25,32921.25
2023-10-05,5.752679718395908,22.5,32943.75
2023-10-05,5.752679718395908,22.75,32966.5
2023-10-05,5.752679718395908,23.0,32989.5
2023-10-05,-2.842170943040401e-14,23.25,33012.75
2023-10-05,-2.842170943040401e-14,23.5,33036.25
2023-10-05,-2.842170943040401e-14,23.75,33060.0
2023-10-06,-2.842170943040401e-14,0.0,33060.0
2023-10-06,-2.842170943040401e-14,0.25,33060.25
2023-10-06,-2.842170943040401e-14,0.5,33060.75
2023-10-06,-2.842170943040401e-14,0.75,33061.5
2023-10-06,-2.842170943040401e-14,1.0,33062.5
2023-10-06,-2.842170943040401e-14,1.25,33063.75
2023-10-06,-2.842170943040401e-14,1.5,33065.25
2023-10-06,-2.842170943040401e-14,1.75,33067.0
2023-10-06,-2.842170943040401e-14,2.0,33069.0
2023-10-06,-2.842170943040401e-14,2.25,33071.25
2023-10-06,-2.842170943040401e-14,2.5,33073.75
2023-10-06,-2.842170943040401e-14,2.75,33076.5
2023-10-06,-2.842170943040401e-14,3.0,33079.5
2023-10-06,-2.842170943040401e-14,3.25,33082.75
2023-10-06,-2.842170943040401e-14,3.5,33086.25
2023-10-06,-2.842170943040401e-14,3.75,33090.0
2023-10-06,-2.842170943040401e-14,4.0,33094.0
2023-10-06,-2.842170943040401e-14,4.25,33098.25
2023-10-06,-2.842170943040401e-14,4.5,33102.75
2023-10-06,-2.842170943040401e-14,4.75,33107.5
2023-10-06,-2.842170943040401e-14,5.0,33112.5
2023-10-06,-2.842170943040401e-14,5.25,33117.75
2023-10-06,-2.842170943040401e-14,5.5,33123.25
2023-10-06,-2.842170943040401e-14,5.75,33129.0
2023-10-06,-2.842170943040401e-14,6.0,33135.0
2023-10-06,-2.842170943040401e-14,6.25,33141.25
2023-10-06,-2.842170943040401e-14,6.5,33147.75
2023-10-06,-2.842170943040401e-14,6.75,33154.5
2023-10-06,-2.842170943040401e-14,7.0,33161.5
2023-10-06,5.681946238330084,7.25,33168.75
2023-10-06,10.526976519769342,7.5,33176.25
2023-10-06,10.526976519769342,7.75,33184.0
2023-10-06,16.6692508018929,8.0,33192.0
2023-10-06,16.6692508018929,8.25,33200.25
2023-10-06,22.66199119760428,8.5,33208.75
2023-10-06,22.66199119760428,8.75,33217.5
2023-10-06,22.66199119760428,9.0,33226.5
2023-10-06,22.66199119760428,9.25,33235.75
2023-10-06,28.505094954335227,9.5,33245.25
2023-10-06,31.654323206700262,9.75,33255.0
2023-10-06,31.654323206700262,10.0,33265.0
2023-10-06,31.654323206700262,10.25,33275.25
2023-10-06,31.654323206700262,10.5,33285.75
2023-10-06,31.654323206700262,10.75,33296.5
2023-10-06,28.505094954335227,11.0,33307.5
2023-10-06,28.505094954335227,11.25,33318.75
2023-10-06,28.505094954335227,11.5,33330.25
2023-10-06,28.61213754007478,11.75,33342.0
2023-10-06,28.61213754007478,12.0,33354.0
2023-10-06,28.61213754007478,12.25,33366.25
2023-10-06,28.61213754007478,12.5,33378.75
2023-10-06,28.61213754007478,12.75,33391.5
2023-10-06,28.61213754007478,13.0,33404.5
2023-10-06,28.61213754007478,13.25,33417.75
2023-10-06,22.769033783343833,13.5,33431.25
2023-10-06,22.769033783343833,13.75,33445.0
2023-10-06,22.769033783343833,14.0,33459.0
2023-10-06,22.769033783343833,14.25,33473.25
2023-10-06,22.769033783343833,14.5,33487.75
2023-10-06,22.769033783343833,14.75,33502.5
2023-10-06,22.769033783343833,15.0,33517.5
2023-10-06,22.769033783343833,15.25,33532.75
2023-10-06,22.769033783343833,15.5,33548.25
2023-10-06,22.769033783343833,15.75,33564.0
2023-10-06,22.769033783343833,16.0,33580.0
2023-10-06,22.769033783343833,16.25,33596.25
2023-10-06,17.08708754501372,16.5,33612.75
2023-10-06,22.877427279727662,16.75,33629.5
2023-10-06,16.735152997604104,17.0,33646.5
2023-10-06,11.890122716164845,17.25,33663.75
2023-10-06,11.890122716164845,17.5,33681.25
2023-10-06,6.0997829814509,17.75,33699.0
2023-10-06,6.0997829814509,18.0,33717.0
2023-10-06,6.0997829814509,18.25,33735.25
2023-10-06,6.0997829814509,18.5,33753.75
2023-10-06,6.0997829814509,18.75,33772.5
2023-10-06,6.0997829814509,19.0,33791.5
2023-10-06,6.0997829814509,19.25,33810.75
2023-10-06,6.0997829814509,19.5,33830.25
2023-10-06,6.0997829814509,19.75,33850.0
2023-10-06,6.0997829814509,20.0,33870.0
2023-10-06,6.0997829814509,20.25,33890.25
2023-10-06,6.0997829814509,20.5,33910.75
2023-10-06,6.0997829814509,20.75,33931.5
2023-10-06,6.3261677711329884,21.0,33952.5
2023-10-06,6.3261677711329884,21.25,33973.75
2023-10-06,6.3261677711329884,21.5,33995.25
2023-10-06,6.3261677711329884,21.75,34017.0
2023-10-06,-3.2862601528904634e-14,22.0,34039.0
2023-10-06,-3.2862601528904634e-14,22.25,34061.25
2023-10-06,-3.2862601528904634e-14,22.5,34083.75
2023-10-06,-3.2862601528904634e-14,22.75,34106.5
2023-10-06,-3.2862601528904634e-14,23.0,34129.5
2023-10-06,-3.2862601528904634e-14,23.25,34152.75
2023-10-06,-3.2862601528904634e-14,23.5,34176.25
2023-10-06,-3.2862601528904634e-14,23.75,34200.0
2023-10-09,-3.2862601528904634e-14,0.0,34200.0
2023-10-09,-3.2862601528904634e-14,0.25,34200.25
2023-10-09,-3.2862601528904634e-14,0.5,34200.75
2023-10-09,-3.2862601528904634e-14,0.75,34201.5
2023-10-09,-3.2862601528904634e-14,1.0,34202.5
2023-10-09,-3.2862601528904634e-14,1.25,34203.75
2023-10-09,-3.2862601528904634e-14,1.5,34205.25
2023-10-09,-3.2862601528904634e-14,1.75,34207.0
2023-10-09,-3.2862601528904634e-14,2.0,34209.0
2023-10-09,-3.2862601528904634e-14,2.25,34211.25
2023-10-09,-3.2862601528904634e-14,2.5,34213.75
2023-10-09,-3.2862601528904634e-14,2.75,34216.5
2023-10-09,-3.2862601528904634e-14,3.0,34219.5
2023-10-09,-3.2862601528904634e-14,3.25,34222.75
2023-10-09,-3.2862601528904634e-14,3.5,34226.25
2023-10-09,-3.2862601528904634e-14,3.75,34230.0
2023-10-09,-3.2862601528904634e-14,4.0,34234.0
2023-10-09,-3.2862601528904634e-14,4.25,34238.25
2023-10-09,-3.2862601528904634e-14,4.5,34242.75
2023-10-09,-3.2862601528904634e-14,4.75,34247.5
2023-10-09,-3.2862601528904634e-14,5.0,34252.5
2023-10-09,-3.2862601528904634e-14,5.25,34257.75
2023-10-09,-3.2862601528904634e-14,5.5,34263.25
2023-10-09,-3.2862601528904634e-14,5.75,34269.0
2023-10-09,-3.2862601528904634e-14,6.0,34275.0
2023-10-09,-3.2862601528904634e-14,6.25,34281.25
2023-10-09,-3.2862601528904634e-14,6.5,34287.75
2023-10-09,-3.2862601528904634e-14,6.75,34294.5
2023-10-09,-3.2862601528904634e-14,7.0,34301.5
2023-10-09,-3.2862601528904634e-14,7.25,34308.75
2023-10-09,13.655961216575502,7.5,34316.25
2023-10-09,13.655961216575502,7.75,34324.0
2023-10-09,18.70299544452115,8.0,34332.0
2023-10-09,18.70299544452115,8.25,34340.25
2023-10-09,18.70299544452115,8.5,34348.75
2023-10-09,18.70299544452115,8.75,34357.5
2023-10-09,18.70299544452115,9.0,34366.5
2023-10-09,18.70299544452115,9.25,34375.75
2023-10-09,24.018871872860508,9.5,34385.25
2023-10-09,24.018871872860508,9.75,34395.0
2023-10-09,24.018871872860508,10.0,34405.0
2023-10-09,24.018871872860508,10.25,34415.25
2023-10-09,24.018871872860508,10.5,34425.75
2023-10-09,24.018871872860508,10.75,34436.5
2023-10-09,24.018871872860508,11.0,34447.5
2023-10-09,24.018871872860508,11.25,34458.75
2023-10-09,24.018871872860508,11.5,34470.25
2023-10-09,24.01905918753605,11.75,34482.0
2023-10-09,24.01905918753605,12.0,34494.0
2023-10-09,27.140356259875002,12.25,34506.25
2023-10-09,20.777542133869787,12.5,34518.75
2023-10-09,20.777542133869787,12.75,34531.5
2023-10-09,15.730507905924139,13.0,34544.5
2023-10-09,15.730507905924139,13.25,34557.75
2023-10-09,15.730507905924139,13.5,34571.25
2023-10-09,15.730507905924139,13.75,34585.0
2023-10-09,15.730507905924139,14.0,34599.0
2023-10-09,15.730507905924139,14.25,34613.25
2023-10-09,15.730507905924139,14.5,34627.75
2023-10-09,21.685942688532833,14.75,34642.5
2023-10-09,27.00758347777956,15.0,34657.5
2023-10-09,27.00758347777956,15.25,34672.75
2023-10-09,27.00758347777956,15.5,34688.25
2023-10-09,21.052148695170864,15.75,34704.0
2023-10-09,17.930851622831913,16.0,34720.0
2023-10-09,17.930851622831913,16.25,34736.25
2023-10-09,17.930851622831913,16.5,34752.75
2023-10-09,12.171342780737106,16.75,34769.5
2023-10-09,5.3218281039222335,17.0,34786.5
2023-10-09,5.3218281039222335,17.25,34803.75
2023-10-09,5.3218281039222335,17.5,34821.25
2023-10-09,5.3218281039222335,17.75,34839.0
2023-10-09,5.3218281039222335,18.0,34857.0
2023-10-09,5.3218281039222335,18.25,34875.25
2023-10-09,5.3218281039222335,18.5,34893.75
2023-10-09,5.3218281039222335,18.75,34912.5
2023-10-09,6.424014497775874,19.0,34931.5
2023-10-09,6.424014497775874,19.25,34950.75
2023-10-09,12.708466661182957,19.5,34970.25
2023-10-09,12.708466661182957,19.75,34990.0
2023-10-09,12.708466661182957,20.0,35010.0
2023-10-09,12.708466661182957,20.25,35030.25
2023-10-09,12.708466661182957,20.5,35050.75
2023-10-09,6.284452163407048,20.75,35071.5
2023-10-09,6.284452163407048,21.0,35092.5
2023-10-09,-3.552713678800501e-14,21.25,35113.75
2023-10-09,-3.552713678800501e-14,21.5,35135.25
2023-10-09,-3.552713678800501e-14,21.75,35157.0
2023-10-09,-3.552713678800501e-14,22.0,35179.0
2023-10-09,-3.552713678800501e-14,22.25,35201.25
2023-10-09,-3.552713678800501e-14,22.5,35223.75
2023-10-09,-3.552713678800501e-14,22.75,35246.5
2023-10-09,-3.552713678800501e-14,23.0,35269.5
2023-10-09,-3.552713678800501e-14,23.25,35292.75
2023-10-09,-3.552713678800501e-14,23.5,35316.25
2023-10-09,-3.552713678800501e-14,23.75,35340.0
2023-10-10,-3.552713678800501e-14,0.0,35340.0
2023-10-10,-3.552713678800501e-14,0.25,35340.25
2023-10-10,-3.552713678800501e-14,0.5,35340.75
2023-10-10,-3.552713678800501e-14,0.75,35341.5
2023-10-10,-3.552713678800501e-14,1.0,35342.5
2023-10-10,-3.552713678800501e-14,1.25,35343.75
2023-10-10,-3.552713678800501e-14,1.5,35345.25
2023-10-10,-3.552713678800501e-14,1.75,35347.0
2023-10-10,-3.552713678800501e-14,2.0,35349.0
2023-10-10,-3.552713678800501e-14,2.25,35351.25
2023-10-10,-3.552713678800501e-14,2.5,35353.75
2023-10-10,-3.552713678800501e-14,2.75,35356.5
2023-10-10,-3.552713678800501e-14,3.0,35359.5
2023-10-10,-3.552713678800501e-14,3.25,35362.75
2023-10-10,-3.552713678800501e-14,3.5,35366.25
2023-10-10,-3.552713678800501e-14,3.75,35370.0
2023-10-10,-3.552713678800501e-14,4.0,35374.0
2023-10-10,-3.552713678800501e-14,4.25,35378.25
2023-10-10,-3.552713678800501e-14,4.5,35382.75
2023-10-10,-3.552713678800501e-14,4.75,35387.5
2023-10-10,-3.552713678800501e-14,5.0,35392.5
2023-10-10,-3.552713678800501e-14,5.25,35397.75
2023-10-10,-3.552713678800501e-14,5.5,35403.25
2023-10-10,-3.552713678800501e-14,5.75,35409.0
2023-10-10,-3.552713678800501e-14,6.0,35415.0
2023-10-10,-3.552713678800501e-14,6.25,35421.25
2023-10-10,-3.552713678800501e-14,6.5,35427.75
2023-10-10,-3.552713678800501e-14,6.75,35434.5
2023-10-10,-3.552713678800501e-14,7.0,35441.5
2023-10-10,5.860077912956328,7.25,35448.75
2023-10-10,5.860077912956328,7.5,35456.25
2023-10-10,5.860077912956328,7.75,35464.0
2023-10-10,5.860077912956328,8.0,35472.0
2023-10-10,5.860077912956328,8.25,35480.25
2023-10-10,5.860077912956328,8.5,35488.75
2023-10-10,5.860077912956328,8.75,35497.5
2023-10-10,11.136477641436526,9.0,35506.5
2023-10-10,11.136477641436526,9.25,35515.75
2023-10-10,11.136477641436526,9.5,35525.25
2023-10-10,25.558487037999164,9.75,35535.0
2023-10-10,20.696620603367883,10.0,35545.0
2023-10-10,22.048320109626992,10.25,35555.25
2023-10-10,22.048320109626992,10.5,35565.75
2023-10-10,22.048320109626992,10.75,35576.5
2023-10-10,22.048320109626992,11.0,35587.5
2023-10-10,22.048320109626992,11.25,35598.75
2023-10-10,22.048320109626992,11.5,35610.25
2023-10-10,22.048320109626992,11.75,35622.0
2023-10-10,22.048320109626992,12.0,35634.0
2023-10-10,22.048320109626992,12.25,35646.25
2023-10-10,16.898448694330817,12.5,35658.75
2023-10-10,16.898448694330817,12.75,35671.5
2023-10-10,22.731955370474978,13.0,35684.5
2023-10-10,22.731955370474978,13.25,35697.75
2023-10-10,22.731955370474978,13.5,35711.25
2023-10-10,22.731955370474978,13.75,35725.0
2023-10-10,22.731955370474978,14.0,35739.0
2023-10-10,22.731955370474978,14.25,35753.25
2023-10-10,22.731955370474978,14.5,35767.75
2023-10-10,16.871877457518615,14.75,35782.5
2023-10-10,11.595477729038416,15.0,35797.5
2023-10-10,11.595477729038416,15.25,35812.75
2023-10-10,11.595477729038416,15.5,35828.25
2023-10-10,11.595477729038416,15.75,35844.0
2023-10-10,10.243778222779307,16.0,35860.0
2023-10-10,10.243778222779307,16.25,35876.25
2023-10-10,10.243778222779307,16.5,35892.75
2023-10-10,10.243778222779307,16.75,35909.5
2023-10-10,10.243778222779307,17.0,35926.5
2023-10-10,10.243778222779307,17.25,35943.75
2023-10-10,10.243778222779307,17.5,35961.25
2023-10-10,10.243778222779307,17.75,35979.0
2023-10-10,10.243778222779307,18.0,35997.0
2023-10-10,5.8335066761441245,18.25,36015.25
2023-10-10,5.8335066761441245,18.5,36033.75
2023-10-10,5.8335066761441245,18.75,36052.5
2023-10-10,5.8335066761441245,19.0,36071.5
2023-10-10,5.8335066761441245,19.25,36090.75
2023-10-10,5.8335066761441245,19.5,36110.25
2023-10-10,5.8335066761441245,19.75,36130.0
2023-10-10,5.8335066761441245,20.0,36150.0
2023-10-10,5.8335066761441245,20.25,36170.25
2023-10-10,5.8335066761441245,20.5,36190.75
2023-10-10,-3.4638958368304884e-14,20.75,36211.5
2023-10-10,-3.4638958368304884e-14,21.0,36232.5
2023-10-10,-3.4638958368304884e-14,21.25,36253.75
2023-10-10,-3.4638958368304884e-14,21.5,36275.25
2023-10-10,-3.4638958368304884e-14,21.75,36297.0
2023-10-10,-3.4638958368304884e-14,22.0,36319.0
2023-10-10,-3.4638958368304884e-14,22.25,36341.25
2023-10-10,-3.4638958368304884e-14,22.5,36363.75
2023-10-10,-3.4638958368304884e-14,22.75,36386.5
2023-10-10,-3.4638958368304884e-14,23.0,36409.5
2023-10-10,-3.4638958368304884e-14,23.25,36432.75
2023-10-10,-3.4638958368304884e-14,23.5,36456.25
2023-10-10,-3.4638958368304884e-14,23.75,36480.0
2023-10-11,-3.4638958368304884e-14,0.0,36480.0
2023-10-11,-3.4638958368304884e-14,0.25,36480.25
2023-10-11,-3.4638958368304884e-14,0.5,36480.75
2023-10-11,-3.4638958368304884e-14,0.75,36481.5
2023-10-11,-3.4638958368304884e-14,1.0,36482.5
2023-10-11,-3.4638958368304884e-14,1.25,36483.75
2023-10-11,-3.4638958368304884e-14,1.5,36485.25
2023-10-11,-3.4638958368304884e-14,1.75,36487.0
2023-10-11,-3.4638958368304884e-14,2.0,36489.0
2023-10-11,-3.4638958368304884e-14,2.25,36491.25
2023-10-11,-3.4638958368304884e-14,2.5,36493.75
2023-10-11,-3.4638958368304884e-14,2.75,36496.5
2023-10-11,-3.4638958368304884e-14,3.0,36499.5
2023-10-11,-3.4638958368304884e-14,3.25,36502.75
2023-10-11,-3.4638958368304884e-14,3.5,36506.25
2023-10-11,-3.4638958368304884e-14,3.75,36510.0
2023-10-11,-3.4638958368304884e-14,4.0,36514.0
2023-10-11,-3.4638958368304884e-14,4.25,36518.25
2023-10-11,-3.4638958368304884e-14,4.5,36522.75
2023-10-11,-3.4638958368304884e-14,4.75,36527.5
2023-10-11,-3.4638958368304884e-14,5.0,36532.5
2023-10-11,-3.4638958368304884e-14,5.25,36537.75
2023-10-11,-3.4638958368304884e-14,5.5,36543.25
2023-10-11,-3.4638958368304884e-14,5.75,36549.0
2023-10-11,-3.4638958368304884e-14,6.0,36555.0
2023-10-11,-3.4638958368304884e-14,6.25,36561.25
2023-10-11,-3.4638958368304884e-14,6.5,36567.75
2023-10-11,6.463351304397053,6.75,36574.5
2023-10-11,6.463351304397053,7.0,36581.5
2023-10-11,6.463351304397053,7.25,36588.75
2023-10-11,6.463351304397053,7.5,36596.25
2023-10-11,6.463351304397053,7.75,36604.0
2023-10-11,6.463351304397053,8.0,36612.0
2023-10-11,6.463351304397053,8.25,36620.25
2023-10-11,9.852073619604301,8.5,36628.75
2023-10-11,9.852073619604301,8.75,36637.5
2023-10-11,18.80408004105807,9.0,36646.5
2023-10-11,24.812051957884822,9.25,36655.75
2023-10-11,25.896390581850294,9.5,36665.25
2023-10-11,25.896390581850294,9.75,36675.0
2023-10-11,25.896390581850294,10.0,36685.0
2023-10-11,25.896390581850294,10.25,36695.25
2023-10-11,25.896390581850294,10.5,36705.75
2023-10-11,25.896390581850294,10.75,36716.5
2023-10-11,25.896390581850294,11.0,36727.5
2023-10-11,25.896390581850294,11.25,36738.75
2023-10-11,25.896390581850294,11.5,36750.25
2023-10-11,25.896390581850294,11.75,36762.0
2023-10-11,19.433039277453208,12.0,36774.0
2023-10-11,19.433039277453208,12.25,36786.25
2023-10-11,19.433039277453208,12.5,36798.75
2023-10-11,22.547194458940652,12.75,36811.5
2023-10-11,22.547194458940652,13.0,36824.5
2023-10-11,22.547194458940652,13.25,36837.75
2023-10-11,22.547194458940652,13.5,36851.25
2023-10-11,22.547194458940652,13.75,36865.0
2023-10-11,22.547194458940652,14.0,36879.0
2023-10-11,22.547194458940652,14.25,36893.25
2023-10-11,22.547194458940652,14.5,36907.75
2023-10-11,22.547194458940652,14.75,36922.5
2023-10-11,22.547194458940652,15.0,36937.5
2023-10-11,21.46285583497518,15.25,36952.75
2023-10-11,27.55496883343305,15.5,36968.25
2023-10-11,27.55496883343305,15.75,36984.0
2023-10-11,27.55496883343305,16.0,37000.0
2023-10-11,27.55496883343305,16.25,37016.25
2023-10-11,22.890927228678223,16.5,37032.75
2023-10-11,22.890927228678223,16.75,37049.5
2023-10-11,18.602962411979284,17.0,37066.5
2023-10-11,15.18737325284205,17.25,37083.75
2023-10-11,15.18737325284205,17.5,37101.25
2023-10-11,11.798650937634802,17.75,37119.0
2023-10-11,8.68449575614736,18.0,37137.0
2023-10-11,8.68449575614736,18.25,37155.25
2023-10-11,8.68449575614736,18.5,37173.75
2023-10-11,8.68449575614736,18.75,37192.5
2023-10-11,6.092112998457842,19.0,37211.5
2023-10-11,6.092112998457842,19.25,37230.75
2023-10-11,6.092112998457842,19.5,37250.25
2023-10-11,6.092112998457842,19.75,37270.0
2023-10-11,6.092112998457842,20.0,37290.0
2023-10-11,6.092112998457842,20.25,37310.25
2023-10-11,6.092112998457842,20.5,37330.75
2023-10-11,6.092112998457842,20.75,37351.5
2023-10-11,6.092112998457842,21.0,37372.5
2023-10-11,6.370103347131196,21.25,37393.75
2023-10-11,6.370103347131196,21.5,37415.25
2023-10-11,6.370103347131196,21.75,37437.0
2023-10-11,6.370103347131196,22.0,37459.0
2023-10-11,6.370103347131196,22.25,37481.25
2023-10-11,-3.019806626980426e-14,22.5,37503.75
2023-10-11,-3.019806626980426e-14,22.75,37526.5
2023-10-11,-3.019806626980426e-14,23.0,37549.5
2023-10-11,-3.019806626980426e-14,23.25,37572.75
2023-10-11,-3.019806626980426e-14,23.5,37596.25
2023-10-11,-3.019806626980426e-14,23.75,37620.0
2023-10-12,-3.019806626980426e-14,0.0,37620.0
2023-10-12,-3.019806626980426e-14,0.25,37620.25
2023-10-12,-3.019806626980426e-14,0.5,37620.75
2023-10-12,-3.019806626980426e-14,0.75,37621.5
2023-10-12,-3.019806626980426e-14,1.0,37622.5
2023-10-12,-3.019806626980426e-14,1.25,37623.75
2023-10-12,-3.019806626980426e-14,1.5,37625.25
2023-10-12,-3.019806626980426e-14,1.75,37627.0
2023-10-12,-3.019806626980426e-14,2.0,37629.0
2023-10-12,-3.019806626980426e-14,2.25,37631.25
2023-10-12,-3.019806626980426e-14,2.5,37633.75
2023-10-12,-3.019806626980426e-14,2.75,37636.5
2023-10-12,-3.019806626980426e-14,3.0,37639.5
2023-10-12,-3.019806626980426e-14,3.25,37642.75
2023-10-12,-3.019806626980426e-14,3.5,37646.25
2023-10-12,-3.019806626980426e-14,3.75,37650.0
2023-10-12,-3.019806626980426e-14,4.0,37654.0
2023-10-12,-3.019806626980426e-14,4.25,37658.25
2023-10-12,-3.019806626980426e-14,4.5,37662.75
2023-10-12,-3.019806626980426e-14,4.75,37667.5
2023-10-12,-3.019806626980426e-14,5.0,37672.5
2023-10-12,-3.019806626980426e-14,5.25,37677.75
2023-10-12,-3.019806626980426e-14,5.5,37683.25
2023-10-12,-3.019806626980426e-14,5.75,37689.0
2023-10-12,-3.019806626980426e-14,6.0,37695.0
2023-10-12,-3.019806626980426e-14,6.25,37701.25
2023-10-12,-3.019806626980426e-14,6.5,37707.75
2023-10-12,-3.019806626980426e-14,6.75,37714.5
2023-10-12,-3.019806626980426e-14,7.0,37721.5
2023-10-12,-3.019806626980426e-14,7.25,37728.75
2023-10-12,-3.019806626980426e-14,7.5,37736.25
2023-10-12,11.303071404330488,7.75,37744.0
2023-10-12,11.303071404330488,8.0,37752.0
2023-10-12,17.384050681030722,8.25,37760.25
2023-10-12,19.150063184758086,8.5,37768.75
2023-10-12,19.150063184758086,8.75,37777.5
2023-10-12,19.150063184758086,9.0,37786.5
2023-10-12,23.834787556366543,9.25,37795.75
2023-10-12,29.035015955412305,9.5,37805.25
2023-10-12,29.035015955412305,9.75,37815.0
2023-10-12,29.035015955412305,10.0,37825.0
2023-10-12,29.035015955412305,10.25,37835.25
2023-10-12,30.564013993968032,10.5,37845.75
2023-10-12,30.564013993968032,10.75,37856.5
2023-10-12,30.564013993968032,11.0,37867.5
2023-10-12,30.564013993968032,11.25,37878.75
2023-10-12,30.564013993968032,11.5,37890.25
2023-10-12,25.202930951054622,11.75,37902.0
2023-10-12,25.202930951054622,12.0,37914.0
2023-10-12,30.69569192811962,12.25,37926.25
2023-10-12,30.69569192811962,12.5,37938.75
2023-10-12,30.69569192811962,12.75,37951.5
2023-10-12,30.69569192811962,13.0,37964.5
2023-10-12,24.614712651419385,13.25,37977.75
2023-10-12,24.614712651419385,13.5,37991.25
2023-10-12,18.67272429000228,13.75,38005.0
2023-10-12,18.67272429000228,14.0,38019.0
2023-10-12,18.67272429000228,14.25,38033.25
2023-10-12,18.67272429000228,14.5,38047.75
2023-10-12,17.14372625144655,14.75,38062.5
2023-10-12,17.14372625144655,15.0,38077.5
2023-10-12,17.14372625144655,15.25,38092.75
2023-10-12,17.14372625144655,15.5,38108.25
2023-10-12,17.14372625144655,15.75,38124.0
2023-10-12,17.14372625144655,16.0,38140.0
2023-10-12,12.459001879838093,16.25,38156.25
2023-10-12,7.258773480792332,16.5,38172.75
2023-10-12,7.258773480792332,16.75,38189.5
2023-10-12,7.258773480792332,17.0,38206.5
2023-10-12,7.258773480792332,17.25,38223.75
2023-10-12,7.258773480792332,17.5,38241.25
2023-10-12,7.258773480792332,17.75,38259.0
2023-10-12,7.258773480792332,18.0,38277.0
2023-10-12,7.258773480792332,18.25,38295.25
2023-10-12,7.258773480792332,18.5,38313.75
2023-10-12,7.258773480792332,18.75,38332.5
2023-10-12,7.258773480792332,19.0,38351.5
2023-10-12,7.258773480792332,19.25,38370.75
2023-10-12,7.258773480792332,19.5,38390.25
2023-10-12,-2.842170943040401e-14,19.75,38410.0
2023-10-12,-2.842170943040401e-14,20.0,38430.0
2023-10-12,6.36775691340669,20.25,38450.25
2023-10-12,6.36775691340669,20.5,38470.75
2023-10-12,6.36775691340669,20.75,38491.5
2023-10-12,6.36775691340669,21.0,38512.5
2023-10-12,6.36775691340669,21.25,38533.75
2023-10-12,-2.842170943040401e-14,21.5,38555.25
2023-10-12,-2.842170943040401e-14,21.75,38577.0
2023-10-12,-2.842170943040401e-14,22.0,38599.0
2023-10-12,-2.842170943040401e-14,22.25,38621.25
2023-10-12,-2.842170943040401e-14,22.5,38643.75
2023-10-12,-2.842170943040401e-14,22.75,38666.5
2023-10-12,-2.842170943040401e-14,23.0,38689.5
2023-10-12,-2.842170943040401e-14,23.25,38712.75
2023-10-12,-2.842170943040401e-14,23.5,38736.25
2023-10-12,-2.842170943040401e-14,23.75,38760.0
2023-10-13,-2.842170943040401e-14,0.0,38760.0
2023-10-13,-2.842170943040401e-14,0.25,38760.25
2023-10-13,-2.842170943040401e-14,0.5,38760.75
2023-10-13,-2.842170943040401e-14,0.75,38761.5
2023-10-13,-2.842170943040401e-14,1.0,38762.5
2023-10-13,-2.842170943040401e-14,1.25,38763.75
2023-10-13,-2.842170943040401e-14,1.5,38765.25
2023-10-13,-2.842170943040401e-14,1.75,38767.0
2023-10-13,-2.842170943040401e-14,2.0,38769.0
2023-10-13,-2.842170943040401e-14,2.25,38771.25
2023-10-13,-2.842170943040401e-14,2.5,38773.75
2023-10-13,-2.842170943040401e-14,2.75,38776.5
2023-10-13,-2.842170943040401e-14,3.0,38779.5
2023-10-13,-2.842170943040401e-14,3.25,38782.75
2023-10-13,-2.842170943040401e-14,3.5,38786.25
2023-10-13,-2.842170943040401e-14,3.75,38790.0
2023-10-13,-2.842170943040401e-14,4.0,38794.0
2023-10-13,-2.842170943040401e-14,4.25,38798.25
2023-10-13,-2.842170943040401e-14,4.5,38802.75
2023-10-13,-2.842170943040401e-14,4.75,38807.5
2023-10-13,-2.842170943040401e-14,5.0,38812.5
2023-10-13,-2.842170943040401e-14,5.25,38817.75
2023-10-13,-2.842170943040401e-14,5.5,38823.25
2023-10-13,-2.842170943040401e-14,5.75,38829.0
2023-10-13,-2.842170943040401e-14,6.0,38835.0
2023-10-13,-2.842170943040401e-14,6.25,38841.25
2023-10-13,-2.842170943040401e-14,6.5,38847.75
2023-10-13,6.444183464102735,6.75,38854.5
2023-10-13,6.444183464102735,7.0,38861.5
2023-10-13,12.540066923439397,7.25,38868.75
2023-10-13,12.540066923439397,7.5,38876.25
2023-10-13,12.540066923439397,7.75,38884.0
2023-10-13,12.540066923439397,8.0,38892.0
2023-10-13,12.540066923439397,8.25,38900.25
2023-10-13,12.540066923439397,8.5,38908.75
2023-10-13,18.64493058597644,8.75,38917.5
2023-10-13,18.64493058597644,9.0,38926.5
2023-10-13,20.350724594355224,9.25,38935.75
2023-10-13,20.350724594355224,9.5,38945.25
2023-10-13,20.350724594355224,9.75,38955.0
2023-10-13,32.20042954892571,10.0,38965.0
2023-10-13,32.20042954892571,10.25,38975.25
2023-10-13,32.20042954892571,10.5,38985.75
2023-10-13,38.22884484947216,10.75,38996.5
2023-10-13,38.22884484947216,11.0,39007.5
2023-10-13,38.23227853218271,11.25,39018.75
2023-10-13,38.23227853218271,11.5,39030.25
2023-10-13,25.7596797675335,11.75,39042.0
2023-10-13,25.7596797675335,12.0,39054.0
2023-10-13,20.068804627280027,12.25,39066.25
2023-10-13,20.068804627280027,12.5,39078.75
2023-10-13,20.068804627280027,12.75,39091.5
2023-10-13,20.068804627280027,13.0,39104.5
2023-10-13,20.068804627280027,13.25,39117.75
2023-10-13,24.344277207801852,13.5,39131.25
2023-10-13,24.344277207801852,13.75,39145.0
2023-10-13,24.344277207801852,14.0,39159.0
2023-10-13,24.344277207801852,14.25,39173.25
2023-10-13,24.344277207801852,14.5,39187.75
2023-10-13,24.344277207801852,14.75,39202.5
2023-10-13,18.18544739348484,15.0,39217.5
2023-10-13,18.18544739348484,15.25,39232.75
2023-10-13,18.18544739348484,15.5,39248.25
2023-10-13,18.18201371077429,15.75,39264.0
2023-10-13,12.077150048237247,16.0,39280.0
2023-10-13,10.371356039858462,16.25,39296.25
2023-10-13,4.275472580521798,16.5,39312.75
2023-10-13,13.914613117193493,16.75,39329.5
2023-10-13,13.914613117193493,17.0,39346.5
2023-10-13,13.914613117193493,17.25,39363.75
2023-10-13,13.914613117193493,17.5,39381.25
2023-10-13,13.914613117193493,17.75,39399.0
2023-10-13,13.914613117193493,18.0,39417.0
2023-10-13,13.914613117193493,18.25,39435.25
2023-10-13,13.914613117193493,18.5,39453.75
2023-10-13,13.914613117193493,18.75,39472.5
2023-10-13,13.914613117193493,19.0,39491.5
2023-10-13,13.914613117193493,19.25,39510.75
2023-10-13,13.914613117193493,19.5,39530.25
2023-10-13,7.4541412075434135,19.75,39550.0
2023-10-13,7.4541412075434135,20.0,39570.0
2023-10-13,7.4541412075434135,20.25,39590.25
2023-10-13,7.4541412075434135,20.5,39610.75
2023-10-13,7.4541412075434135,20.75,39631.5
2023-10-13,7.4541412075434135,21.0,39652.5
2023-10-13,13.434687899327658,21.25,39673.75
2023-10-13,13.434687899327658,21.5,39695.25
2023-10-13,10.256019272306043,21.75,39717.0
2023-10-13,10.256019272306043,22.0,39739.0
2023-10-13,10.256019272306043,22.25,39761.25
2023-10-13,5.980546691784218,22.5,39783.75
2023-10-13,5.980546691784218,22.75,39806.5
2023-10-13,5.980546691784218,23.0,39829.5
2023-10-13,5.980546691784218,23.25,39852.75
2023-10-13,5.980546691784218,23.5,39876.25
2023-10-13,5.980546691784218,23.75,39900.0
2023-10-16,5.980546691784218,0.0,39900.0
2023-10-16,5.980546691784218,0.25,39900.25
2023-10-16,5.980546691784218,0.5,39900.75
2023-10-16,5.980546691784218,0.75,39901.5
2023-10-16,5.980546691784218,1.0,39902.5
2023-10-16,5.980546691784218,1.25,39903.75
2023-10-16,5.980546691784218,1.5,39905.25
2023-10-16,5.980546691784218,1.75,39907.0
2023-10-16,5.980546691784218,2.0,39909.0
2023-10-16,5.980546691784218,2.25,39911.25
2023-10-16,5.980546691784218,2.5,39913.75
2023-10-16,5.980546691784218,2.75,39916.5
2023-10-16,5.980546691784218,3.0,39919.5
2023-10-16,5.980546691784218,3.25,39922.75
2023-10-16,5.980546691784218,3.5,39926.25
2023-10-16,5.980546691784218,3.75,39930.0
2023-10-16,5.980546691784218,4.0,39934.0
2023-10-16,5.980546691784218,4.25,39938.25
2023-10-16,5.980546691784218,4.5,39942.75
2023-10-16,5.980546691784218,4.75,39947.5
2023-10-16,5.980546691784218,5.0,39952.5
2023-10-16,5.980546691784218,5.25,39957.75
2023-10-16,5.980546691784218,5.5,39963.25
2023-10-16,5.980546691784218,5.75,39969.0
2023-10-16,5.980546691784218,6.0,39975.0
2023-10-16,5.980546691784218,6.25,39981.25
2023-10-16,5.980546691784218,6.5,39987.75
2023-10-16,5.980546691784218,6.75,39994.5
2023-10-16,5.980546691784218,7.0,40001.5
2023-10-16,5.980546691784218,7.25,40008.75
2023-10-16,5.980546691784218,7.5,40016.25
2023-10-16,4.454035946659769,7.75,40024.0
2023-10-16,10.906815412791392,8.0,40032.0
2023-10-16,10.906815412791392,8.25,40040.25
2023-10-16,10.906815412791392,8.5,40048.75
2023-10-16,10.906815412791392,8.75,40057.5
2023-10-16,10.906815412791392,9.0,40066.5
2023-10-16,12.617851356523607,9.25,40075.75
2023-10-16,12.617851356523607,9.5,40085.25
2023-10-16,12.617851356523607,9.75,40095.0
2023-10-16,12.617851356523607,10.0,40105.0
2023-10-16,12.617851356523607,10.25,40115.25
2023-10-16,12.617851356523607,10.5,40125.75
2023-10-16,12.617851356523607,10.75,40136.5
2023-10-16,12.617851356523607,11.0,40147.5
2023-10-16,12.617851356523607,11.25,40158.75
2023-10-16,18.783182303189733,11.5,40170.25
2023-10-16,18.783182303189733,11.75,40182.0
2023-10-16,18.783182303189733,12.0,40194.0
2023-10-16,18.783182303189733,12.25,40206.25
2023-10-16,12.330402837058111,12.5,40218.75
2023-10-16,18.061061862846078,12.75,40231.5
2023-10-16,12.330402837058113,13.0,40244.5
2023-10-16,12.330402837058113,13.25,40257.75
2023-10-16,10.096336558292712,13.5,40271.25
2023-10-16,13.85117498256999,13.75,40285.0
2023-10-16,13.85117498256999,14.0,40299.0
2023-10-16,13.85117498256999,14.25,40313.25
2023-10-16,13.85117498256999,14.5,40327.75
2023-10-16,13.85117498256999,14.75,40342.5
2023-10-16,13.85117498256999,15.0,40357.5
2023-10-16,13.85117498256999,15.25,40372.75
2023-10-16,13.85117498256999,15.5,40388.25
2023-10-16,13.85117498256999,15.75,40404.0
2023-10-16,10.096336558292712,16.0,40420.0
2023-10-16,7.876366890398318,16.25,40436.25
2023-10-16,7.876366890398318,16.5,40452.75
2023-10-16,7.876366890398318,16.75,40469.5
2023-10-16,7.876366890398318,17.0,40486.5
2023-10-16,7.876366890398318,17.25,40503.75
2023-10-16,7.245449007196898,17.5,40521.25
2023-10-16,7.245449007196898,17.75,40539.0
2023-10-16,7.245449007196898,18.0,40557.0
2023-10-16,7.245449007196898,18.25,40575.25
2023-10-16,7.245449007196898,18.5,40593.75
2023-10-16,7.245449007196898,18.75,40612.5
2023-10-16,7.245449007196898,19.0,40631.5
2023-10-16,7.245449007196898,19.25,40650.75
2023-10-16,-2.042810365310288e-14,19.5,40670.25
2023-10-16,-2.042810365310288e-14,19.75,40690.0
2023-10-16,-2.042810365310288e-14,20.0,40710.0
2023-10-16,-2.042810365310288e-14,20.25,40730.25
2023-10-16,-2.042810365310288e-14,20.5,40750.75
2023-10-16,-2.042810365310288e-14,20.75,40771.5
2023-10-16,-2.042810365310288e-14,21.0,40792.5
2023-10-16,6.393926247288483,21.25,40813.75
2023-10-16,6.393926247288483,21.5,40835.25
2023-10-16,6.393926247288483,21.75,40857.0
2023-10-16,6.393926247288483,22.0,40879.0
2023-10-16,-2.042810365310288e-14,22.25,40901.25
2023-10-16,-2.042810365310288e-14,22.5,40923.75
2023-10-16,-2.042810365310288e-14,22.75,40946.5
2023-10-16,-2.042810365310288e-14,23.0,40969.5
2023-10-16,-2.042810365310288e-14,23.25,40992.75
2023-10-16,-2.042810365310288e-14,23.5,41016.25
2023-10-16,-2.042810365310288e-14,23.75,41040.0
2023-10-17,-2.042810365310288e-14,0.0,41040.0
2023-10-17,-2.042810365310288e-14,0.25,41040.25
2023-10-17,-2.042810365310288e-14,0.5,41040.75
2023-10-17,-2.042810365310288e-14,0.75,41041.5
2023-10-17,-2.042810365310288e-14,1.0,41042.5
2023-10-17,-2.042810365310288e-14,1.25,41043.75
2023-10-17,-2.042810365310288e-14,1.5,41045.25
2023-10-17,-2.042810365310288e-14,1.75,41047.0
2023-10-17,-2.042810365310288e-14,2.0,41049.0
2023-10-17,-2.042810365310288e-14,2.25,41051.25
2023-10-17,-2.042810365310288e-14,2.5,41053.75
2023-10-17,-2.042810365310288e-14,2.75,41056.5
2023-10-17,-2.042810365310288e-14,3.0,41059.5
2023-10-17,-2.042810365310288e-14,3.25,41062.75
2023-10-17,-2.042810365310288e-14,3.5,41066.25
2023-10-17,-2.042810365310288e-14,3.75,41070.0
2023-10-17,-2.042810365310288e-14,4.0,41074.0
2023-10-17,-2.042810365310288e-14,4.25,41078.25
2023-10-17,-2.042810365310288e-14,4.5,41082.75
2023-10-17,-2.042810365310288e-14,4.75,41087.5
2023-10-17,-2.042810365310288e-14,5.0,41092.5
2023-10-17,-2.042810365310288e-14,5.25,41097.75
2023-10-17,-2.042810365310288e-14,5.5,41103.25
2023-10-17,-2.042810365310288e-14,5.75,41109.0
2023-10-17,-2.042810365310288e-14,6.0,41115.0
2023-10-17,-2.042810365310288e-14,6.25,41121.25
2023-10-17,-2.042810365310288e-14,6.5,41127.75
2023-10-17,-2.042810365310288e-14,6.75,41134.5
2023-10-17,-2.042810365310288e-14,7.0,41141.5
2023-10-17,-2.042810365310288e-14,7.25,41148.75
2023-10-17,5.2988642498894345,7.5,41156.25
2023-10-17,5.2988642498894345,7.75,41164.0
2023-10-17,5.2988642498894345,8.0,41172.0
2023-10-17,5.2988642498894345,8.25,41180.25
2023-10-17,8.281254991579363,8.5,41188.75
2023-10-17,14.22735157698765,8.75,41197.5
2023-10-17,20.27458185106901,9.0,41206.5
2023-10-17,24.156918854177707,9.25,41215.75
2023-10-17,24.156918854177707,9.5,41225.25
2023-10-17,24.156918854177707,9.75,41235.0
2023-10-17,24.156918854177707,10.0,41245.0
2023-10-17,24.156918854177707,10.25,41255.25
2023-10-17,24.156918854177707,10.5,41265.75
2023-10-17,24.156918854177707,10.75,41276.5
2023-10-17,30.41470246731886,11.0,41287.5
2023-10-17,30.41470246731886,11.25,41298.75
2023-10-17,31.5084377607188,11.5,41310.25
2023-10-17,31.5084377607188,11.75,41322.0
2023-10-17,25.250654147577645,12.0,41334.0
2023-10-17,25.250654147577645,12.25,41346.25
2023-10-17,25.250654147577645,12.5,41358.75
2023-10-17,25.250654147577645,12.75,41371.5
2023-10-17,22.268263405887716,13.0,41384.5
2023-10-17,22.268263405887716,13.25,41397.75
2023-10-17,22.268263405887716,13.5,41411.25
2023-10-17,22.268263405887716,13.75,41425.0
2023-10-17,28.526198597533316,14.0,41439.0
2023-10-17,22.478968323451955,14.25,41453.25
2023-10-17,22.478968323451955,14.5,41467.75
2023-10-17,22.478968323451955,14.75,41482.5
2023-10-17,16.532871738043667,15.0,41497.5
2023-10-17,16.532871738043667,15.25,41512.75
2023-10-17,11.234007488154212,15.5,41528.25
2023-10-17,11.234007488154212,15.75,41544.0
2023-10-17,11.234007488154212,16.0,41560.0
2023-10-17,11.234007488154212,16.25,41576.25
2023-10-17,11.234007488154212,16.5,41592.75
2023-10-17,11.234007488154212,16.75,41609.5
2023-10-17,11.234007488154212,17.0,41626.5
2023-10-17,10.140272194754273,17.25,41643.75
2023-10-17,10.140272194754273,17.5,41661.25
2023-10-17,6.257935191645574,17.75,41679.0
2023-10-17,6.257935191645574,18.0,41697.0
2023-10-17,6.257935191645574,18.25,41715.25
2023-10-17,6.257935191645574,18.5,41733.75
2023-10-17,6.257935191645574,18.75,41752.5
2023-10-17,6.257935191645574,19.0,41771.5
2023-10-17,6.257935191645574,19.25,41790.75
2023-10-17,6.257935191645574,19.5,41810.25
2023-10-17,6.257935191645574,19.75,41830.0
2023-10-17,6.257935191645574,20.0,41850.0
2023-10-17,6.257935191645574,20.25,41870.25
2023-10-17,6.257935191645574,20.5,41890.75
2023-10-17,6.257935191645574,20.75,41911.5
2023-10-17,-2.7533531010703882e-14,21.0,41932.5
2023-10-17,-2.7533531010703882e-14,21.25,41953.75
2023-10-17,-2.7533531010703882e-14,21.5,41975.25
2023-10-17,6.405965876117124,21.75,41997.0
2023-10-17,6.405965876117124,22.0,42019.0
2023-10-17,6.405965876117124,22.25,42041.25
2023-10-17,6.405965876117124,22.5,42063.75
2023-10-17,-2.7533531010703882e-14,22.75,42086.5
2023-10-17,-2.7533531010703882e-14,23.0,42109.5
2023-10-17,-2.7533531010703882e-14,23.25,42132.75
2023-10-17,-2.7533531010703882e-14,23.5,42156.25
2023-10-17,-2.7533531010703882e-14,23.75,42180.0
2023-10-18,-2.7533531010703882e-14,0.0,42180.0
2023-10-18,-2.7533531010703882e-14,0.25,42180.25
2023-10-18,-2.7533531010703882e-14,0.5,42180.75
2023-10-18,-2.7533531010703882e-14,0.75,42181.5
2023-10-18,-2.7533531010703882e-14,1.0,42182.5
2023-10-18,-2.7533531010703882e-14,1.25,42183.75
2023-10-18,-2.7533531010703882e-14,1.5,42185.25
2023-10-18,-2.7533531010703882e-14,1.75,42187.0
2023-10-18,-2.7533531010703882e-14,2.0,42189.0
2023-10-18,-2.7533531010703882e-14,2.25,42191.25
2023-10-18,-2.7533531010703882e-14,2.5,42193.75
2023-10-18,-2.7533531010703882e-14,2.75,42196.5
2023-10-18,-2.7533531010703882e-14,3.0,42199.5
2023-10-18,-2.7533531010703882e-14,3.25,42202.75
2023-10-18,-2.7533531010703882e-14,3.5,42206.25
2023-10-18,-2.7533531010703882e-14,3.75,42210.0
2023-10-18,-2.7533531010703882e-14,4.0,42214.0
2023-10-18,-2.7533531010703882e-14,4.25,42218.25
2023-10-18,-2.7533531010703882e-14,4.5,42222.75
2023-10-18,-2.7533531010703882e-14,4.75,42227.5
2023-10-18,-2.7533531010703882e-14,5.0,42232.5
2023-10-18,-2.7533531010703882e-14,5.25,42237.75
2023-10-18,-2.7533531010703882e-14,5.5,42243.25
2023-10-18,-2.7533531010703882e-14,5.75,42249.0
2023-10-18,-2.7533531010703882e-14,6.0,42255.0
2023-10-18,-2.7533531010703882e-14,6.25,42261.25
2023-10-18,-2.7533531010703882e-14,6.5,42267.75
2023-10-18,-2.7533531010703882e-14,6.75,42274.5
2023-10-18,-2.7533531010703882e-14,7.0,42281.5
2023-10-18,-2.7533531010703882e-14,7.25,42288.75
2023-10-18,5.338973433066776,7.5,42296.25
2023-10-18,5.338973433066776,7.75,42304.0
2023-10-18,5.338973433066776,8.0,42312.0
2023-10-18,5.338973433066776,8.25,42320.25
2023-10-18,10.16959738253143,8.5,42328.75
2023-10-18,10.16959738253143,8.75,42337.5
2023-10-18,10.16959738253143,9.0,42346.5
2023-10-18,11.030336533112392,9.25,42355.75
2023-10-18,15.887410374214149,9.5,42365.25
2023-10-18,21.48253345494521,9.75,42375.0
2023-10-18,21.48253345494521,10.0,42385.0
2023-10-18,21.48253345494521,10.25,42395.25
2023-10-18,21.48253345494521,10.5,42405.75
2023-10-18,21.48253345494521,10.75,42416.5
2023-10-18,27.606756816442985,11.0,42427.5
2023-10-18,27.606756816442985,11.25,42438.75
2023-10-18,27.606756816442985,11.5,42450.25
2023-10-18,27.606756816442985,11.75,42462.0
2023-10-18,27.606756816442985,12.0,42474.0
2023-10-18,27.606756816442985,12.25,42486.25
2023-10-18,27.606756816442985,12.5,42498.75
2023-10-18,27.606756816442985,12.75,42511.5
2023-10-18,27.606756816442985,13.0,42524.5
2023-10-18,27.606756816442985,13.25,42537.75
2023-10-18,27.606756816442985,13.5,42551.25
2023-10-18,27.606756816442985,13.75,42565.0
2023-10-18,27.606756816442985,14.0,42579.0
2023-10-18,27.606756816442985,14.25,42593.25
2023-10-18,27.606756816442985,14.5,42607.75
2023-10-18,22.011633735711925,14.75,42622.5
2023-10-18,22.011633735711925,15.0,42637.5
2023-10-18,22.011633735711925,15.25,42652.75
2023-10-18,17.154559894610166,15.5,42668.25
2023-10-18,17.154559894610166,15.75,42684.0
2023-10-18,16.293820744029205,16.0,42700.0
2023-10-18,16.293820744029205,16.25,42716.25
2023-10-18,16.293820744029205,16.5,42732.75
2023-10-18,5.338973433066775,16.75,42749.5
2023-10-18,-2.930988785010413e-14,17.0,42766.5
2023-10-18,-2.930988785010413e-14,17.25,42783.75
2023-10-18,-2.930988785010413e-14,17.5,42801.25
2023-10-18,-2.930988785010413e-14,17.75,42819.0
2023-10-18,-2.930988785010413e-14,18.0,42837.0
2023-10-18,-2.930988785010413e-14,18.25,42855.25
2023-10-18,-2.930988785010413e-14,18.5,42873.75
2023-10-18,-2.930988785010413e-14,18.75,42892.5
2023-10-18,-2.930988785010413e-14,19.0,42911.5
2023-10-18,-2.930988785010413e-14,19.25,42930.75
2023-10-18,-2.930988785010413e-14,19.5,42950.25
2023-10-18,-2.930988785010413e-14,19.75,42970.0
2023-10-18,-2.930988785010413e-14,20.0,42990.0
2023-10-18,-2.930988785010413e-14,20.25,43010.25
2023-10-18,-2.930988785010413e-14,20.5,43030.75
2023-10-18,-2.930988785010413e-14,20.75,43051.5
2023-10-18,-2.930988785010413e-14,21.0,43072.5
2023-10-18,-2.930988785010413e-14,21.25,43093.75
2023-10-18,-2.930988785010413e-14,21.5,43115.25
2023-10-18,-2.930988785010413e-14,21.75,43137.0
2023-10-18,-2.930988785010413e-14,22.0,43159.0
2023-10-18,-2.930988785010413e-14,22.25,43181.25
2023-10-18,-2.930988785010413e-14,22.5,43203.75
2023-10-18,-2.930988785010413e-14,22.75,43226.5
2023-10-18,-2.930988785010413e-14,23.0,43249.5
2023-10-18,-2.930988785010413e-14,23.25,43272.75
2023-10-18,-2.930988785010413e-14,23.5,43296.25
2023-10-18,-2.930988785010413e-14,23.75,43320.0
2023-10-19,-2.930988785010413e-14,0.0,43320.0
2023-10-19,-2.930988785010413e-14,0.25,43320.25
2023-10-19,-2.930988785010413e-14,0.5,43320.75
2023-10-19,-2.930988785010413e-14,0.75,43321.5
2023-10-19,-2.930988785010413e-14,1.0,43322.5
2023-10-19,-2.930988785010413e-14,1.25,43323.75
2023-10-19,-2.930988785010413e-14,1.5,43325.25
2023-10-19,-2.930988785010413e-14,1.75,43327.0
2023-10-19,-2.930988785010413e-14,2.0,43329.0
2023-10-19,-2.930988785010413e-14,2.25,43331.25
2023-10-19,-2.930988785010413e-14,2.5,43333.75
2023-10-19,-2.930988785010413e-14,2.75,43336.5
2023-10-19,-2.930988785010413e-14,3.0,43339.5
2023-10-19,-2.930988785010413e-14,3.25,43342.75
2023-10-19,-2.930988785010413e-14,3.5,43346.25
2023-10-19,-2.930988785010413e-14,3.75,43350.0
2023-10-19,-2.930988785010413e-14,4.0,43354.0
2023-10-19,-2.930988785010413e-14,4.25,43358.25
2023-10-19,-2.930988785010413e-14,4.5,43362.75
2023-10-19,-2.930988785010413e-14,4.75,43367.5
2023-10-19,-2.930988785010413e-14,5.0,43372.5
2023-10-19,-2.930988785010413e-14,5.25,43377.75
2023-10-19,-2.930988785010413e-14,5.5,43383.25
2023-10-19,-2.930988785010413e-14,5.75,43389.0
2023-10-19,-2.930988785010413e-14,6.0,43395.0
2023-10-19,-2.930988785010413e-14,6.25,43401.25
2023-10-19,-2.930988785010413e-14,6.5,43407.75
2023-10-19,-2.930988785010413e-14,6.75,43414.5
2023-10-19,-2.930988785010413e-14,7.0,43421.5
2023-10-19,-2.930988785010413e-14,7.25,43428.75
2023-10-19,-2.930988785010413e-14,7.5,43436.25
2023-10-19,6.089600394123854,7.75,43444.0
2023-10-19,6.089600394123854,8.0,43452.0
2023-10-19,6.089600394123854,8.25,43460.25
2023-10-19,6.089600394123854,8.5,43468.75
2023-10-19,11.263737490108216,8.75,43477.5
2023-10-19,11.263737490108216,9.0,43486.5
2023-10-19,11.263737490108216,9.25,43495.75
2023-10-19,11.263737490108216,9.5,43505.25
2023-10-19,11.263737490108216,9.75,43515.0
2023-10-19,11.263737490108216,10.0,43525.0
2023-10-19,11.263737490108216,10.25,43535.25
2023-10-19,12.250503905240404,10.5,43545.75
2023-10-19,12.250503905240404,10.75,43556.5
2023-10-19,12.250503905240404,11.0,43567.5
2023-10-19,18.6698259120028,11.25,43578.75
2023-10-19,18.6698259120028,11.5,43590.25
2023-10-19,18.6698259120028,11.75,43602.0
2023-10-19,12.580225517878915,12.0,43614.0
2023-10-19,12.580225517878915,12.25,43626.25
2023-10-19,12.580225517878915,12.5,43638.75
2023-10-19,12.580225517878915,12.75,43651.5
2023-10-19,12.580225517878915,13.0,43664.5
2023-10-19,12.580225517878915,13.25,43677.75
2023-10-19,12.580225517878915,13.5,43691.25
2023-10-19,12.580225517878915,13.75,43705.0
2023-10-19,12.580225517878915,14.0,43719.0
2023-10-19,23.510689699049287,14.25,43733.25
2023-10-19,23.510689699049287,14.5,43747.75
2023-10-19,23.510689699049287,14.75,43762.5
2023-10-19,23.510689699049287,15.0,43777.5
2023-10-19,23.510689699049287,15.25,43792.75
2023-10-19,23.510689699049287,15.5,43808.25
2023-10-19,18.378404896021753,15.75,43824.0
2023-10-19,13.20426780003739,16.0,43840.0
2023-10-19,13.20426780003739,16.25,43856.25
2023-10-19,6.784945793274994,16.5,43872.75
2023-10-19,6.784945793274994,16.75,43889.5
2023-10-19,11.134675759703253,17.0,43906.5
2023-10-19,4.349729966428228,17.25,43923.75
2023-10-19,10.474025558804001,17.5,43941.25
2023-10-19,10.474025558804001,17.75,43959.0
2023-10-19,16.45821760640081,18.0,43977.0
2023-10-19,16.45821760640081,18.25,43995.25
2023-10-19,12.108487639972553,18.5,44013.75
2023-10-19,12.108487639972553,18.75,44032.5
2023-10-19,6.124295592375742,19.0,44051.5
2023-10-19,6.124295592375742,19.25,44070.75
2023-10-19,6.124295592375742,19.5,44090.25
2023-10-19,-3.108624468950438e-14,19.75,44110.0
2023-10-19,-3.108624468950438e-14,20.0,44130.0
2023-10-19,3.1245452911420264,20.25,44150.25
2023-10-19,3.1245452911420264,20.5,44170.75
2023-10-19,3.1245452911420264,20.75,44191.5
2023-10-19,3.1245452911420264,21.0,44212.5
2023-10-19,3.1245452911420264,21.25,44233.75
2023-10-19,3.1245452911420264,21.5,44255.25
2023-10-19,3.1245452911420264,21.75,44277.0
2023-10-19,3.1245452911420264,22.0,44299.0
2023-10-19,3.1245452911420264,22.25,44321.25
2023-10-19,-3.108624468950438e-14,22.5,44343.75
2023-10-19,-3.108624468950438e-14,22.75,44366.5
2023-10-19,-3.108624468950438e-14,23.0,44389.5
2023-10-19,-3.108624468950438e-14,23.25,44412.75
2023-10-19,-3.108624468950438e-14,23.5,44436.25
2023-10-19,-3.108624468950438e-14,23.75,44460.0
2023-10-20,-3.108624468950438e-14,0.0,44460.0
2023-10-20,-3.108624468950438e-14,0.25,44460.25
2023-10-20,-3.108624468950438e-14,0.5,44460.75
2023-10-20,-3.108624468950438e-14,0.75,44461.5
2023-10-20,-3.108624468950438e-14,1.0,44462.5
2023-10-20,-3.108624468950438e-14,1.25,44463.75
2023-10-20,-3.108624468950438e-14,1.5,44465.25
2023-10-20,-3.108624468950438e-14,1.75,44467.0
2023-10-20,-3.108624468950438e-14,2.0,44469.0
2023-10-20,-3.108624468950438e-14,2.25,44471.25
2023-10-20,-3.108624468950438e-14,2.5,44473.75
2023-10-20,-3.108624468950438e-14,2.75,44476.5
2023-10-20,-3.108624468950438e-14,3.0,44479.5
2023-10-20,-3.108624468950438e-14,3.25,44482.75
2023-10-20,-3.108624468950438e-14,3.5,44486.25
2023-10-20,-3.108624468950438e-14,3.75,44490.0
2023-10-20,-3.108624468950438e-14,4.0,44494.0
2023-10-20,-3.108624468950438e-14,4.25,44498.25
2023-10-20,-3.108624468950438e-14,4.5,44502.75
2023-10-20,-3.108624468950438e-14,4.75,44507.5
2023-10-20,-3.108624468950438e-14,5.0,44512.5
2023-10-20,-3.108624468950438e-14,5.25,44517.75
2023-10-20,-3.108624468950438e-14,5.5,44523.25
2023-10-20,-3.108624468950438e-14,5.75,44529.0
2023-10-20,-3.108624468950438e-14,6.0,44535.0
2023-10-20,-3.108624468950438e-14,6.25,44541.25
2023-10-20,-3.108624468950438e-14,6.5,44547.75
2023-10-20,-3.108624468950438e-14,6.75,44554.5
2023-10-20,-3.108624468950438e-14,7.0,44561.5
2023-10-20,5.785189006741778,7.25,44568.75
2023-10-20,10.15395898858479,7.5,44576.25
2023-10-20,10.15395898858479,7.75,44584.0
2023-10-20,10.15395898858479,8.0,44592.0
2023-10-20,10.15395898858479,8.25,44600.25
2023-10-20,16.63508555933604,8.5,44608.75
2023-10-20,16.63508555933604,8.75,44617.5
2023-10-20,17.810647860249997,9.0,44626.5
2023-10-20,17.810647860249997,9.25,44635.75
2023-10-20,17.810647860249997,9.5,44645.25
2023-10-20,17.810647860249997,9.75,44655.0
2023-10-20,17.810647860249997,10.0,44665.0
2023-10-20,17.810647860249997,10.25,44675.25
2023-10-20,17.810647860249997,10.5,44685.75
2023-10-20,17.810647860249997,10.75,44696.5
2023-10-20,22.428865374573657,11.0,44707.5
2023-10-20,22.428865374573657,11.25,44718.75
2023-10-20,22.428865374573657,11.5,44730.25
2023-10-20,22.428865374573657,11.75,44742.0
2023-10-20,22.428865374573657,12.0,44754.0
2023-10-20,22.428865374573657,12.25,44766.25
2023-10-20,22.428865374573657,12.5,44778.75
2023-10-20,22.428865374573657,12.75,44791.5
2023-10-20,22.428865374573657,13.0,44804.5
2023-10-20,22.428865374573657,13.25,44817.75
2023-10-20,22.428865374573657,13.5,44831.25
2023-10-20,22.428865374573657,13.75,44845.0
2023-10-20,22.428865374573657,14.0,44859.0
2023-10-20,17.810647860249997,14.25,44873.25
2023-10-20,17.810647860249997,14.5,44887.75
2023-10-20,17.810647860249997,14.75,44902.5
2023-10-20,17.810647860249997,15.0,44917.5
2023-10-20,17.810647860249997,15.25,44932.75
2023-10-20,17.810647860249997,15.5,44948.25
2023-10-20,17.810647860249997,15.75,44964.0
2023-10-20,16.63508555933604,16.0,44980.0
2023-10-20,10.849896552594231,16.25,44996.25
2023-10-20,4.368769981842981,16.5,45012.75
2023-10-20,4.368769981842981,16.75,45029.5
2023-10-20,-3.197442310920451e-14,17.0,45046.5
2023-10-20,-3.197442310920451e-14,17.25,45063.75
2023-10-20,-3.197442310920451e-14,17.5,45081.25
2023-10-20,-3.197442310920451e-14,17.75,45099.0
2023-10-20,-3.197442310920451e-14,18.0,45117.0
2023-10-20,-3.197442310920451e-14,18.25,45135.25
2023-10-20,3.0877875963144246,18.5,45153.75
2023-10-20,3.0877875963144246,18.75,45172.5
2023-10-20,3.0877875963144246,19.0,45191.5
2023-10-20,3.0877875963144246,19.25,45210.75
2023-10-20,3.0877875963144246,19.5,45230.25
2023-10-20,3.0877875963144246,19.75,45250.0
2023-10-20,3.0877875963144246,20.0,45270.0
2023-10-20,3.0877875963144246,20.25,45290.25
2023-10-20,9.126546773508684,20.5,45310.75
2023-10-20,9.126546773508684,20.75,45331.5
2023-10-20,9.126546773508684,21.0,45352.5
2023-10-20,9.126546773508684,21.25,45373.75
2023-10-20,3.087787596314425,21.5,45395.25
2023-10-20,3.087787596314425,21.75,45417.0
2023-10-20,3.087787596314425,22.0,45439.0
2023-10-20,3.087787596314425,22.25,45461.25
2023-10-20,3.087787596314425,22.5,45483.75
2023-10-20,3.087787596314425,22.75,45506.5
2023-10-20,3.087787596314425,23.0,45529.5
2023-10-20,3.087787596314425,23.25,45552.75
2023-10-20,3.087787596314425,23.5,45576.25
2023-10-20,3.087787596314425,23.75,45600.0
2023-10-23,3.087787596314425,0.0,45600.0
2023-10-23,3.087787596314425,0.25,45600.25
2023-10-23,3.087787596314425,0.5,45600.75
2023-10-23,3.087787596314425,0.75,45601.5
2023-10-23,3.087787596314425,1.0,45602.5
2023-10-23,3.087787596314425,1.25,45603.75
2023-10-23,3.087787596314425,1.5,45605.25
2023-10-23,3.087787596314425,1.75,45607.0
2023-10-23,3.087787596314425,2.0,45609.0
2023-10-23,3.087787596314425,2.25,45611.25
2023-10-23,3.087787596314425,2.5,45613.75
2023-10-23,3.087787596314425,2.75,45616.5
2023-10-23,3.087787596314425,3.0,45619.5
2023-10-23,3.087787596314425,3.25,45622.75
2023-10-23,3.087787596314425,3.5,45626.25
2023-10-23,3.087787596314425,3.75,45630.0
2023-10-23,3.087787596314425,4.0,45634.0
2023-10-23,3.087787596314425,4.25,45638.25
2023-10-23,3.087787596314425,4.5,45642.75
2023-10-23,3.087787596314425,4.75,45647.5
2023-10-23,3.087787596314425,5.0,45652.5
2023-10-23,3.087787596314425,5.25,45657.75
2023-10-23,3.087787596314425,5.5,45663.25
2023-10-23,3.087787596314425,5.75,45669.0
2023-10-23,3.087787596314425,6.0,45675.0
2023-10-23,3.087787596314425,6.25,45681.25
2023-10-23,3.087787596314425,6.5,45687.75
2023-10-23,3.087787596314425,6.75,45694.5
2023-10-23,3.087787596314425,7.0,45701.5
2023-10-23,5.6466363178942185,7.25,45708.75
2023-10-23,5.6466363178942185,7.5,45716.25
2023-10-23,5.6466363178942185,7.75,45724.0
2023-10-23,5.6466363178942185,8.0,45732.0
2023-10-23,5.6466363178942185,8.25,45740.25
2023-10-23,5.6466363178942185,8.5,45748.75
2023-10-23,5.6466363178942185,8.75,45757.5
2023-10-23,11.65781429433201,9.0,45766.5
2023-10-23,12.907886282353203,9.25,45775.75
2023-10-23,19.21051982355764,9.5,45785.25
2023-10-23,19.21051982355764,9.75,45795.0
2023-10-23,19.21051982355764,10.0,45805.0
2023-10-23,19.21051982355764,10.25,45815.25
2023-10-23,25.125528559397125,10.5,45825.75
2023-10-23,25.125528559397125,10.75,45836.5
2023-10-23,19.114350582959332,11.0,45847.5
2023-10-23,19.114350582959332,11.25,45858.75
2023-10-23,19.114350582959332,11.5,45870.25
2023-10-23,19.114350582959332,11.75,45882.0
2023-10-23,13.199341847119847,12.0,45894.0
2023-10-23,13.199341847119847,12.25,45906.25
2023-10-23,13.199341847119847,12.5,45918.75
2023-10-23,13.199341847119847,12.75,45931.5
2023-10-23,19.343215290328057,13.0,45944.5
2023-10-23,19.343215290328057,13.25,45957.75
2023-10-23,19.343215290328057,13.5,45971.25
2023-10-23,19.343215290328057,13.75,45985.0
2023-10-23,19.343215290328057,14.0,45999.0
2023-10-23,19.343215290328057,14.25,46013.25
2023-10-23,19.343215290328057,14.5,46027.75
2023-10-23,19.343215290328057,14.75,46042.5
2023-10-23,19.343215290328057,15.0,46057.5
2023-10-23,19.343215290328057,15.25,46072.75
2023-10-23,13.696578972433807,15.5,46088.25
2023-10-23,13.696578972433807,15.75,46104.0
2023-10-23,7.393945431229372,16.0,46120.0
2023-10-23,7.393945431229372,16.25,46136.25
2023-10-23,7.393945431229372,16.5,46152.75
2023-10-23,7.393945431229372,16.75,46169.5
2023-10-23,7.393945431229372,17.0,46186.5
2023-10-23,7.393945431229372,17.25,46203.75
2023-10-23,7.393945431229372,17.5,46221.25
2023-10-23,6.143873443208179,17.75,46239.0
2023-10-23,6.143873443208179,18.0,46257.0
2023-10-23,6.143873443208179,18.25,46275.25
2023-10-23,6.143873443208179,18.5,46293.75
2023-10-23,6.143873443208179,18.75,46312.5
2023-10-23,6.143873443208179,19.0,46331.5
2023-10-23,12.42105024649661,19.25,46350.75
2023-10-23,12.42105024649661,19.5,46370.25
2023-10-23,12.42105024649661,19.75,46390.0
2023-10-23,12.42105024649661,20.0,46410.0
2023-10-23,12.42105024649661,20.25,46430.25
2023-10-23,12.42105024649661,20.5,46450.75
2023-10-23,6.143873443208179,20.75,46471.5
2023-10-23,6.27743735138098,21.0,46492.5
2023-10-23,6.27743735138098,21.25,46513.75
2023-10-23,6.27743735138098,21.5,46535.25
2023-10-23,6.27743735138098,21.75,46557.0
2023-10-23,-3.197442310920451e-14,22.0,46579.0
2023-10-23,-3.197442310920451e-14,22.25,46601.25
2023-10-23,-3.197442310920451e-14,22.5,46623.75
2023-10-23,-3.197442310920451e-14,22.75,46646.5
2023-10-23,-3.197442310920451e-14,23.0,46669.5
2023-10-23,-3.197442310920451e-14,23.25,46692.75
2023-10-23,-3.197442310920451e-14,23.5,46716.25
2023-10-23,-3.197442310920451e-14,23.75,46740.0
2023-10-24,-3.197442310920451e-14,0.0,46740.0
2023-10-24,-3.197442310920451e-14,0.25,46740.25
2023-10-24,-3.197442310920451e-14,0.5,46740.75
2023-10-24,-3.197442310920451e-14,0.75,46741.5
2023-10-24,-3.197442310920451e-14,1.0,46742.5
2023-10-24,-3.197442310920451e-14,1.25,46743.75
2023-10-24,-3.197442310920451e-14,1.5,46745.25
2023-10-24,-3.197442310920451e-14,1.75,46747.0
2023-10-24,-3.197442310920451e-14,2.0,46749.0
2023-10-24,-3.197442310920451e-14,2.25,46751.25
2023-10-24,-3.197442310920451e-14,2.5,46753.75
2023-10-24,-3.197442310920451e-14,2.75,46756.5
2023-10-24,-3.197442310920451e-14,3.0,46759.5
2023-10-24,-3.197442310920451e-14,3.25,46762.75
2023-10-24,-3.197442310920451e-14,3.5,46766.25
2023-10-24,-3.197442310920451e-14,3.75,46770.0
2023-10-24,-3.197442310920451e-14,4.0,46774.0
2023-10-24,-3.197442310920451e-14,4.25,46778.25
2023-10-24,-3.197442310920451e-14,4.5,46782.75
2023-10-24,-3.197442310920451e-14,4.75,46787.5
2023-10-24,-3.197442310920451e-14,5.0,46792.5
2023-10-24,-3.197442310920451e-14,5.25,46797.75
2023-10-24,-3.197442310920451e-14,5.5,46803.25
2023-10-24,-3.197442310920451e-14,5.75,46809.0
2023-10-24,-3.197442310920451e-14,6.0,46815.0
2023-10-24,-3.197442310920451e-14,6.25,46821.25
2023-10-24,-3.197442310920451e-14,6.5,46827.75
2023-10-24,-3.197442310920451e-14,6.75,46834.5
2023-10-24,-3.197442310920451e-14,7.0,46841.5
2023-10-24,-3.197442310920451e-14,7.25,46848.75
2023-10-24,-3.197442310920451e-14,7.5,46856.25
2023-10-24,-3.197442310920451e-14,7.75,46864.0
2023-10-24,-3.197442310920451e-14,8.0,46872.0
2023-10-24,-3.197442310920451e-14,8.25,46880.25
2023-10-24,-3.197442310920451e-14,8.5,46888.75
2023-10-24,-3.197442310920451e-14,8.75,46897.5
2023-10-24,6.282175064400175,9.0,46906.5
2023-10-24,11.347657842076153,9.25,46915.75
2023-10-24,17.68708240734634,9.5,46925.25
2023-10-24,17.68708240734634,9.75,46935.0
2023-10-24,17.68708240734634,10.0,46945.0
2023-10-24,17.68708240734634,10.25,46955.25
2023-10-24,18.18124952902302,10.5,46965.75
2023-10-24,18.18124952902302,10.75,46976.5
2023-10-24,18.18124952902302,11.0,46987.5
2023-10-24,18.18124952902302,11.25,46998.75
2023-10-24,18.18124952902302,11.5,47010.25
2023-10-24,18.18124952902302,11.75,47022.0
2023-10-24,18.18124952902302,12.0,47034.0
2023-10-24,23.782576166313618,12.25,47046.25
2023-10-24,23.782576166313618,12.5,47058.75
2023-10-24,23.782576166313618,12.75,47071.5
2023-10-24,23.782576166313618,13.0,47084.5
2023-10-24,29.792864763449494,13.25,47097.75
2023-10-24,29.792864763449494,13.5,47111.25
2023-10-24,23.510689699049287,13.75,47125.0
2023-10-24,23.510689699049287,14.0,47139.0
2023-10-24,5.559649899352624,14.25,47153.25
2023-10-24,5.559649899352624,14.5,47167.75
2023-10-24,5.559649899352624,14.75,47182.5
2023-10-24,29.378263799036567,15.0,47197.5
2023-10-24,17.171265133779098,15.25,47212.75
2023-10-24,17.171265133779098,15.5,47228.25
2023-10-24,11.5699384964885,15.75,47244.0
2023-10-24,11.5699384964885,16.0,47260.0
2023-10-24,0.49416712167664656,16.25,47276.25
2023-10-24,0.49416712167664656,16.5,47292.75
2023-10-24,0.49416712167664656,16.75,47309.5
2023-10-24,0.49416712167664656,17.0,47326.5
2023-10-24,6.827468746223475,17.25,47343.75
2023-10-24,6.827468746223475,17.5,47361.25
2023-10-24,6.827468746223475,17.75,47379.0
2023-10-24,6.333301624546798,18.0,47397.0
2023-10-24,6.333301624546798,18.25,47415.25
2023-10-24,6.333301624546798,18.5,47433.75
2023-10-24,6.333301624546798,18.75,47452.5
2023-10-24,6.333301624546798,19.0,47471.5
2023-10-24,-3.019806626980426e-14,19.25,47490.75
2023-10-24,-3.019806626980426e-14,19.5,47510.25
2023-10-24,-3.019806626980426e-14,19.75,47530.0
2023-10-24,-3.019806626980426e-14,20.0,47550.0
2023-10-24,-3.019806626980426e-14,20.25,47570.25
2023-10-24,-3.019806626980426e-14,20.5,47590.75
2023-10-24,-3.019806626980426e-14,20.75,47611.5
2023-10-24,-3.019806626980426e-14,21.0,47632.5
2023-10-24,-3.019806626980426e-14,21.25,47653.75
2023-10-24,-3.019806626980426e-14,21.5,47675.25
2023-10-24,6.321407624633401,21.75,47697.0
2023-10-24,6.321407624633401,22.0,47719.0
2023-10-24,6.321407624633401,22.25,47741.25
2023-10-24,6.321407624633401,22.5,47763.75
2023-10-24,-3.019806626980426e-14,22.75,47786.5
2023-10-24,-3.019806626980426e-14,23.0,47809.5
2023-10-24,-3.019806626980426e-14,23.25,47832.75
2023-10-24,-3.019806626980426e-14,23.5,47856.25
2023-10-24,-3.019806626980426e-14,23.75,47880.0
2023-10-25,-3.019806626980426e-14,0.0,47880.0
2023-10-25,-3.019806626980426e-14,0.25,47880.25
2023-10-25,-3.019806626980426e-14,0.5,47880.75
2023-10-25,-3.019806626980426e-14,0.75,47881.5
2023-10-25,-3.019806626980426e-14,1.0,47882.5
2023-10-25,-3.019806626980426e-14,1.25,47883.75
2023-10-25,-3.019806626980426e-14,1.5,47885.25
2023-10-25,-3.019806626980426e-14,1.75,47887.0
2023-10-25,-3.019806626980426e-14,2.0,47889.0
2023-10-25,-3.019806626980426e-14,2.25,47891.25
2023-10-25,-3.019806626980426e-14,2.5,47893.75
2023-10-25,-3.019806626980426e-14,2.75,47896.5
2023-10-25,-3.019806626980426e-14,3.0,47899.5
2023-10-25,-3.019806626980426e-14,3.25,47902.75
2023-10-25,-3.019806626980426e-14,3.5,47906.25
2023-10-25,-3.019806626980426e-14,3.75,47910.0
2023-10-25,-3.019806626980426e-14,4.0,47914.0
2023-10-25,-3.019806626980426e-14,4.25,47918.25
2023-10-25,-3.019806626980426e-14,4.5,47922.75
2023-10-25,-3.019806626980426e-14,4.75,47927.5
2023-10-25,-3.019806626980426e-14,5.0,47932.5
2023-10-25,-3.019806626980426e-14,5.25,47937.75
2023-10-25,-3.019806626980426e-14,5.5,47943.25
2023-10-25,-3.019806626980426e-14,5.75,47949.0
2023-10-25,-3.019806626980426e-14,6.0,47955.0
2023-10-25,-3.019806626980426e-14,6.25,47961.25
2023-10-25,-3.019806626980426e-14,6.5,47967.75
2023-10-25,-3.019806626980426e-14,6.75,47974.5
2023-10-25,-3.019806626980426e-14,7.0,47981.5
2023-10-25,-3.019806626980426e-14,7.25,47988.75
2023-10-25,-3.019806626980426e-14,7.5,47996.25
2023-10-25,-3.019806626980426e-14,7.75,48004.0
2023-10-25,-3.019806626980426e-14,8.0,48012.0
2023-10-25,4.552240140165165,8.25,48020.25
2023-10-25,4.552240140165165,8.5,48028.75
2023-10-25,10.886630399657648,8.75,48037.5
2023-10-25,11.807032622041145,9.0,48046.5
2023-10-25,11.807032622041145,9.25,48055.75
2023-10-25,11.807032622041145,9.5,48065.25
2023-10-25,11.807032622041145,9.75,48075.0
2023-10-25,11.807032622041145,10.0,48085.0
2023-10-25,11.807032622041145,10.25,48095.25
2023-10-25,16.81294950295475,10.5,48105.75
2023-10-25,16.81294950295475,10.75,48116.5
2023-10-25,16.81294950295475,11.0,48127.5
2023-10-25,16.81294950295475,11.25,48138.75
2023-10-25,16.81294950295475,11.5,48150.25
2023-10-25,16.81294950295475,11.75,48162.0
2023-10-25,19.907192159666366,12.0,48174.0
2023-10-25,26.411887017640296,12.25,48186.25
2023-10-25,26.411887017640296,12.5,48198.75
2023-10-25,26.411887017640296,12.75,48211.5
2023-10-25,26.411887017640296,13.0,48224.5
2023-10-25,26.411887017640296,13.25,48237.75
2023-10-25,26.411887017640296,13.5,48251.25
2023-10-25,26.411887017640296,13.75,48265.0
2023-10-25,20.077496758147813,14.0,48279.0
2023-10-25,20.077496758147813,14.25,48293.25
2023-10-25,20.077496758147813,14.5,48307.75
2023-10-25,20.077496758147813,14.75,48322.5
2023-10-25,20.077496758147813,15.0,48337.5
2023-10-25,19.157094535764315,15.25,48352.75
2023-10-25,19.157094535764315,15.5,48368.25
2023-10-25,19.157094535764315,15.75,48384.0
2023-10-25,19.157094535764315,16.0,48400.0
2023-10-25,16.0628518790527,16.25,48416.25
2023-10-25,16.0628518790527,16.5,48432.75
2023-10-25,16.0628518790527,16.75,48449.5
2023-10-25,11.510611738887505,17.0,48466.5
2023-10-25,11.510611738887505,17.25,48483.75
2023-10-25,11.510611738887505,17.5,48501.25
2023-10-25,11.510611738887505,17.75,48519.0
2023-10-25,6.504694857973897,18.0,48537.0
2023-10-25,6.504694857973897,18.25,48555.25
2023-10-25,6.504694857973897,18.5,48573.75
2023-10-25,6.504694857973897,18.75,48592.5
2023-10-25,6.504694857973897,19.0,48611.5
2023-10-25,6.504694857973897,19.25,48630.75
2023-10-25,-3.552713678800501e-14,19.5,48650.25
2023-10-25,-3.552713678800501e-14,19.75,48670.0
2023-10-25,-3.552713678800501e-14,20.0,48690.0
2023-10-25,-3.552713678800501e-14,20.25,48710.25
2023-10-25,-3.552713678800501e-14,20.5,48730.75
2023-10-25,-3.552713678800501e-14,20.75,48751.5
2023-10-25,-3.552713678800501e-14,21.0,48772.5
2023-10-25,-3.552713678800501e-14,21.25,48793.75
2023-10-25,-3.552713678800501e-14,21.5,48815.25
2023-10-25,-3.552713678800501e-14,21.75,48837.0
2023-10-25,-3.552713678800501e-14,22.0,48859.0
2023-10-25,-3.552713678800501e-14,22.25,48881.25
2023-10-25,-3.552713678800501e-14,22.5,48903.75
2023-10-25,-3.552713678800501e-14,22.75,48926.5
2023-10-25,-3.552713678800501e-14,23.0,48949.5
2023-10-25,-3.552713678800501e-14,23.25,48972.75
2023-10-25,-3.552713678800501e-14,23.5,48996.25
2023-10-25,-3.552713678800501e-14,23.75,49020.0
2023-10-26,-3.552713678800501e-14,0.0,49020.0
2023-10-26,-3.552713678800501e-14,0.25,49020.25
2023-10-26,-3.552713678800501e-14,0.5,49020.75
2023-10-26,-3.552713678800501e-14,0.75,49021.5
2023-10-26,-3.552713678800501e-14,1.0,49022.5
2023-10-26,-3.552713678800501e-14,1.25,49023.75
2023-10-26,-3.552713678800501e-14,1.5,49025.25
2023-10-26,-3.552713678800501e-14,1.75,49027.0
2023-10-26,-3.552713678800501e-14,2.0,49029.0
2023-10-26,-3.552713678800501e-14,2.25,49031.25
2023-10-26,-3.552713678800501e-14,2.5,49033.75
2023-10-26,-3.552713678800501e-14,2.75,49036.5
2023-10-26,-3.552713678800501e-14,3.0,49039.5
2023-10-26,-3.552713678800501e-14,3.25,49042.75
2023-10-26,-3.552713678800501e-14,3.5,49046.25
2023-10-26,-3.552713678800501e-14,3.75,49050.0
2023-10-26,-3.552713678800501e-14,4.0,49054.0
2023-10-26,-3.552713678800501e-14,4.25,49058.25
2023-10-26,-3.552713678800501e-14,4.5,49062.75
2023-10-26,-3.552713678800501e-14,4.75,49067.5
2023-10-26,-3.552713678800501e-14,5.0,49072.5
2023-10-26,-3.552713678800501e-14,5.25,49077.75
2023-10-26,-3.552713678800501e-14,5.5,49083.25
2023-10-26,-3.552713678800501e-14,5.75,49089.0
2023-10-26,-3.552713678800501e-14,6.0,49095.0
2023-10-26,-3.552713678800501e-14,6.25,49101.25
2023-10-26,-3.552713678800501e-14,6.5,49107.75
2023-10-26,-3.552713678800501e-14,6.75,49114.5
2023-10-26,-3.552713678800501e-14,7.0,49121.5
2023-10-26,6.203840472673524,7.25,49128.75
2023-10-26,11.196755438526935,7.5,49136.25
2023-10-26,11.196755438526935,7.75,49144.0
2023-10-26,11.196755438526935,8.0,49152.0
2023-10-26,11.196755438526935,8.25,49160.25
2023-10-26,11.196755438526935,8.5,49168.75
2023-10-26,11.196755438526935,8.75,49177.5
2023-10-26,11.196755438526935,9.0,49186.5
2023-10-26,11.196755438526935,9.25,49195.75
2023-10-26,23.606397340422152,9.5,49205.25
2023-10-26,28.39886190132383,9.75,49215.0
2023-10-26,28.39886190132383,10.0,49225.0
2023-10-26,34.26476918884228,10.25,49235.25
2023-10-26,34.26476918884228,10.5,49245.75
2023-10-26,34.26476918884228,10.75,49256.5
2023-10-26,34.26476918884228,11.0,49267.5
2023-10-26,34.26476918884228,11.25,49278.75
2023-10-26,34.26476918884228,11.5,49290.25
2023-10-26,34.26476918884228,11.75,49302.0
2023-10-26,34.26476918884228,12.0,49314.0
2023-10-26,34.26476918884228,12.25,49326.25
2023-10-26,34.26476918884228,12.5,49338.75
2023-10-26,28.398861901323833,12.75,49351.5
2023-10-26,22.45453066753354,13.0,49364.5
2023-10-26,25.64579903388935,13.25,49377.75
2023-10-26,25.64579903388935,13.5,49391.25
2023-10-26,25.64579903388935,13.75,49405.0
2023-10-26,25.64579903388935,14.0,49419.0
2023-10-26,25.64579903388935,14.25,49433.25
2023-10-26,25.64579903388935,14.5,49447.75
2023-10-26,25.64579903388935,14.75,49462.5
2023-10-26,19.44195856121579,15.0,49477.5
2023-10-26,19.44195856121579,15.25,49492.75
2023-10-26,19.44195856121579,15.5,49508.25
2023-10-26,19.44195856121579,15.75,49524.0
2023-10-26,9.785379526755058,16.0,49540.0
2023-10-26,9.785379526755058,16.25,49556.25
2023-10-26,9.785379526755058,16.5,49572.75
2023-10-26,12.691619126102095,16.75,49589.5
2023-10-26,7.698704160248684,17.0,49606.5
2023-10-26,7.698704160248684,17.25,49623.75
2023-10-26,7.698704160248684,17.5,49641.25
2023-10-26,7.698704160248684,17.75,49659.0
2023-10-26,2.906239599347007,18.0,49677.0
2023-10-26,2.906239599347007,18.25,49695.25
2023-10-26,2.906239599347007,18.5,49713.75
2023-10-26,2.906239599347007,18.75,49732.5
2023-10-26,2.906239599347007,19.0,49751.5
2023-10-26,2.906239599347007,19.25,49770.75
2023-10-26,-3.019806626980426e-14,19.5,49790.25
2023-10-26,-3.019806626980426e-14,19.75,49810.0
2023-10-26,-3.019806626980426e-14,20.0,49830.0
2023-10-26,-3.019806626980426e-14,20.25,49850.25
2023-10-26,-3.019806626980426e-14,20.5,49870.75
2023-10-26,-3.019806626980426e-14,20.75,49891.5
2023-10-26,-3.019806626980426e-14,21.0,49912.5
2023-10-26,5.924061359020019,21.25,49933.75
2023-10-26,5.924061359020019,21.5,49955.25
2023-10-26,5.924061359020019,21.75,49977.0
2023-10-26,-3.019806626980426e-14,22.0,49999.0
2023-10-26,-3.019806626980426e-14,22.25,50021.25
2023-10-26,-3.019806626980426e-14,22.5,50043.75
2023-10-26,-3.019806626980426e-14,22.75,50066.5
2023-10-26,-3.019806626980426e-14,23.0,50089.5
2023-10-26,-3.019806626980426e-14,23.25,50112.75
2023-10-26,-3.019806626980426e-14,23.5,50136.25
2023-10-26,-3.019806626980426e-14,23.75,50160.0
2023-10-27,-3.019806626980426e-14,0.0,50160.0
2023-10-27,-3.019806626980426e-14,0.25,50160.25
2023-10-27,-3.019806626980426e-14,0.5,50160.75
2023-10-27,-3.019806626980426e-14,0.75,50161.5
2023-10-27,-3.019806626980426e-14,1.0,50162.5
2023-10-27,-3.019806626980426e-14,1.25,50163.75
2023-10-27,-3.019806626980426e-14,1.5,50165.25
2023-10-27,-3.019806626980426e-14,1.75,50167.0
2023-10-27,-3.019806626980426e-14,2.0,50169.0
2023-10-27,-3.019806626980426e-14,2.25,50171.25
2023-10-27,-3.019806626980426e-14,2.5,50173.75
2023-10-27,-3.019806626980426e-14,2.75,50176.5
2023-10-27,-3.019806626980426e-14,3.0,50179.5
2023-10-27,-3.019806626980426e-14,3.25,50182.75
2023-10-27,-3.019806626980426e-14,3.5,50186.25
2023-10-27,-3.019806626980426e-14,3.75,50190.0
2023-10-27,-3.019806626980426e-14,4.0,50194.0
2023-10-27,-3.019806626980426e-14,4.25,50198.25
2023-10-27,-3.019806626980426e-14,4.5,50202.75
2023-10-27,-3.019806626980426e-14,4.75,50207.5
2023-10-27,-3.019806626980426e-14,5.0,50212.5
2023-10-27,-3.019806626980426e-14,5.25,50217.75
2023-10-27,-3.019806626980426e-14,5.5,50223.25
2023-10-27,-3.019806626980426e-14,5.75,50229.0
2023-10-27,-3.019806626980426e-14,6.0,50235.0
2023-10-27,-3.019806626980426e-14,6.25,50241.25
2023-10-27,6.458112018755235,6.5,50247.75
2023-10-27,6.458112018755235,6.75,50254.5
2023-10-27,6.458112018755235,7.0,50261.5
2023-10-27,11.741727686947735,7.25,50268.75
2023-10-27,11.741727686947735,7.5,50276.25
2023-10-27,11.741727686947735,7.75,50284.0
2023-10-27,16.433737382909474,8.0,50292.0
2023-10-27,16.433737382909474,8.25,50300.25
2023-10-27,16.433737382909474,8.5,50308.75
2023-10-27,21.68162331921016,8.75,50317.5
2023-10-27,21.68162331921016,9.0,50326.5
2023-10-27,22.676754582504305,9.25,50335.75
2023-10-27,28.22859664296835,9.5,50345.25
2023-10-27,29.18363449059431,9.75,50355.0
2023-10-27,29.18363449059431,10.0,50365.0
2023-10-27,29.18363449059431,10.25,50375.25
2023-10-27,29.18363449059431,10.5,50385.75
2023-10-27,29.18363449059431,10.75,50396.5
2023-10-27,29.18363449059431,11.0,50407.5
2023-10-27,22.725522471839046,11.25,50418.75
2023-10-27,22.725522471839046,11.5,50430.25
2023-10-27,22.725522471839046,11.75,50442.0
2023-10-27,21.770484624213083,12.0,50454.0
2023-10-27,25.297946913792135,12.25,50466.25
2023-10-27,20.014331245599635,12.5,50478.75
2023-10-27,20.014331245599635,12.75,50491.5
2023-10-27,25.86260230970234,13.0,50504.5
2023-10-27,25.86260230970234,13.25,50517.75
2023-10-27,25.86260230970234,13.5,50531.25
2023-10-27,31.705188552656267,13.75,50545.0
2023-10-27,31.705188552656267,14.0,50559.0
2023-10-27,31.705188552656267,14.25,50573.25
2023-10-27,31.705188552656267,14.5,50587.75
2023-10-27,31.705188552656267,14.75,50602.5
2023-10-27,26.45730261635558,15.0,50617.5
2023-10-27,26.45730261635558,15.25,50632.75
2023-10-27,26.45730261635558,15.5,50648.25
2023-10-27,20.614716373401652,15.75,50664.0
2023-10-27,20.614716373401652,16.0,50680.0
2023-10-27,19.619585110107508,16.25,50696.25
2023-10-27,22.723485313214496,16.5,50712.75
2023-10-27,13.34775195953274,16.75,50729.5
2023-10-27,13.34775195953274,17.0,50746.5
2023-10-27,8.655742263571,17.25,50763.75
2023-10-27,3.1039002031069547,17.5,50781.25
2023-10-27,3.1039002031069547,17.75,50799.0
2023-10-27,3.1039002031069547,18.0,50817.0
2023-10-27,3.1039002031069547,18.25,50835.25
2023-10-27,3.1039002031069547,18.5,50853.75
2023-10-27,3.1039002031069547,18.75,50872.5
2023-10-27,3.1039002031069547,19.0,50891.5
2023-10-27,3.1039002031069547,19.25,50910.75
2023-10-27,-3.3306690738754696e-14,19.5,50930.25
2023-10-27,-3.3306690738754696e-14,19.75,50950.0
2023-10-27,-3.3306690738754696e-14,20.0,50970.0
2023-10-27,-3.3306690738754696e-14,20.25,50990.25
2023-10-27,-3.3306690738754696e-14,20.5,51010.75
2023-10-27,-3.3306690738754696e-14,20.75,51031.5
2023-10-27,-3.3306690738754696e-14,21.0,51052.5
2023-10-27,-3.3306690738754696e-14,21.25,51073.75
2023-10-27,-3.3306690738754696e-14,21.5,51095.25
2023-10-27,-3.3306690738754696e-14,21.75,51117.0
2023-10-27,-3.3306690738754696e-14,22.0,51139.0
2023-10-27,-3.3306690738754696e-14,22.25,51161.25
2023-10-27,-3.3306690738754696e-14,22.5,51183.75
2023-10-27,-3.3306690738754696e-14,22.75,51206.5
2023-10-27,-3.3306690738754696e-14,23.0,51229.5
2023-10-27,-3.3306690738754696e-14,23.25,51252.75
2023-10-27,-3.3306690738754696e-14,23.5,51276.25
2023-10-27,-3.3306690738754696e-14,23.75,51300.0
2023-10-30,-3.3306690738754696e-14,0.0,51300.0
2023-10-30,-3.3306690738754696e-14,0.25,51300.25
2023-10-30,-3.3306690738754696e-14,0.5,51300.75
2023-10-30,-3.3306690738754696e-14,0.75,51301.5
2023-10-30,-3.3306690738754696e-14,1.0,51302.5
2023-10-30,-3.3306690738754696e-14,1.25,51303.75
2023-10-30,-3.3306690738754696e-14,1.5,51305.25
2023-10-30,-3.3306690738754696e-14,1.75,51307.0
2023-10-30,-3.3306690738754696e-14,2.0,51309.0
2023-10-30,-3.3306690738754696e-14,2.25,51311.25
2023-10-30,-3.3306690738754696e-14,2.5,51313.75
2023-10-30,-3.3306690738754696e-14,2.75,51316.5
2023-10-30,-3.3306690738754696e-14,3.0,51319.5
2023-10-30,-3.3306690738754696e-14,3.25,51322.75
2023-10-30,-3.3306690738754696e-14,3.5,51326.25
2023-10-30,-3.3306690738754696e-14,3.75,51330.0
2023-10-30,-3.3306690738754696e-14,4.0,51334.0
2023-10-30,-3.3306690738754696e-14,4.25,51338.25
2023-10-30,-3.3306690738754696e-14,4.5,51342.75
2023-10-30,-3.3306690738754696e-14,4.75,51347.5
2023-10-30,-3.3306690738754696e-14,5.0,51352.5
2023-10-30,-3.3306690738754696e-14,5.25,51357.75
2023-10-30,-3.3306690738754696e-14,5.5,51363.25
2023-10-30,-3.3306690738754696e-14,5.75,51369.0
2023-10-30,-3.3306690738754696e-14,6.0,51375.0
2023-10-30,-3.3306690738754696e-14,6.25,51381.25
2023-10-30,-3.3306690738754696e-14,6.5,51387.75
2023-10-30,-3.3306690738754696e-14,6.75,51394.5
2023-10-30,-3.3306690738754696e-14,7.0,51401.5
2023-10-30,-3.3306690738754696e-14,7.25,51408.75
2023-10-30,-3.3306690738754696e-14,7.5,51416.25
2023-10-30,-3.3306690738754696e-14,7.75,51424.0
2023-10-30,-3.3306690738754696e-14,8.0,51432.0
2023-10-30,-3.3306690738754696e-14,8.25,51440.25
2023-10-30,-3.3306690738754696e-14,8.5,51448.75
2023-10-30,-3.3306690738754696e-14,8.75,51457.5
2023-10-30,-3.3306690738754696e-14,9.0,51466.5
2023-10-30,0.8282142298814305,9.25,51475.75
2023-10-30,0.8282142298814305,9.5,51485.25
2023-10-30,0.8282142298814305,9.75,51495.0
2023-10-30,0.8282142298814305,10.0,51505.0
2023-10-30,6.566899537979421,10.25,51515.25
2023-10-30,12.728248152975585,10.5,51525.75
2023-10-30,12.728248152975585,10.75,51536.5
2023-10-30,18.66759241527067,11.0,51547.5
2023-10-30,18.66759241527067,11.25,51558.75
2023-10-30,18.66759241527067,11.5,51570.25
2023-10-30,18.66759241527067,11.75,51582.0
2023-10-30,18.66759241527067,12.0,51594.0
2023-10-30,18.66759241527067,12.25,51606.25
2023-10-30,18.66759241527067,12.5,51618.75
2023-10-30,18.66759241527067,12.75,51631.5
2023-10-30,18.66759241527067,13.0,51644.5
2023-10-30,12.928907107172677,13.25,51657.75
2023-10-30,12.928907107172677,13.5,51671.25
2023-10-30,12.928907107172677,13.75,51685.0
2023-10-30,12.928907107172677,14.0,51699.0
2023-10-30,12.928907107172677,14.25,51713.25
2023-10-30,6.989562844877595,14.5,51727.75
2023-10-30,6.989562844877595,14.75,51742.5
2023-10-30,6.989562844877595,15.0,51757.5
2023-10-30,6.989562844877595,15.25,51772.75
2023-10-30,6.989562844877595,15.5,51788.25
2023-10-30,6.989562844877595,15.75,51804.0
2023-10-30,6.989562844877595,16.0,51820.0
2023-10-30,6.989562844877595,16.25,51836.25
2023-10-30,6.989562844877595,16.5,51852.75
2023-10-30,6.989562844877595,16.75,51869.5
2023-10-30,14.493048083721135,17.0,51886.5
2023-10-30,8.33169946872497,17.25,51903.75
2023-10-30,8.33169946872497,17.5,51921.25
2023-10-30,7.503485238843506,17.75,51939.0
2023-10-30,7.503485238843506,18.0,51957.0
2023-10-30,7.503485238843506,18.25,51975.25
2023-10-30,7.503485238843506,18.5,51993.75
2023-10-30,7.503485238843506,18.75,52012.5
2023-10-30,7.503485238843506,19.0,52031.5
2023-10-30,-3.375077994860476e-14,19.25,52050.75
2023-10-30,-3.375077994860476e-14,19.5,52070.25
2023-10-30,-3.375077994860476e-14,19.75,52090.0
2023-10-30,-3.375077994860476e-14,20.0,52110.0
2023-10-30,-3.375077994860476e-14,20.25,52130.25
2023-10-30,-3.375077994860476e-14,20.5,52150.75
2023-10-30,-3.375077994860476e-14,20.75,52171.5
2023-10-30,-3.375077994860476e-14,21.0,52192.5
2023-10-30,-3.375077994860476e-14,21.25,52213.75
2023-10-30,-3.375077994860476e-14,21.5,52235.25
2023-10-30,-3.375077994860476e-14,21.75,52257.0
2023-10-30,-3.375077994860476e-14,22.0,52279.0
2023-10-30,-3.375077994860476e-14,22.25,52301.25
2023-10-30,-3.375077994860476e-14,22.5,52323.75
2023-10-30,-3.375077994860476e-14,22.75,52346.5
2023-10-30,-3.375077994860476e-14,23.0,52369.5
2023-10-30,-3.375077994860476e-14,23.25,52392.75
2023-10-30,-3.375077994860476e-14,23.5,52416.25
2023-10-30,-3.375077994860476e-14,23.75,52440.0
2023-10-31,-3.375077994860476e-14,0.0,52440.0
2023-10-31,-3.375077994860476e-14,0.25,52440.25
2023-10-31,-3.375077994860476e-14,0.5,52440.75
2023-10-31,-3.375077994860476e-14,0.75,52441.5
2023-10-31,-3.375077994860476e-14,1.0,52442.5
2023-10-31,-3.375077994860476e-14,1.25,52443.75
2023-10-31,-3.375077994860476e-14,1.5,52445.25
2023-10-31,-3.375077994860476e-14,1.75,52447.0
2023-10-31,-3.375077994860476e-14,2.0,52449.0
2023-10-31,-3.375077994860476e-14,2.25,52451.25
2023-10-31,-3.375077994860476e-14,2.5,52453.75
2023-10-31,-3.375077994860476e-14,2.75,52456.5
2023-10-31,-3.375077994860476e-14,3.0,52459.5
2023-10-31,-3.375077994860476e-14,3.25,52462.75
2023-10-31,-3.375077994860476e-14,3.5,52466.25
2023-10-31,-3.375077994860476e-14,3.75,52470.0
2023-10-31,-3.375077994860476e-14,4.0,52474.0
2023-10-31,-3.375077994860476e-14,4.25,52478.25
2023-10-31,-3.375077994860476e-14,4.5,52482.75
2023-10-31,-3.375077994860476e-14,4.75,52487.5
2023-10-31,-3.375077994860476e-14,5.0,52492.5
2023-10-31,-3.375077994860476e-14,5.25,52497.75
2023-10-31,-3.375077994860476e-14,5.5,52503.25
2023-10-31,-3.375077994860476e-14,5.75,52509.0
2023-10-31,-3.375077994860476e-14,6.0,52515.0
2023-10-31,-3.375077994860476e-14,6.25,52521.25
2023-10-31,-3.375077994860476e-14,6.5,52527.75
2023-10-31,-3.375077994860476e-14,6.75,52534.5
2023-10-31,-3.375077994860476e-14,7.0,52541.5
2023-10-31,-3.375077994860476e-14,7.25,52548.75
2023-10-31,-3.375077994860476e-14,7.5,52556.25
2023-10-31,-3.375077994860476e-14,7.75,52564.0
2023-10-31,6.159464555663303,8.0,52572.0
2023-10-31,6.159464555663303,8.25,52580.25
2023-10-31,6.159464555663303,8.5,52588.75
2023-10-31,6.159464555663303,8.75,52597.5
2023-10-31,12.128347447387215,9.0,52606.5
2023-10-31,17.898887904614458,9.25,52615.75
2023-10-31,17.898887904614458,9.5,52625.25
2023-10-31,17.898887904614458,9.75,52635.0
2023-10-31,17.898887904614458,10.0,52645.0
2023-10-31,17.898887904614458,10.25,52655.25
2023-10-31,17.898887904614458,10.5,52665.75
2023-10-31,17.898887904614458,10.75,52676.5
2023-10-31,17.898887904614458,11.0,52687.5
2023-10-31,17.898887904614458,11.25,52698.75
2023-10-31,17.898887904614458,11.5,52710.25
2023-10-31,11.930005012890547,11.75,52722.0
2023-10-31,11.930005012890547,12.0,52734.0
2023-10-31,11.930005012890547,12.25,52746.25
2023-10-31,11.930005012890547,12.5,52758.75
2023-10-31,11.930005012890547,12.75,52771.5
2023-10-31,11.930005012890547,13.0,52784.5
2023-10-31,15.190165766502286,13.25,52797.75
2023-10-31,15.190165766502286,13.5,52811.25
2023-10-31,15.190165766502286,13.75,52825.0
2023-10-31,17.42499292173982,14.0,52839.0
2023-10-31,17.42499292173982,14.25,52853.25
2023-10-31,17.42499292173982,14.5,52867.75
2023-10-31,11.654452464512573,14.75,52882.5
2023-10-31,11.654452464512573,15.0,52897.5
2023-10-31,11.654452464512573,15.25,52912.75
2023-10-31,11.654452464512573,15.5,52928.25
2023-10-31,11.654452464512573,15.75,52944.0
2023-10-31,2.234827155237497,16.0,52960.0
2023-10-31,2.234827155237497,16.25,52976.25
2023-10-31,2.234827155237497,16.5,52992.75
2023-10-31,2.234827155237497,16.75,53009.5
2023-10-31,2.234827155237497,17.0,53026.5
2023-10-31,2.234827155237497,17.25,53043.75
2023-10-31,-3.5083047578154947e-14,17.5,53061.25
2023-10-31,-3.5083047578154947e-14,17.75,53079.0
2023-10-31,-3.5083047578154947e-14,18.0,53097.0
2023-10-31,-3.5083047578154947e-14,18.25,53115.25
2023-10-31,-3.5083047578154947e-14,18.5,53133.75
2023-10-31,-3.5083047578154947e-14,18.75,53152.5
2023-10-31,-3.5083047578154947e-14,19.0,53171.5
2023-10-31,-3.5083047578154947e-14,19.25,53190.75
2023-10-31,-3.5083047578154947e-14,19.5,53210.25
2023-10-31,-3.5083047578154947e-14,19.75,53230.0
2023-10-31,-3.5083047578154947e-14,20.0,53250.0
2023-10-31,-3.5083047578154947e-14,20.25,53270.25
2023-10-31,-3.5083047578154947e-14,20.5,53290.75
2023-10-31,-3.5083047578154947e-14,20.75,53311.5
2023-10-31,-3.5083047578154947e-14,21.0,53332.5
2023-10-31,-3.5083047578154947e-14,21.25,53353.75
2023-10-31,-3.5083047578154947e-14,21.5,53375.25
2023-10-31,6.452686801896396,21.75,53397.0
2023-10-31,6.452686801896396,22.0,53419.0
2023-10-31,6.452686801896396,22.25,53441.25
2023-10-31,6.452686801896396,22.5,53463.75
2023-10-31,-3.4638958368304884e-14,22.75,53486.5
2023-10-31,-3.4638958368304884e-14,23.0,53509.5
2023-10-31,-3.4638958368304884e-14,23.25,53532.75
2023-10-31,-3.4638958368304884e-14,23.5,53556.25
2023-10-31,-3.4638958368304884e-14,23.75,53580.0
2023-11-01,-3.4638958368304884e-14,0.0,53580.0
2023-11-01,-3.4638958368304884e-14,0.25,53580.25
2023-11-01,-3.4638958368304884e-14,0.5,53580.75
2023-11-01,-3.4638958368304884e-14,0.75,53581.5
2023-11-01,-3.4638958368304884e-14,1.0,53582.5
2023-11-01,-3.4638958368304884e-14,1.25,53583.75
2023-11-01,-3.4638958368304884e-14,1.5,53585.25
2023-11-01,-3.4638958368304884e-14,1.75,53587.0
2023-11-01,-3.4638958368304884e-14,2.0,53589.0
2023-11-01,-3.4638958368304884e-14,2.25,53591.25
2023-11-01,-3.4638958368304884e-14,2.5,53593.75
2023-11-01,-3.4638958368304884e-14,2.75,53596.5
2023-11-01,-3.4638958368304884e-14,3.0,53599.5
2023-11-01,-3.4638958368304884e-14,3.25,53602.75
2023-11-01,-3.4638958368304884e-14,3.5,53606.25
2023-11-01,-3.4638958368304884e-14,3.75,53610.0
2023-11-01,-3.4638958368304884e-14,4.0,53614.0
2023-11-01,-3.4638958368304884e-14,4.25,53618.25
2023-11-01,-3.4638958368304884e-14,4.5,53622.75
2023-11-01,-3.4638958368304884e-14,4.75,53627.5
2023-11-01,-3.4638958368304884e-14,5.0,53632.5
2023-11-01,-3.4638958368304884e-14,5.25,53637.75
2023-11-01,-3.4638958368304884e-14,5.5,53643.25
2023-11-01,3.4223589743589398,5.75,53649.0
2023-11-01,3.4223589743589398,6.0,53655.0
2023-11-01,3.4223589743589398,6.25,53661.25
2023-11-01,3.4223589743589398,6.5,53667.75
2023-11-01,3.4223589743589398,6.75,53674.5
2023-11-01,3.4223589743589398,7.0,53681.5
2023-11-01,3.4223589743589398,7.25,53688.75
2023-11-01,3.4223589743589398,7.5,53696.25
2023-11-01,3.4223589743589398,7.75,53704.0
2023-11-01,3.4223589743589398,8.0,53712.0
2023-11-01,-3.4638958368304884e-14,8.25,53720.25
2023-11-01,-3.4638958368304884e-14,8.5,53728.75
2023-11-01,-3.4638958368304884e-14,8.75,53737.5
2023-11-01,-3.4638958368304884e-14,9.0,53746.5
2023-11-01,6.0655706306749275,9.25,53755.75
2023-11-01,6.0655706306749275,9.5,53765.25
2023-11-01,6.0655706306749275,9.75,53775.0
2023-11-01,6.0655706306749275,10.0,53785.0
2023-11-01,6.0655706306749275,10.25,53795.25
2023-11-01,6.0655706306749275,10.5,53805.75
2023-11-01,6.0655706306749275,10.75,53816.5
2023-11-01,6.0655706306749275,11.0,53827.5
2023-11-01,6.0655706306749275,11.25,53838.75
2023-11-01,6.0655706306749275,11.5,53850.25
2023-11-01,6.0655706306749275,11.75,53862.0
2023-11-01,6.0655706306749275,12.0,53874.0
2023-11-01,6.0655706306749275,12.25,53886.25
2023-11-01,6.0655706306749275,12.5,53898.75
2023-11-01,6.0655706306749275,12.75,53911.5
2023-11-01,6.0655706306749275,13.0,53924.5
2023-11-01,6.0655706306749275,13.25,53937.75
2023-11-01,6.0655706306749275,13.5,53951.25
2023-11-01,6.0655706306749275,13.75,53965.0
2023-11-01,11.431432617221859,14.0,53979.0
2023-11-01,11.431432617221859,14.25,53993.25
2023-11-01,11.431432617221859,14.5,54007.75
2023-11-01,11.431432617221859,14.75,54022.5
2023-11-01,11.431432617221859,15.0,54037.5
2023-11-01,11.431432617221859,15.25,54052.75
2023-11-01,11.431432617221859,15.5,54068.25
2023-11-01,11.431432617221859,15.75,54084.0
2023-11-01,5.365861986546896,16.0,54100.0
2023-11-01,5.365861986546896,16.25,54116.25
2023-11-01,5.365861986546896,16.5,54132.75
2023-11-01,5.365861986546896,16.75,54149.5
2023-11-01,5.365861986546896,17.0,54166.5
2023-11-01,5.365861986546896,17.25,54183.75
2023-11-01,-3.552713678800501e-14,17.5,54201.25
2023-11-01,-3.552713678800501e-14,17.75,54219.0
2023-11-01,-3.552713678800501e-14,18.0,54237.0
2023-11-01,-3.552713678800501e-14,18.25,54255.25
2023-11-01,-3.552713678800501e-14,18.5,54273.75
2023-11-01,6.033276759528153,18.75,54292.5
2023-11-01,6.033276759528153,19.0,54311.5
2023-11-01,6.033276759528153,19.25,54330.75
2023-11-01,6.033276759528153,19.5,54350.25
2023-11-01,6.033276759528153,19.75,54370.0
2023-11-01,6.033276759528153,20.0,54390.0
2023-11-01,6.033276759528153,20.25,54410.25
2023-11-01,6.033276759528153,20.5,54430.75
2023-11-01,6.033276759528153,20.75,54451.5
2023-11-01,6.033276759528153,21.0,54472.5
2023-11-01,6.033276759528153,21.25,54493.75
2023-11-01,-3.552713678800501e-14,21.5,54515.25
2023-11-01,-3.552713678800501e-14,21.75,54537.0
2023-11-01,-3.552713678800501e-14,22.0,54559.0
2023-11-01,-3.552713678800501e-14,22.25,54581.25
2023-11-01,-3.552713678800501e-14,22.5,54603.75
2023-11-01,-3.552713678800501e-14,22.75,54626.5
2023-11-01,-3.552713678800501e-14,23.0,54649.5
2023-11-01,-3.552713678800501e-14,23.25,54672.75
2023-11-01,-3.552713678800501e-14,23.5,54696.25
2023-11-01,-3.552713678800501e-14,23.75,54720.0
2023-11-02,-3.552713678800501e-14,0.0,54720.0
2023-11-02,-3.552713678800501e-14,0.25,54720.25
2023-11-02,-3.552713678800501e-14,0.5,54720.75
2023-11-02,-3.552713678800501e-14,0.75,54721.5
2023-11-02,-3.552713678800501e-14,1.0,54722.5
2023-11-02,-3.552713678800501e-14,1.25,54723.75
2023-11-02,-3.552713678800501e-14,1.5,54725.25
2023-11-02,-3.552713678800501e-14,1.75,54727.0
2023-11-02,-3.552713678800501e-14,2.0,54729.0
2023-11-02,-3.552713678800501e-14,2.25,54731.25
2023-11-02,-3.552713678800501e-14,2.5,54733.75
2023-11-02,-3.552713678800501e-14,2.75,54736.5
2023-11-02,-3.552713678800501e-14,3.0,54739.5
2023-11-02,-3.552713678800501e-14,3.25,54742.75
2023-11-02,-3.552713678800501e-14,3.5,54746.25
2023-11-02,-3.552713678800501e-14,3.75,54750.0
2023-11-02,-3.552713678800501e-14,4.0,54754.0
2023-11-02,-3.552713678800501e-14,4.25,54758.25
2023-11-02,-3.552713678800501e-14,4.5,54762.75
2023-11-02,-3.552713678800501e-14,4.75,54767.5
2023-11-02,-3.552713678800501e-14,5.0,54772.5
2023-11-02,-3.552713678800501e-14,5.25,54777.75
2023-11-02,-3.552713678800501e-14,5.5,54783.25
2023-11-02,-3.552713678800501e-14,5.75,54789.0
2023-11-02,-3.552713678800501e-14,6.0,54795.0
2023-11-02,-3.552713678800501e-14,6.25,54801.25
2023-11-02,-3.552713678800501e-14,6.5,54807.75
2023-11-02,-3.552713678800501e-14,6.75,54814.5
2023-11-02,-3.552713678800501e-14,7.0,54821.5
2023-11-02,-3.552713678800501e-14,7.25,54828.75
2023-11-02,5.708923784864111,7.5,54836.25
2023-11-02,5.708923784864111,7.75,54844.0
2023-11-02,5.708923784864111,8.0,54852.0
2023-11-02,5.708923784864111,8.25,54860.25
2023-11-02,5.708923784864111,8.5,54868.75
2023-11-02,5.708923784864111,8.75,54877.5
2023-11-02,16.82656156128214,9.0,54886.5
2023-11-02,16.82656156128214,9.25,54895.75
2023-11-02,16.82656156128214,9.5,54905.25
2023-11-02,16.82656156128214,9.75,54915.0
2023-11-02,28.77505978094079,10.0,54925.0
2023-11-02,28.77505978094079,10.25,54935.25
2023-11-02,28.77505978094079,10.5,54945.75
2023-11-02,28.77505978094079,10.75,54956.5
2023-11-02,28.77505978094079,11.0,54967.5
2023-11-02,28.77505978094079,11.25,54978.75
2023-11-02,40.11772054367571,11.5,54990.25
2023-11-02,40.11772054367571,11.75,55002.0
2023-11-02,40.11772054367571,12.0,55014.0
2023-11-02,40.11772054367571,12.25,55026.25
2023-11-02,40.11772054367571,12.5,55038.75
2023-11-02,40.11772054367571,12.75,55051.5
2023-11-02,40.11772054367571,13.0,55064.5
2023-11-02,40.11772054367571,13.25,55077.75
2023-11-02,40.11772054367571,13.5,55091.25
2023-11-02,34.10660473806293,13.75,55105.0
2023-11-02,34.10660473806293,14.0,55119.0
2023-11-02,34.10660473806293,14.25,55133.25
2023-11-02,34.10660473806293,14.5,55147.75
2023-11-02,36.940471422337765,14.75,55162.5
2023-11-02,36.940471422337765,15.0,55177.5
2023-11-02,36.940471422337765,15.25,55192.75
2023-11-02,36.940471422337765,15.5,55208.25
2023-11-02,30.465018642655448,15.75,55224.0
2023-11-02,25.358496671850205,16.0,55240.0
2023-11-02,19.649572886986057,16.25,55256.25
2023-11-02,14.176527447009725,16.5,55272.75
2023-11-02,14.176527447009725,16.75,55289.5
2023-11-02,14.176527447009725,17.0,55306.5
2023-11-02,14.176527447009725,17.25,55323.75
2023-11-02,17.566580370052602,17.5,55341.25
2023-11-02,11.57922531368474,17.75,55359.0
2023-11-02,9.405336287136905,18.0,55377.0
2023-11-02,9.405336287136905,18.25,55395.25
2023-11-02,9.405336287136905,18.5,55413.75
2023-11-02,9.405336287136905,18.75,55432.5
2023-11-02,4.781962416485393,19.0,55451.5
2023-11-02,4.781962416485393,19.25,55470.75
2023-11-02,4.781962416485393,19.5,55490.25
2023-11-02,4.781962416485393,19.75,55510.0
2023-11-02,4.781962416485393,20.0,55530.0
2023-11-02,4.781962416485393,20.25,55550.25
2023-11-02,4.781962416485393,20.5,55570.75
2023-11-02,-3.2862601528904634e-14,20.75,55591.5
2023-11-02,-3.2862601528904634e-14,21.0,55612.5
2023-11-02,-3.2862601528904634e-14,21.25,55633.75
2023-11-02,-3.2862601528904634e-14,21.5,55655.25
2023-11-02,-3.2862601528904634e-14,21.75,55677.0
2023-11-02,-3.2862601528904634e-14,22.0,55699.0
2023-11-02,-3.2862601528904634e-14,22.25,55721.25
2023-11-02,-3.2862601528904634e-14,22.5,55743.75
2023-11-02,-3.2862601528904634e-14,22.75,55766.5
2023-11-02,-3.2862601528904634e-14,23.0,55789.5
2023-11-02,-3.2862601528904634e-14,23.25,55812.75
2023-11-02,-3.2862601528904634e-14,23.5,55836.25
2023-11-02,-3.2862601528904634e-14,23.75,55860.0
2023-11-03,-3.2862601528904634e-14,0.0,55860.0
2023-11-03,-3.2862601528904634e-14,0.25,55860.25
2023-11-03,-3.2862601528904634e-14,0.5,55860.75
2023-11-03,-3.2862601528904634e-14,0.75,55861.5
2023-11-03,-3.2862601528904634e-14,1.0,55862.5
2023-11-03,-3.2862601528904634e-14,1.25,55863.75
2023-11-03,-3.2862601528904634e-14,1.5,55865.25
2023-11-03,-3.2862601528904634e-14,1.75,55867.0
2023-11-03,-3.2862601528904634e-14,2.0,55869.0
2023-11-03,-3.2862601528904634e-14,2.25,55871.25
2023-11-03,-3.2862601528904634e-14,2.5,55873.75
2023-11-03,-3.2862601528904634e-14,2.75,55876.5
2023-11-03,-3.2862601528904634e-14,3.0,55879.5
2023-11-03,-3.2862601528904634e-14,3.25,55882.75
2023-11-03,-3.2862601528904634e-14,3.5,55886.25
2023-11-03,-3.2862601528904634e-14,3.75,55890.0
2023-11-03,-3.2862601528904634e-14,4.0,55894.0
2023-11-03,-3.2862601528904634e-14,4.25,55898.25
2023-11-03,-3.2862601528904634e-14,4.5,55902.75
2023-11-03,-3.2862601528904634e-14,4.75,55907.5
2023-11-03,-3.2862601528904634e-14,5.0,55912.5
2023-11-03,-3.2862601528904634e-14,5.25,55917.75
2023-11-03,-3.2862601528904634e-14,5.5,55923.25
2023-11-03,-3.2862601528904634e-14,5.75,55929.0
2023-11-03,-3.2862601528904634e-14,6.0,55935.0
2023-11-03,-3.2862601528904634e-14,6.25,55941.25
2023-11-03,-3.2862601528904634e-14,6.5,55947.75
2023-11-03,-3.2862601528904634e-14,6.75,55954.5
2023-11-03,-3.2862601528904634e-14,7.0,55961.5
2023-11-03,-3.2862601528904634e-14,7.25,55968.75
2023-11-03,-3.2862601528904634e-14,7.5,55976.25
2023-11-03,11.704129423141028,7.75,55984.0
2023-11-03,11.704129423141028,8.0,55992.0
2023-11-03,11.704129423141028,8.25,56000.25
2023-11-03,13.97627464176055,8.5,56008.75
2023-11-03,13.97627464176055,8.75,56017.5
2023-11-03,21.709310906591682,9.0,56026.5
2023-11-03,21.709310906591682,9.25,56035.75
2023-11-03,21.709310906591682,9.5,56045.25
2023-11-03,21.709310906591682,9.75,56055.0
2023-11-03,21.709310906591682,10.0,56065.0
2023-11-03,21.709310906591682,10.25,56075.25
2023-11-03,21.709310906591682,10.5,56085.75
2023-11-03,21.709310906591682,10.75,56096.5
2023-11-03,15.564028820565058,11.0,56107.5
2023-11-03,15.564028820565058,11.25,56118.75
2023-11-03,15.564028820565058,11.5,56130.25
2023-11-03,15.564028820565058,11.75,56142.0
2023-11-03,15.564028820565058,12.0,56154.0
2023-11-03,18.677490881667662,12.25,56166.25
2023-11-03,18.677490881667662,12.5,56178.75
2023-11-03,18.677490881667662,12.75,56191.5
2023-11-03,18.677490881667662,13.0,56204.5
2023-11-03,18.677490881667662,13.25,56217.75
2023-11-03,18.677490881667662,13.5,56231.25
2023-11-03,16.405345663048138,13.75,56245.0
2023-11-03,16.405345663048138,14.0,56259.0
2023-11-03,16.405345663048138,14.25,56273.25
2023-11-03,16.405345663048138,14.5,56287.75
2023-11-03,10.385325391533748,14.75,56302.5
2023-11-03,10.385325391533748,15.0,56317.5
2023-11-03,4.826478054419311,15.25,56332.75
2023-11-03,4.826478054419311,15.5,56348.25
2023-11-03,4.826478054419311,15.75,56364.0
2023-11-03,6.18709011929606,16.0,56380.0
2023-11-03,6.18709011929606,16.25,56396.25
2023-11-03,10.85295839088717,16.5,56412.75
2023-11-03,10.85295839088717,16.75,56429.5
2023-11-03,10.85295839088717,17.0,56446.5
2023-11-03,10.85295839088717,17.25,56463.75
2023-11-03,16.742880814505686,17.5,56481.25
2023-11-03,22.259845815841512,17.75,56499.0
2023-11-03,16.742880814505686,18.0,56517.0
2023-11-03,16.742880814505686,18.25,56535.25
2023-11-03,16.742880814505686,18.5,56553.75
2023-11-03,16.742880814505686,18.75,56572.5
2023-11-03,10.85295839088717,19.0,56591.5
2023-11-03,10.85295839088717,19.25,56610.75
2023-11-03,10.85295839088717,19.5,56630.25
2023-11-03,7.739496329784567,19.75,56650.0
2023-11-03,10.637226400196699,20.0,56670.0
2023-11-03,10.637226400196699,20.25,56690.25
2023-11-03,17.553321873090958,20.5,56710.75
2023-11-03,17.553321873090958,20.75,56731.5
2023-11-03,17.553321873090958,21.0,56752.5
2023-11-03,17.553321873090958,21.25,56773.75
2023-11-03,9.813825543306358,21.5,56795.25
2023-11-03,9.813825543306358,21.75,56817.0
2023-11-03,9.813825543306358,22.0,56839.0
2023-11-03,2.8977300704120994,22.25,56861.25
2023-11-03,2.8977300704120994,22.5,56883.75
2023-11-03,2.8977300704120994,22.75,56906.5
2023-11-03,2.8977300704120994,23.0,56929.5
2023-11-03,-3.3306690738754696e-14,23.25,56952.75
2023-11-03,-3.3306690738754696e-14,23.5,56976.25
2023-11-03,-3.3306690738754696e-14,23.75,57000.0
2023-11-06,-3.3306690738754696e-14,0.0,57000.0
2023-11-06,-3.3306690738754696e-14,0.25,57000.25
2023-11-06,-3.3306690738754696e-14,0.5,57000.75
2023-11-06,-3.3306690738754696e-14,0.75,57001.5
2023-11-06,-3.3306690738754696e-14,1.0,57002.5
2023-11-06,-3.3306690738754696e-14,1.25,57003.75
2023-11-06,-3.3306690738754696e-14,1.5,57005.25
2023-11-06,-3.3306690738754696e-14,1.75,57007.0
2023-11-06,-3.3306690738754696e-14,2.0,57009.0
2023-11-06,-3.3306690738754696e-14,2.25,57011.25
2023-11-06,-3.3306690738754696e-14,2.5,57013.75
2023-11-06,-3.3306690738754696e-14,2.75,57016.5
2023-11-06,-3.3306690738754696e-14,3.0,57019.5
2023-11-06,-3.3306690738754696e-14,3.25,57022.75
2023-11-06,-3.3306690738754696e-14,3.5,57026.25
2023-11-06,-3.3306690738754696e-14,3.75,57030.0
2023-11-06,-3.3306690738754696e-14,4.0,57034.0
2023-11-06,-3.3306690738754696e-14,4.25,57038.25
2023-11-06,-3.3306690738754696e-14,4.5,57042.75
2023-11-06,-3.3306690738754696e-14,4.75,57047.5
2023-11-06,-3.3306690738754696e-14,5.0,57052.5
2023-11-06,-3.3306690738754696e-14,5.25,57057.75
2023-11-06,-3.3306690738754696e-14,5.5,57063.25
2023-11-06,-3.3306690738754696e-14,5.75,57069.0
2023-11-06,-3.3306690738754696e-14,6.0,57075.0
2023-11-06,-3.3306690738754696e-14,6.25,57081.25
2023-11-06,-3.3306690738754696e-14,6.5,57087.75
2023-11-06,-3.3306690738754696e-14,6.75,57094.5
2023-11-06,-3.3306690738754696e-14,7.0,57101.5
2023-11-06,-3.3306690738754696e-14,7.25,57108.75
2023-11-06,6.063893310891551,7.5,57116.25
2023-11-06,6.063893310891551,7.75,57124.0
2023-11-06,6.063893310891551,8.0,57132.0
2023-11-06,6.063893310891551,8.25,57140.25
2023-11-06,6.063893310891551,8.5,57148.75
2023-11-06,12.221935426328361,8.75,57157.5
2023-11-06,12.221935426328361,9.0,57166.5
2023-11-06,13.618234178065608,9.25,57175.75
2023-11-06,13.618234178065608,9.5,57185.25
2023-11-06,19.596544016454246,9.75,57195.0
2023-11-06,19.596544016454246,10.0,57205.0
2023-11-06,19.596544016454246,10.25,57215.25
2023-11-06,19.596544016454246,10.5,57225.75
2023-11-06,25.750169130504638,10.75,57236.5
2023-11-06,25.750169130504638,11.0,57247.5
2023-11-06,25.75503000385564,11.25,57258.75
2023-11-06,25.75503000385564,11.5,57270.25
2023-11-06,25.75503000385564,11.75,57282.0
2023-11-06,25.75503000385564,12.0,57294.0
2023-11-06,19.776720165467005,12.25,57306.25
2023-11-06,19.776720165467005,12.5,57318.75
2023-11-06,19.776720165467005,12.75,57331.5
2023-11-06,19.776720165467005,13.0,57344.5
2023-11-06,19.776720165467005,13.25,57357.75
2023-11-06,19.776720165467005,13.5,57371.25
2023-11-06,19.776720165467005,13.75,57385.0
2023-11-06,19.776720165467005,14.0,57399.0
2023-11-06,19.776720165467005,14.25,57413.25
2023-11-06,19.776720165467005,14.5,57427.75
2023-11-06,19.776720165467005,14.75,57442.5
2023-11-06,19.776720165467005,15.0,57457.5
2023-11-06,19.776720165467005,15.25,57472.75
2023-11-06,19.776720165467005,15.5,57488.25
2023-11-06,13.71282685457542,15.75,57504.0
2023-11-06,13.707965981224419,16.0,57520.0
2023-11-06,7.549923865787608,16.25,57536.25
2023-11-06,7.549923865787608,16.5,57552.75
2023-11-06,7.549923865787608,16.75,57569.5
2023-11-06,7.549923865787608,17.0,57586.5
2023-11-06,7.549923865787608,17.25,57603.75
2023-11-06,7.549923865787608,17.5,57621.25
2023-11-06,6.153625114050362,17.75,57639.0
2023-11-06,6.153625114050362,18.0,57657.0
2023-11-06,6.153625114050362,18.25,57675.25
2023-11-06,12.319276382655282,18.5,57693.75
2023-11-06,6.165651268604888,18.75,57712.5
2023-11-06,6.165651268604888,19.0,57731.5
2023-11-06,6.165651268604888,19.25,57750.75
2023-11-06,6.165651268604888,19.5,57770.25
2023-11-06,6.165651268604888,19.75,57790.0
2023-11-06,6.165651268604888,20.0,57810.0
2023-11-06,6.165651268604888,20.25,57830.25
2023-11-06,6.165651268604888,20.5,57850.75
2023-11-06,-3.197442310920451e-14,20.75,57871.5
2023-11-06,6.9591476655808595,21.0,57892.5
2023-11-06,6.9591476655808595,21.25,57913.75
2023-11-06,6.9591476655808595,21.5,57935.25
2023-11-06,6.9591476655808595,21.75,57957.0
2023-11-06,6.9591476655808595,22.0,57979.0
2023-11-06,-3.197442310920451e-14,22.25,58001.25
2023-11-06,-3.197442310920451e-14,22.5,58023.75
2023-11-06,-3.197442310920451e-14,22.75,58046.5
2023-11-06,-3.197442310920451e-14,23.0,58069.5
2023-11-06,-3.197442310920451e-14,23.25,58092.75
2023-11-06,-3.197442310920451e-14,23.5,58116.25
2023-11-06,-3.197442310920451e-14,23.75,58140.0
2023-11-07,-3.197442310920451e-14,0.0,58140.0
2023-11-07,-3.197442310920451e-14,0.25,58140.25
2023-11-07,-3.197442310920451e-14,0.5,58140.75
2023-11-07,-3.197442310920451e-14,0.75,58141.5
2023-11-07,-3.197442310920451e-14,1.0,58142.5
2023-11-07,-3.197442310920451e-14,1.25,58143.75
2023-11-07,-3.197442310920451e-14,1.5,58145.25
2023-11-07,-3.197442310920451e-14,1.75,58147.0
2023-11-07,-3.197442310920451e-14,2.0,58149.0
2023-11-07,-3.197442310920451e-14,2.25,58151.25
2023-11-07,-3.197442310920451e-14,2.5,58153.75
2023-11-07,-3.197442310920451e-14,2.75,58156.5
2023-11-07,-3.197442310920451e-14,3.0,58159.5
2023-11-07,-3.197442310920451e-14,3.25,58162.75
2023-11-07,-3.197442310920451e-14,3.5,58166.25
2023-11-07,-3.197442310920451e-14,3.75,58170.0
2023-11-07,-3.197442310920451e-14,4.0,58174.0
2023-11-07,-3.197442310920451e-14,4.25,58178.25
2023-11-07,-3.197442310920451e-14,4.5,58182.75
2023-11-07,-3.197442310920451e-14,4.75,58187.5
2023-11-07,-3.197442310920451e-14,5.0,58192.5
2023-11-07,-3.197442310920451e-14,5.25,58197.75
2023-11-07,-3.197442310920451e-14,5.5,58203.25
2023-11-07,-3.197442310920451e-14,5.75,58209.0
2023-11-07,-3.197442310920451e-14,6.0,58215.0
2023-11-07,-3.197442310920451e-14,6.25,58221.25
2023-11-07,-3.197442310920451e-14,6.5,58227.75
2023-11-07,-3.197442310920451e-14,6.75,58234.5
2023-11-07,-3.197442310920451e-14,7.0,58241.5
2023-11-07,-3.197442310920451e-14,7.25,58248.75
2023-11-07,-3.197442310920451e-14,7.5,58256.25
2023-11-07,-3.197442310920451e-14,7.75,58264.0
2023-11-07,-3.197442310920451e-14,8.0,58272.0
2023-11-07,-3.197442310920451e-14,8.25,58280.25
2023-11-07,-3.197442310920451e-14,8.5,58288.75
2023-11-07,5.695421279978997,8.75,58297.5
2023-11-07,5.695421279978997,9.0,58306.5
2023-11-07,10.483753845491348,9.25,58315.75
2023-11-07,10.483753845491348,9.5,58325.25
2023-11-07,21.443326973778,9.75,58335.0
2023-11-07,21.443326973778,10.0,58345.0
2023-11-07,21.443326973778,10.25,58355.25
2023-11-07,22.502948116555356,10.5,58365.75
2023-11-07,22.502948116555356,10.75,58376.5
2023-11-07,28.058310732355388,11.0,58387.5
2023-11-07,28.058310732355388,11.25,58398.75
2023-11-07,34.180312449527364,11.5,58410.25
2023-11-07,34.180312449527364,11.75,58422.0
2023-11-07,34.180312449527364,12.0,58434.0
2023-11-07,34.180312449527364,12.25,58446.25
2023-11-07,34.180312449527364,12.5,58458.75
2023-11-07,30.815475822605087,12.75,58471.5
2023-11-07,30.815475822605087,13.0,58484.5
2023-11-07,30.815475822605087,13.25,58497.75
2023-11-07,30.815475822605087,13.5,58511.25
2023-11-07,30.815475822605087,13.75,58525.0
2023-11-07,30.815475822605087,14.0,58539.0
2023-11-07,30.815475822605087,14.25,58553.25
2023-11-07,30.815475822605087,14.5,58567.75
2023-11-07,30.815475822605087,14.75,58582.5
2023-11-07,30.815475822605087,15.0,58597.5
2023-11-07,30.815475822605087,15.25,58612.75
2023-11-07,25.120054542626058,15.5,58628.25
2023-11-07,25.120054542626058,15.75,58644.0
2023-11-07,20.331721977113705,16.0,58660.0
2023-11-07,20.331721977113705,16.25,58676.25
2023-11-07,20.331721977113705,16.5,58692.75
2023-11-07,20.331721977113705,16.75,58709.5
2023-11-07,20.331721977113705,17.0,58726.5
2023-11-07,17.453484147739033,17.25,58743.75
2023-11-07,17.453484147739033,17.5,58761.25
2023-11-07,16.393863004961677,17.75,58779.0
2023-11-07,16.393863004961677,18.0,58797.0
2023-11-07,11.67736433297197,18.25,58815.25
2023-11-07,11.67736433297197,18.5,58833.75
2023-11-07,11.67736433297197,18.75,58852.5
2023-11-07,11.67736433297197,19.0,58871.5
2023-11-07,5.555362615799993,19.25,58890.75
2023-11-07,5.555362615799993,19.5,58910.25
2023-11-07,5.555362615799993,19.75,58930.0
2023-11-07,5.555362615799993,20.0,58950.0
2023-11-07,-3.730349362740526e-14,20.25,58970.25
2023-11-07,-3.730349362740526e-14,20.5,58990.75
2023-11-07,-3.730349362740526e-14,20.75,59011.5
2023-11-07,-3.730349362740526e-14,21.0,59032.5
2023-11-07,-3.730349362740526e-14,21.25,59053.75
2023-11-07,-3.730349362740526e-14,21.5,59075.25
2023-11-07,6.412235294117609,21.75,59097.0
2023-11-07,6.412235294117609,22.0,59119.0
2023-11-07,6.412235294117609,22.25,59141.25
2023-11-07,6.412235294117609,22.5,59163.75
2023-11-07,-3.730349362740526e-14,22.75,59186.5
2023-11-07,-3.730349362740526e-14,23.0,59209.5
2023-11-07,-3.730349362740526e-14,23.25,59232.75
2023-11-07,-3.730349362740526e-14,23.5,59256.25
2023-11-07,-3.730349362740526e-14,23.75,59280.0
2023-11-08,-3.730349362740526e-14,0.0,59280.0
2023-11-08,-3.730349362740526e-14,0.25,59280.25
2023-11-08,-3.730349362740526e-14,0.5,59280.75
2023-11-08,-3.730349362740526e-14,0.75,59281.5
2023-11-08,-3.730349362740526e-14,1.0,59282.5
2023-11-08,-3.730349362740526e-14,1.25,59283.75
2023-11-08,-3.730349362740526e-14,1.5,59285.25
2023-11-08,-3.730349362740526e-14,1.75,59287.0
2023-11-08,-3.730349362740526e-14,2.0,59289.0
2023-11-08,-3.730349362740526e-14,2.25,59291.25
2023-11-08,-3.730349362740526e-14,2.5,59293.75
2023-11-08,-3.730349362740526e-14,2.75,59296.5
2023-11-08,-3.730349362740526e-14,3.0,59299.5
2023-11-08,-3.730349362740526e-14,3.25,59302.75
2023-11-08,-3.730349362740526e-14,3.5,59306.25
2023-11-08,-3.730349362740526e-14,3.75,59310.0
2023-11-08,-3.730349362740526e-14,4.0,59314.0
2023-11-08,-3.730349362740526e-14,4.25,59318.25
2023-11-08,-3.730349362740526e-14,4.5,59322.75
2023-11-08,-3.730349362740526e-14,4.75,59327.5
2023-11-08,-3.730349362740526e-14,5.0,59332.5
2023-11-08,-3.730349362740526e-14,5.25,59337.75
2023-11-08,-3.730349362740526e-14,5.5,59343.25
2023-11-08,-3.730349362740526e-14,5.75,59349.0
2023-11-08,-3.730349362740526e-14,6.0,59355.0
2023-11-08,-3.730349362740526e-14,6.25,59361.25
2023-11-08,-3.730349362740526e-14,6.5,59367.75
2023-11-08,-3.730349362740526e-14,6.75,59374.5
2023-11-08,-3.730349362740526e-14,7.0,59381.5
2023-11-08,-3.730349362740526e-14,7.25,59388.75
2023-11-08,10.41470322658305,7.5,59396.25
2023-11-08,10.41470322658305,7.75,59404.0
2023-11-08,10.52670275269671,8.0,59412.0
2023-11-08,10.52670275269671,8.25,59420.25
2023-11-08,15.118380867557752,8.5,59428.75
2023-11-08,15.118380867557752,8.75,59437.5
2023-11-08,21.515598607624568,9.0,59446.5
2023-11-08,28.37443021665125,9.25,59455.75
2023-11-08,34.66135442116137,9.5,59465.25
2023-11-08,34.66135442116137,9.75,59475.0
2023-11-08,34.66135442116137,10.0,59485.0
2023-11-08,34.66135442116137,10.25,59495.25
2023-11-08,34.66135442116137,10.5,59505.75
2023-11-08,34.66135442116137,10.75,59516.5
2023-11-08,34.66135442116137,11.0,59527.5
2023-11-08,34.66135442116137,11.25,59538.75
2023-11-08,28.37443021665125,11.5,59550.25
2023-11-08,28.37443021665125,11.75,59562.0
2023-11-08,28.37443021665125,12.0,59574.0
2023-11-08,28.37443021665125,12.25,59586.25
2023-11-08,28.37443021665125,12.5,59598.75
2023-11-08,23.628619767418744,12.75,59611.5
2023-11-08,23.628619767418744,13.0,59624.5
2023-11-08,29.756312876156308,13.25,59637.75
2023-11-08,23.35909513608949,13.5,59651.25
2023-11-08,23.35909513608949,13.75,59665.0
2023-11-08,23.35909513608949,14.0,59679.0
2023-11-08,23.35909513608949,14.25,59693.25
2023-11-08,23.35909513608949,14.5,59707.75
2023-11-08,22.30380806720616,14.75,59722.5
2023-11-08,22.30380806720616,15.0,59737.5
2023-11-08,28.759979357536032,15.25,59752.75
2023-11-08,28.759979357536032,15.5,59768.25
2023-11-08,23.091086580185447,15.75,59784.0
2023-11-08,18.499408465324407,16.0,59800.0
2023-11-08,18.499408465324407,16.25,59816.25
2023-11-08,18.499408465324407,16.5,59832.75
2023-11-08,12.371715356586844,16.75,59849.5
2023-11-08,5.915544066256969,17.0,59866.5
2023-11-08,5.803544540143309,17.25,59883.75
2023-11-08,5.803544540143309,17.5,59901.25
2023-11-08,5.803544540143309,17.75,59919.0
2023-11-08,5.803544540143309,18.0,59937.0
2023-11-08,5.803544540143309,18.25,59955.25
2023-11-08,5.803544540143309,18.5,59973.75
2023-11-08,5.803544540143309,18.75,59992.5
2023-11-08,5.803544540143309,19.0,60011.5
2023-11-08,5.803544540143309,19.25,60030.75
2023-11-08,5.803544540143309,19.5,60050.25
2023-11-08,5.803544540143309,19.75,60070.0
2023-11-08,5.803544540143309,20.0,60090.0
2023-11-08,5.803544540143309,20.25,60110.25
2023-11-08,5.803544540143309,20.5,60130.75
2023-11-08,5.803544540143309,20.75,60151.5
2023-11-08,5.803544540143309,21.0,60172.5
2023-11-08,5.803544540143309,21.25,60193.75
2023-11-08,5.803544540143309,21.5,60215.25
2023-11-08,5.803544540143309,21.75,60237.0
2023-11-08,5.803544540143309,22.0,60259.0
2023-11-08,5.803544540143309,22.25,60281.25
2023-11-08,5.803544540143309,22.5,60303.75
2023-11-08,5.803544540143309,22.75,60326.5
2023-11-08,5.803544540143309,23.0,60349.5
2023-11-08,5.803544540143309,23.25,60372.75
2023-11-08,5.803544540143309,23.5,60396.25
2023-11-08,5.803544540143309,23.75,60420.0
2023-11-09,5.803544540143309,0.0,60420.0
2023-11-09,5.803544540143309,0.25,60420.25
2023-11-09,5.803544540143309,0.5,60420.75
2023-11-09,5.803544540143309,0.75,60421.5
2023-11-09,5.803544540143309,1.0,60422.5
2023-11-09,5.803544540143309,1.25,60423.75
2023-11-09,5.803544540143309,1.5,60425.25
2023-11-09,5.803544540143309,1.75,60427.0
2023-11-09,5.803544540143309,2.0,60429.0
2023-11-09,5.803544540143309,2.25,60431.25
2023-11-09,5.803544540143309,2.5,60433.75
2023-11-09,5.803544540143309,2.75,60436.5
2023-11-09,5.803544540143309,3.0,60439.5
2023-11-09,5.803544540143309,3.25,60442.75
2023-11-09,5.803544540143309,3.5,60446.25
2023-11-09,5.803544540143309,3.75,60450.0
2023-11-09,5.803544540143309,4.0,60454.0
2023-11-09,5.803544540143309,4.25,60458.25
2023-11-09,5.803544540143309,4.5,60462.75
2023-11-09,5.803544540143309,4.75,60467.5
2023-11-09,5.803544540143309,5.0,60472.5
2023-11-09,5.803544540143309,5.25,60477.75
2023-11-09,5.803544540143309,5.5,60483.25
2023-11-09,5.803544540143309,5.75,60489.0
2023-11-09,5.803544540143309,6.0,60495.0
2023-11-09,5.803544540143309,6.25,60501.25
2023-11-09,5.803544540143309,6.5,60507.75
2023-11-09,4.84220652423612,6.75,60514.5
2023-11-09,4.84220652423612,7.0,60521.5
2023-11-09,4.84220652423612,7.25,60528.75
2023-11-09,4.84220652423612,7.5,60536.25
2023-11-09,4.84220652423612,7.75,60544.0
2023-11-09,4.84220652423612,8.0,60552.0
2023-11-09,4.84220652423612,8.25,60560.25
2023-11-09,10.783136659497664,8.5,60568.75
2023-11-09,20.83532756736703,8.75,60577.5
2023-11-09,25.987586069647662,9.0,60586.5
2023-11-09,25.987586069647662,9.25,60595.75
2023-11-09,32.00159389977101,9.5,60605.25
2023-11-09,32.00159389977101,9.75,60615.0
2023-11-09,32.00159389977101,10.0,60625.0
2023-11-09,32.00159389977101,10.25,60635.25
2023-11-09,38.07434613820281,10.5,60645.75
2023-11-09,38.07434613820281,10.75,60656.5
2023-11-09,33.23213961396665,11.0,60667.5
2023-11-09,33.23213961396665,11.25,60678.75
2023-11-09,33.23213961396665,11.5,60690.25
2023-11-09,36.50472344910169,11.75,60702.0
2023-11-09,36.50472344910169,12.0,60714.0
2023-11-09,36.50472344910169,12.25,60726.25
2023-11-09,36.50472344910169,12.5,60738.75
2023-11-09,36.50472344910169,12.75,60751.5
2023-11-09,36.50472344910169,13.0,60764.5
2023-11-09,36.50472344910169,13.25,60777.75
2023-11-09,30.563793313840144,13.5,60791.25
2023-11-09,24.115877645416568,13.75,60805.0
2023-11-09,18.043125406984764,14.0,60819.0
2023-11-09,14.438850167538972,14.25,60833.25
2023-11-09,14.438850167538972,14.5,60847.75
2023-11-09,14.438850167538972,14.75,60862.5
2023-11-09,14.438850167538972,15.0,60877.5
2023-11-09,11.166266332403932,15.25,60892.75
2023-11-09,11.166266332403932,15.5,60908.25
2023-11-09,11.166266332403932,15.75,60924.0
2023-11-09,11.444884838798654,16.0,60940.0
2023-11-09,6.292626336518023,16.25,60956.25
2023-11-09,6.292626336518023,16.5,60972.75
2023-11-09,6.292626336518023,16.75,60989.5
2023-11-09,6.292626336518023,17.0,61006.5
2023-11-09,-4.796163466380676e-14,17.25,61023.75
2023-11-09,-4.796163466380676e-14,17.5,61041.25
2023-11-09,-4.796163466380676e-14,17.75,61059.0
2023-11-09,-4.796163466380676e-14,18.0,61077.0
2023-11-09,6.329472444583528,18.25,61095.25
2023-11-09,6.329472444583528,18.5,61113.75
2023-11-09,6.329472444583528,18.75,61132.5
2023-11-09,6.329472444583528,19.0,61151.5
2023-11-09,6.329472444583528,19.25,61170.75
2023-11-09,6.329472444583528,19.5,61190.25
2023-11-09,3.014093942438951,19.75,61210.0
2023-11-09,9.518851355006236,20.0,61230.0
2023-11-09,12.532945297445234,20.25,61250.25
2023-11-09,12.532945297445234,20.5,61270.75
2023-11-09,12.532945297445234,20.75,61291.5
2023-11-09,12.532945297445234,21.0,61312.5
2023-11-09,9.343566387022527,21.25,61333.75
2023-11-09,9.343566387022527,21.5,61355.25
2023-11-09,9.343566387022527,21.75,61377.0
2023-11-09,-4.8405723873656825e-14,22.0,61399.0
2023-11-09,-4.8405723873656825e-14,22.25,61421.25
2023-11-09,-4.8405723873656825e-14,22.5,61443.75
2023-11-09,-4.8405723873656825e-14,22.75,61466.5
2023-11-09,-4.8405723873656825e-14,23.0,61489.5
2023-11-09,-4.8405723873656825e-14,23.25,61512.75
2023-11-09,-4.8405723873656825e-14,23.5,61536.25
2023-11-09,-4.8405723873656825e-14,23.75,61560.0
2023-11-10,-4.8405723873656825e-14,0.0,61560.0
2023-11-10,-4.8405723873656825e-14,0.25,61560.25
2023-11-10,-4.8405723873656825e-14,0.5,61560.75
2023-11-10,-4.8405723873656825e-14,0.75,61561.5
2023-11-10,-4.8405723873656825e-14,1.0,61562.5
2023-11-10,-4.8405723873656825e-14,1.25,61563.75
2023-11-10,-4.8405723873656825e-14,1.5,61565.25
2023-11-10,-4.8405723873656825e-14,1.75,61567.0
2023-11-10,-4.8405723873656825e-14,2.0,61569.0
2023-11-10,-4.8405723873656825e-14,2.25,61571.25
2023-11-10,-4.8405723873656825e-14,2.5,61573.75
2023-11-10,-4.8405723873656825e-14,2.75,61576.5
2023-11-10,-4.8405723873656825e-14,3.0,61579.5
2023-11-10,-4.8405723873656825e-14,3.25,61582.75
2023-11-10,-4.8405723873656825e-14,3.5,61586.25
2023-11-10,-4.8405723873656825e-14,3.75,61590.0
2023-11-10,-4.8405723873656825e-14,4.0,61594.0
2023-11-10,-4.8405723873656825e-14,4.25,61598.25
2023-11-10,-4.8405723873656825e-14,4.5,61602.75
2023-11-10,-4.8405723873656825e-14,4.75,61607.5
2023-11-10,-4.8405723873656825e-14,5.0,61612.5
2023-11-10,-4.8405723873656825e-14,5.25,61617.75
2023-11-10,-4.8405723873656825e-14,5.5,61623.25
2023-11-10,-4.8405723873656825e-14,5.75,61629.0
2023-11-10,-4.8405723873656825e-14,6.0,61635.0
2023-11-10,-4.8405723873656825e-14,6.25,61641.25
2023-11-10,-4.8405723873656825e-14,6.5,61647.75
2023-11-10,-4.8405723873656825e-14,6.75,61654.5
2023-11-10,-4.8405723873656825e-14,7.0,61661.5
2023-11-10,-4.8405723873656825e-14,7.25,61668.75
2023-11-10,-4.8405723873656825e-14,7.5,61676.25
2023-11-10,-4.8405723873656825e-14,7.75,61684.0
2023-11-10,-4.8405723873656825e-14,8.0,61692.0
2023-11-10,-4.8405723873656825e-14,8.25,61700.25
2023-11-10,-4.8405723873656825e-14,8.5,61708.75
2023-11-10,-4.8405723873656825e-14,8.75,61717.5
2023-11-10,-4.8405723873656825e-14,9.0,61726.5
2023-11-10,-4.8405723873656825e-14,9.25,61735.75
2023-11-10,-4.8405723873656825e-14,9.5,61745.25
2023-11-10,6.529709105774362,9.75,61755.0
2023-11-10,6.529709105774362,10.0,61765.0
2023-11-10,6.529709105774362,10.25,61775.25
2023-11-10,6.529709105774362,10.5,61785.75
2023-11-10,6.529709105774362,10.75,61796.5
2023-11-10,6.529709105774362,11.0,61807.5
2023-11-10,6.529709105774362,11.25,61818.75
2023-11-10,-4.796163466380676e-14,11.5,61830.25
2023-11-10,-4.796163466380676e-14,11.75,61842.0
2023-11-10,-4.796163466380676e-14,12.0,61854.0
2023-11-10,-4.796163466380676e-14,12.25,61866.25
2023-11-10,3.261757688662239,12.5,61878.75
2023-11-10,3.261757688662239,12.75,61891.5
2023-11-10,3.261757688662239,13.0,61904.5
2023-11-10,-4.796163466380676e-14,13.25,61917.75
2023-11-10,-4.796163466380676e-14,13.5,61931.25
2023-11-10,-4.796163466380676e-14,13.75,61945.0
2023-11-10,-4.796163466380676e-14,14.0,61959.0
2023-11-10,-4.796163466380676e-14,14.25,61973.25
2023-11-10,-4.796163466380676e-14,14.5,61987.75
2023-11-10,-4.796163466380676e-14,14.75,62002.5
2023-11-10,-4.796163466380676e-14,15.0,62017.5
2023-11-10,-4.796163466380676e-14,15.25,62032.75
2023-11-10,7.811098159725853,15.5,62048.25
2023-11-10,7.811098159725853,15.75,62064.0
2023-11-10,7.811098159725853,16.0,62080.0
2023-11-10,7.811098159725853,16.25,62096.25
2023-11-10,7.811098159725853,16.5,62112.75
2023-11-10,7.811098159725853,16.75,62129.5
2023-11-10,-4.796163466380676e-14,17.0,62146.5
2023-11-10,-4.796163466380676e-14,17.25,62163.75
2023-11-10,-4.796163466380676e-14,17.5,62181.25
2023-11-10,-4.796163466380676e-14,17.75,62199.0
2023-11-10,-4.796163466380676e-14,18.0,62217.0
2023-11-10,-4.796163466380676e-14,18.25,62235.25
2023-11-10,-4.796163466380676e-14,18.5,62253.75
2023-11-10,-4.796163466380676e-14,18.75,62272.5
2023-11-10,-4.796163466380676e-14,19.0,62291.5
2023-11-10,-4.796163466380676e-14,19.25,62310.75
2023-11-10,-4.796163466380676e-14,19.5,62330.25
2023-11-10,-4.796163466380676e-14,19.75,62350.0
2023-11-10,-4.796163466380676e-14,20.0,62370.0
2023-11-10,-4.796163466380676e-14,20.25,62390.25
2023-11-10,-4.796163466380676e-14,20.5,62410.75
2023-11-10,-4.796163466380676e-14,20.75,62431.5
2023-11-10,-4.796163466380676e-14,21.0,62452.5
2023-11-10,-4.796163466380676e-14,21.25,62473.75
2023-11-10,-4.796163466380676e-14,21.5,62495.25
2023-11-10,3.1380186406799777,21.75,62517.0
2023-11-10,3.1380186406799777,22.0,62539.0
2023-11-10,3.1380186406799777,22.25,62561.25
2023-11-10,3.1380186406799777,22.5,62583.75
2023-11-10,3.1380186406799777,22.75,62606.5
2023-11-10,3.1380186406799777,23.0,62629.5
2023-11-10,3.1380186406799777,23.25,62652.75
2023-11-10,3.1380186406799777,23.5,62676.25
2023-11-10,3.1380186406799777,23.75,62700.0
2023-11-13,3.1380186406799777,0.0,62700.0
2023-11-13,3.1380186406799777,0.25,62700.25
2023-11-13,3.1380186406799777,0.5,62700.75
2023-11-13,3.1380186406799777,0.75,62701.5
2023-11-13,3.1380186406799777,1.0,62702.5
2023-11-13,3.1380186406799777,1.25,62703.75
2023-11-13,3.1380186406799777,1.5,62705.25
2023-11-13,3.1380186406799777,1.75,62707.0
2023-11-13,3.1380186406799777,2.0,62709.0
2023-11-13,3.1380186406799777,2.25,62711.25
2023-11-13,3.1380186406799777,2.5,62713.75
2023-11-13,3.1380186406799777,2.75,62716.5
2023-11-13,3.1380186406799777,3.0,62719.5
2023-11-13,3.1380186406799777,3.25,62722.75
2023-11-13,3.1380186406799777,3.5,62726.25
2023-11-13,3.1380186406799777,3.75,62730.0
2023-11-13,3.1380186406799777,4.0,62734.0
2023-11-13,3.1380186406799777,4.25,62738.25
2023-11-13,3.1380186406799777,4.5,62742.75
2023-11-13,3.1380186406799777,4.75,62747.5
2023-11-13,3.1380186406799777,5.0,62752.5
2023-11-13,3.1380186406799777,5.25,62757.75
2023-11-13,3.1380186406799777,5.5,62763.25
2023-11-13,6.059801221745342,5.75,62769.0
2023-11-13,6.059801221745342,6.0,62775.0
2023-11-13,6.059801221745342,6.25,62781.25
2023-11-13,6.059801221745342,6.5,62787.75
2023-11-13,6.059801221745342,6.75,62794.5
2023-11-13,6.059801221745342,7.0,62801.5
2023-11-13,6.059801221745342,7.25,62808.75
2023-11-13,16.423707204766554,7.5,62816.25
2023-11-13,16.423707204766554,7.75,62824.0
2023-11-13,16.423707204766554,8.0,62832.0
2023-11-13,22.81442196462501,8.25,62840.25
2023-11-13,24.72279222574413,8.5,62848.75
2023-11-13,24.72279222574413,8.75,62857.5
2023-11-13,24.72279222574413,9.0,62866.5
2023-11-13,32.21150797911407,9.25,62875.75
2023-11-13,32.21150797911407,9.5,62885.25
2023-11-13,32.21150797911407,9.75,62895.0
2023-11-13,26.15170675736868,10.0,62905.0
2023-11-13,26.15170675736868,10.25,62915.25
2023-11-13,26.15170675736868,10.5,62925.75
2023-11-13,26.15170675736868,10.75,62936.5
2023-11-13,26.15170675736868,11.0,62947.5
2023-11-13,26.15170675736868,11.25,62958.75
2023-11-13,26.15170675736868,11.5,62970.25
2023-11-13,26.15170675736868,11.75,62982.0
2023-11-13,26.15170675736868,12.0,62994.0
2023-11-13,19.760991997510224,12.25,63006.25
2023-11-13,19.760991997510224,12.5,63018.75
2023-11-13,19.760991997510224,12.75,63031.5
2023-11-13,19.760991997510224,13.0,63044.5
2023-11-13,19.760991997510224,13.25,63057.75
2023-11-13,19.760991997510224,13.5,63071.25
2023-11-13,19.760991997510224,13.75,63085.0
2023-11-13,19.760991997510224,14.0,63099.0
2023-11-13,19.760991997510224,14.25,63113.25
2023-11-13,17.852621736391104,14.5,63127.75
2023-11-13,17.852621736391104,14.75,63142.5
2023-11-13,17.852621736391104,15.0,63157.5
2023-11-13,17.852621736391104,15.25,63172.75
2023-11-13,17.852621736391104,15.5,63188.25
2023-11-13,12.351844689170541,15.75,63204.0
2023-11-13,10.591425402832318,16.0,63220.0
2023-11-13,10.591425402832318,16.25,63236.25
2023-11-13,-4.085620730620576e-14,16.5,63252.75
2023-11-13,-4.085620730620576e-14,16.75,63269.5
2023-11-13,-4.085620730620576e-14,17.0,63286.5
2023-11-13,-4.085620730620576e-14,17.25,63303.75
2023-11-13,-4.085620730620576e-14,17.5,63321.25
2023-11-13,-4.085620730620576e-14,17.75,63339.0
2023-11-13,-4.085620730620576e-14,18.0,63357.0
2023-11-13,-4.085620730620576e-14,18.25,63375.25
2023-11-13,-4.085620730620576e-14,18.5,63393.75
2023-11-13,-4.085620730620576e-14,18.75,63412.5
2023-11-13,-4.085620730620576e-14,19.0,63431.5
2023-11-13,-4.085620730620576e-14,19.25,63450.75
2023-11-13,-4.085620730620576e-14,19.5,63470.25
2023-11-13,-4.085620730620576e-14,19.75,63490.0
2023-11-13,-4.085620730620576e-14,20.0,63510.0
2023-11-13,-4.085620730620576e-14,20.25,63530.25
2023-11-13,-4.085620730620576e-14,20.5,63550.75
2023-11-13,-4.085620730620576e-14,20.75,63571.5
2023-11-13,-4.085620730620576e-14,21.0,63592.5
2023-11-13,-4.085620730620576e-14,21.25,63613.75
2023-11-13,-4.085620730620576e-14,21.5,63635.25
2023-11-13,-4.085620730620576e-14,21.75,63657.0
2023-11-13,-4.085620730620576e-14,22.0,63679.0
2023-11-13,-4.085620730620576e-14,22.25,63701.25
2023-11-13,-4.085620730620576e-14,22.5,63723.75
2023-11-13,-4.085620730620576e-14,22.75,63746.5
2023-11-13,-4.085620730620576e-14,23.0,63769.5
2023-11-13,-4.085620730620576e-14,23.25,63792.75
2023-11-13,-4.085620730620576e-14,23.5,63816.25
2023-11-13,-4.085620730620576e-14,23.75,63840.0
2023-11-14,-4.085620730620576e-14,0.0,63840.0
2023-11-14,-4.085620730620576e-14,0.25,63840.25
2023-11-14,-4.085620730620576e-14,0.5,63840.75
2023-11-14,-4.085620730620576e-14,0.75,63841.5
2023-11-14,-4.085620730620576e-14,1.0,63842.5
2023-11-14,-4.085620730620576e-14,1.25,63843.75
2023-11-14,-4.085620730620576e-14,1.5,63845.25
2023-11-14,-4.085620730620576e-14,1.75,63847.0
2023-11-14,-4.085620730620576e-14,2.0,63849.0
2023-11-14,-4.085620730620576e-14,2.25,63851.25
2023-11-14,-4.085620730620576e-14,2.5,63853.75
2023-11-14,-4.085620730620576e-14,2.75,63856.5
2023-11-14,-4.085620730620576e-14,3.0,63859.5
2023-11-14,-4.085620730620576e-14,3.25,63862.75
2023-11-14,-4.085620730620576e-14,3.5,63866.25
2023-11-14,-4.085620730620576e-14,3.75,63870.0
2023-11-14,-4.085620730620576e-14,4.0,63874.0
2023-11-14,-4.085620730620576e-14,4.25,63878.25
2023-11-14,-4.085620730620576e-14,4.5,63882.75
2023-11-14,-4.085620730620576e-14,4.75,63887.5
2023-11-14,-4.085620730620576e-14,5.0,63892.5
2023-11-14,-4.085620730620576e-14,5.25,63897.75
2023-11-14,-4.085620730620576e-14,5.5,63903.25
2023-11-14,-4.085620730620576e-14,5.75,63909.0
2023-11-14,-4.085620730620576e-14,6.0,63915.0
2023-11-14,-4.085620730620576e-14,6.25,63921.25
2023-11-14,-4.085620730620576e-14,6.5,63927.75
2023-11-14,-4.085620730620576e-14,6.75,63934.5
2023-11-14,-4.085620730620576e-14,7.0,63941.5
2023-11-14,-4.085620730620576e-14,7.25,63948.75
2023-11-14,-4.085620730620576e-14,7.5,63956.25
2023-11-14,6.435856742029447,7.75,63964.0
2023-11-14,6.435856742029447,8.0,63972.0
2023-11-14,17.730852842456024,8.25,63980.25
2023-11-14,17.730852842456024,8.5,63988.75
2023-11-14,29.974749789956803,8.75,63997.5
2023-11-14,35.24230374083283,9.0,64006.5
2023-11-14,35.24230374083283,9.25,64015.75
2023-11-14,35.24230374083283,9.5,64025.25
2023-11-14,35.24230374083283,9.75,64035.0
2023-11-14,35.24230374083283,10.0,64045.0
2023-11-14,35.24230374083283,10.25,64055.25
2023-11-14,40.16815650049118,10.5,64065.75
2023-11-14,40.16815650049118,10.75,64076.5
2023-11-14,40.16815650049118,11.0,64087.5
2023-11-14,40.16815650049118,11.25,64098.75
2023-11-14,40.16815650049118,11.5,64110.25
2023-11-14,40.16815650049118,11.75,64122.0
2023-11-14,40.16815650049118,12.0,64134.0
2023-11-14,40.16815650049118,12.25,64146.25
2023-11-14,40.16815650049118,12.5,64158.75
2023-11-14,40.16815650049118,12.75,64171.5
2023-11-14,40.16815650049118,13.0,64184.5
2023-11-14,40.16815650049118,13.25,64197.75
2023-11-14,40.16815650049118,13.5,64211.25
2023-11-14,34.88553584279269,13.75,64225.0
2023-11-14,34.88553584279269,14.0,64239.0
2023-11-14,34.88553584279269,14.25,64253.25
2023-11-14,28.995178008663938,14.5,64267.75
2023-11-14,28.995178008663938,14.75,64282.5
2023-11-14,28.995178008663938,15.0,64297.5
2023-11-14,22.55932126663445,15.25,64312.75
2023-11-14,16.205782153262422,15.5,64328.25
2023-11-14,16.205782153262422,15.75,64344.0
2023-11-14,17.09652328006696,16.0,64360.0
2023-11-14,23.5812985986451,16.25,64376.25
2023-11-14,23.5812985986451,16.5,64392.75
2023-11-14,12.301369205040977,16.75,64409.5
2023-11-14,6.484775318578095,17.0,64426.5
2023-11-14,6.484775318578095,17.25,64443.75
2023-11-14,6.484775318578095,17.5,64461.25
2023-11-14,6.484775318578095,17.75,64479.0
2023-11-14,6.484775318578095,18.0,64497.0
2023-11-14,6.484775318578095,18.25,64515.25
2023-11-14,6.484775318578095,18.5,64533.75
2023-11-14,6.484775318578095,18.75,64552.5
2023-11-14,6.484775318578095,19.0,64571.5
2023-11-14,6.484775318578095,19.25,64590.75
2023-11-14,6.484775318578095,19.5,64610.25
2023-11-14,6.484775318578095,19.75,64630.0
2023-11-14,6.484775318578095,20.0,64650.0
2023-11-14,6.484775318578095,20.25,64670.25
2023-11-14,6.484775318578095,20.5,64690.75
2023-11-14,6.484775318578095,20.75,64711.5
2023-11-14,6.484775318578095,21.0,64732.5
2023-11-14,6.484775318578095,21.25,64753.75
2023-11-14,6.484775318578095,21.5,64775.25
2023-11-14,6.484775318578095,21.75,64797.0
2023-11-14,6.484775318578095,22.0,64819.0
2023-11-14,6.484775318578095,22.25,64841.25
2023-11-14,6.484775318578095,22.5,64863.75
2023-11-14,6.484775318578095,22.75,64886.5
2023-11-14,6.484775318578095,23.0,64909.5
2023-11-14,6.484775318578095,23.25,64932.75
2023-11-14,-3.9968028886505635e-14,23.5,64956.25
2023-11-14,-3.9968028886505635e-14,23.75,64980.0
2023-11-15,-3.9968028886505635e-14,0.0,64980.0
2023-11-15,-3.9968028886505635e-14,0.25,64980.25
2023-11-15,-3.9968028886505635e-14,0.5,64980.75
2023-11-15,-3.9968028886505635e-14,0.75,64981.5
2023-11-15,-3.9968028886505635e-14,1.0,64982.5
2023-11-15,-3.9968028886505635e-14,1.25,64983.75
2023-11-15,-3.9968028886505635e-14,1.5,64985.25
2023-11-15,-3.9968028886505635e-14,1.75,64987.0
2023-11-15,-3.9968028886505635e-14,2.0,64989.0
2023-11-15,-3.9968028886505635e-14,2.25,64991.25
2023-11-15,-3.9968028886505635e-14,2.5,64993.75
2023-11-15,-3.9968028886505635e-14,2.75,64996.5
2023-11-15,-3.9968028886505635e-14,3.0,64999.5
2023-11-15,-3.9968028886505635e-14,3.25,65002.75
2023-11-15,-3.9968028886505635e-14,3.5,65006.25
2023-11-15,-3.9968028886505635e-14,3.75,65010.0
2023-11-15,-3.9968028886505635e-14,4.0,65014.0
2023-11-15,-3.9968028886505635e-14,4.25,65018.25
2023-11-15,-3.9968028886505635e-14,4.5,65022.75
2023-11-15,-3.9968028886505635e-14,4.75,65027.5
2023-11-15,-3.9968028886505635e-14,5.0,65032.5
2023-11-15,-3.9968028886505635e-14,5.25,65037.75
2023-11-15,-3.9968028886505635e-14,5.5,65043.25
2023-11-15,-3.9968028886505635e-14,5.75,65049.0
2023-11-15,-3.9968028886505635e-14,6.0,65055.0
2023-11-15,-3.9968028886505635e-14,6.25,65061.25
2023-11-15,-3.9968028886505635e-14,6.5,65067.75
2023-11-15,-3.9968028886505635e-14,6.75,65074.5
2023-11-15,-3.9968028886505635e-14,7.0,65081.5
2023-11-15,5.843350549634438,7.25,65088.75
2023-11-15,5.843350549634438,7.5,65096.25
2023-11-15,5.843350549634438,7.75,65104.0
2023-11-15,5.843350549634438,8.0,65112.0
2023-11-15,5.843350549634438,8.25,65120.25
2023-11-15,5.843350549634438,8.5,65128.75
2023-11-15,5.843350549634438,8.75,65137.5
2023-11-15,5.843350549634438,9.0,65146.5
2023-11-15,7.537137364954124,9.25,65155.75
2023-11-15,7.537137364954124,9.5,65165.25
2023-11-15,9.883036805893816,9.75,65175.0
2023-11-15,9.883036805893816,10.0,65185.0
2023-11-15,9.883036805893816,10.25,65195.25
2023-11-15,9.883036805893816,10.5,65205.75
2023-11-15,9.883036805893816,10.75,65216.5
2023-11-15,9.883036805893816,11.0,65227.5
2023-11-15,9.883036805893816,11.25,65238.75
2023-11-15,9.883036805893816,11.5,65250.25
2023-11-15,9.883036805893816,11.75,65262.0
2023-11-15,9.883036805893816,12.0,65274.0
2023-11-15,9.883036805893816,12.25,65286.25
2023-11-15,9.883036805893816,12.5,65298.75
2023-11-15,9.883036805893816,12.75,65311.5
2023-11-15,9.883036805893816,13.0,65324.5
2023-11-15,9.883036805893816,13.25,65337.75
2023-11-15,9.883036805893816,13.5,65351.25
2023-11-15,9.883036805893816,13.75,65365.0
2023-11-15,9.883036805893816,14.0,65379.0
2023-11-15,9.883036805893816,14.25,65393.25
2023-11-15,9.883036805893816,14.5,65407.75
2023-11-15,9.883036805893816,14.75,65422.5
2023-11-15,4.039686256259339,15.0,65437.5
2023-11-15,4.039686256259339,15.25,65452.75
2023-11-15,4.039686256259339,15.5,65468.25
2023-11-15,4.039686256259339,15.75,65484.0
2023-11-15,4.039686256259339,16.0,65500.0
2023-11-15,2.345899440939652,16.25,65516.25
2023-11-15,2.345899440939652,16.5,65532.75
2023-11-15,2.345899440939652,16.75,65549.5
2023-11-15,2.345899440939652,17.0,65566.5
2023-11-15,2.345899440939652,17.25,65583.75
2023-11-15,2.345899440939652,17.5,65601.25
2023-11-15,2.345899440939652,17.75,65619.0
2023-11-15,2.345899440939652,18.0,65637.0
2023-11-15,2.345899440939652,18.25,65655.25
2023-11-15,2.345899440939652,18.5,65673.75
2023-11-15,2.345899440939652,18.75,65692.5
2023-11-15,2.345899440939652,19.0,65711.5
2023-11-15,2.345899440939652,19.25,65730.75
2023-11-15,2.345899440939652,19.5,65750.25
2023-11-15,2.345899440939652,19.75,65770.0
2023-11-15,2.345899440939652,20.0,65790.0
2023-11-15,2.345899440939652,20.25,65810.25
2023-11-15,2.345899440939652,20.5,65830.75
2023-11-15,2.345899440939652,20.75,65851.5
2023-11-15,2.345899440939652,21.0,65872.5
2023-11-15,-4.085620730620576e-14,21.25,65893.75
2023-11-15,-4.085620730620576e-14,21.5,65915.25
2023-11-15,-4.085620730620576e-14,21.75,65937.0
2023-11-15,-4.085620730620576e-14,22.0,65959.0
2023-11-15,-4.085620730620576e-14,22.25,65981.25
2023-11-15,-4.085620730620576e-14,22.5,66003.75
2023-11-15,-4.085620730620576e-14,22.75,66026.5
2023-11-15,-4.085620730620576e-14,23.0,66049.5
2023-11-15,-4.085620730620576e-14,23.25,66072.75
2023-11-15,-4.085620730620576e-14,23.5,66096.25
2023-11-15,-4.085620730620576e-14,23.75,66120.0
2023-11-16,-4.085620730620576e-14,0.0,66120.0
2023-11-16,-4.085620730620576e-14,0.25,66120.25
2023-11-16,-4.085620730620576e-14,0.5,66120.75
2023-11-16,-4.085620730620576e-14,0.75,66121.5
2023-11-16,-4.085620730620576e-14,1.0,66122.5
2023-11-16,-4.085620730620576e-14,1.25,66123.75
2023-11-16,-4.085620730620576e-14,1.5,66125.25
2023-11-16,-4.085620730620576e-14,1.75,66127.0
2023-11-16,-4.085620730620576e-14,2.0,66129.0
2023-11-16,-4.085620730620576e-14,2.25,66131.25
2023-11-16,-4.085620730620576e-14,2.5,66133.75
2023-11-16,-4.085620730620576e-14,2.75,66136.5
2023-11-16,-4.085620730620576e-14,3.0,66139.5
2023-11-16,-4.085620730620576e-14,3.25,66142.75
2023-11-16,-4.085620730620576e-14,3.5,66146.25
2023-11-16,-4.085620730620576e-14,3.75,66150.0
2023-11-16,-4.085620730620576e-14,4.0,66154.0
2023-11-16,-4.085620730620576e-14,4.25,66158.25
2023-11-16,-4.085620730620576e-14,4.5,66162.75
2023-11-16,-4.085620730620576e-14,4.75,66167.5
2023-11-16,-4.085620730620576e-14,5.0,66172.5
2023-11-16,-4.085620730620576e-14,5.25,66177.75
2023-11-16,-4.085620730620576e-14,5.5,66183.25
2023-11-16,-4.085620730620576e-14,5.75,66189.0
2023-11-16,-4.085620730620576e-14,6.0,66195.0
2023-11-16,-4.085620730620576e-14,6.25,66201.25
2023-11-16,-4.085620730620576e-14,6.5,66207.75
2023-11-16,-4.085620730620576e-14,6.75,66214.5
2023-11-16,-4.085620730620576e-14,7.0,66221.5
2023-11-16,-4.085620730620576e-14,7.25,66228.75
2023-11-16,-4.085620730620576e-14,7.5,66236.25
2023-11-16,6.367233990931077,7.75,66244.0
2023-11-16,12.513273565545468,8.0,66252.0
2023-11-16,12.513273565545468,8.25,66260.25
2023-11-16,12.513273565545468,8.5,66268.75
2023-11-16,12.513273565545468,8.75,66277.5
2023-11-16,12.513273565545468,9.0,66286.5
2023-11-16,18.35271558407899,9.25,66295.75
2023-11-16,23.73628980798718,9.5,66305.25
2023-11-16,23.73628980798718,9.75,66315.0
2023-11-16,23.73628980798718,10.0,66325.0
2023-11-16,29.761695454003114,10.25,66335.25
2023-11-16,29.761695454003114,10.5,66345.75
2023-11-16,23.394461463071995,10.75,66356.5
2023-11-16,30.26702046377364,11.0,66367.5
2023-11-16,24.12098088915925,11.25,66378.75
2023-11-16,26.98750135266279,11.5,66390.25
2023-11-16,27.239757211152053,11.75,66402.0
2023-11-16,27.239757211152053,12.0,66414.0
2023-11-16,26.742216321297313,12.25,66426.25
2023-11-16,26.742216321297313,12.5,66438.75
2023-11-16,26.742216321297313,12.75,66451.5
2023-11-16,26.742216321297313,13.0,66464.5
2023-11-16,26.742216321297313,13.25,66477.75
2023-11-16,20.367198210450407,13.5,66491.25
2023-11-16,20.367198210450407,13.75,66505.0
2023-11-16,20.367198210450407,14.0,66519.0
2023-11-16,20.367198210450407,14.25,66533.25
2023-11-16,20.367198210450407,14.5,66547.75
2023-11-16,20.367198210450407,14.75,66562.5
2023-11-16,20.367198210450407,15.0,66577.5
2023-11-16,20.367198210450407,15.25,66592.75
2023-11-16,20.367198210450407,15.5,66608.25
2023-11-16,26.242460014961033,15.75,66624.0
2023-11-16,20.858885791052842,16.0,66640.0
2023-11-16,20.858885791052842,16.25,66656.25
2023-11-16,14.833480145036908,16.5,66672.75
2023-11-16,11.966959681533368,16.75,66689.5
2023-11-16,11.966959681533368,17.0,66706.5
2023-11-16,14.868738526207604,17.25,66723.75
2023-11-16,20.769352933445077,17.5,66741.25
2023-11-16,20.769352933445077,17.75,66759.0
2023-11-16,14.894091128934452,18.0,66777.0
2023-11-16,14.894091128934452,18.25,66795.25
2023-11-16,14.894091128934452,18.5,66813.75
2023-11-16,8.993476721696979,18.75,66832.5
2023-11-16,8.993476721696979,19.0,66851.5
2023-11-16,8.993476721696979,19.25,66870.75
2023-11-16,8.993476721696979,19.5,66890.25
2023-11-16,2.901778844674195,19.75,66910.0
2023-11-16,2.901778844674195,20.0,66930.0
2023-11-16,2.901778844674195,20.25,66950.25
2023-11-16,2.901778844674195,20.5,66970.75
2023-11-16,2.901778844674195,20.75,66991.5
2023-11-16,2.901778844674195,21.0,67012.5
2023-11-16,2.901778844674195,21.25,67033.75
2023-11-16,2.901778844674195,21.5,67055.25
2023-11-16,2.901778844674195,21.75,67077.0
2023-11-16,2.901778844674195,22.0,67099.0
2023-11-16,6.401449126764371,22.25,67121.25
2023-11-16,6.401449126764371,22.5,67143.75
2023-11-16,6.401449126764371,22.75,67166.5
2023-11-16,6.401449126764371,23.0,67189.5
2023-11-16,-4.263256414560601e-14,23.25,67212.75
2023-11-16,-4.263256414560601e-14,23.5,67236.25
2023-11-16,-4.263256414560601e-14,23.75,67260.0
2023-11-17,-4.263256414560601e-14,0.0,67260.0
2023-11-17,-4.263256414560601e-14,0.25,67260.25
2023-11-17,-4.263256414560601e-14,0.5,67260.75
2023-11-17,-4.263256414560601e-14,0.75,67261.5
2023-11-17,-4.263256414560601e-14,1.0,67262.5
2023-11-17,-4.263256414560601e-14,1.25,67263.75
2023-11-17,-4.263256414560601e-14,1.5,67265.25
2023-11-17,-4.263256414560601e-14,1.75,67267.0
2023-11-17,-4.263256414560601e-14,2.0,67269.0
2023-11-17,-4.263256414560601e-14,2.25,67271.25
2023-11-17,-4.263256414560601e-14,2.5,67273.75
2023-11-17,-4.263256414560601e-14,2.75,67276.5
2023-11-17,-4.263256414560601e-14,3.0,67279.5
2023-11-17,-4.263256414560601e-14,3.25,67282.75
2023-11-17,-4.263256414560601e-14,3.5,67286.25
2023-11-17,-4.263256414560601e-14,3.75,67290.0
2023-11-17,-4.263256414560601e-14,4.0,67294.0
2023-11-17,-4.263256414560601e-14,4.25,67298.25
2023-11-17,-4.263256414560601e-14,4.5,67302.75
2023-11-17,-4.263256414560601e-14,4.75,67307.5
2023-11-17,-4.263256414560601e-14,5.0,67312.5
2023-11-17,-4.263256414560601e-14,5.25,67317.75
2023-11-17,-4.263256414560601e-14,5.5,67323.25
2023-11-17,-4.263256414560601e-14,5.75,67329.0
2023-11-17,-4.263256414560601e-14,6.0,67335.0
2023-11-17,-4.263256414560601e-14,6.25,67341.25
2023-11-17,-4.263256414560601e-14,6.5,67347.75
2023-11-17,-4.263256414560601e-14,6.75,67354.5
2023-11-17,-4.263256414560601e-14,7.0,67361.5
2023-11-17,4.759478091978073,7.25,67368.75
2023-11-17,4.759478091978073,7.5,67376.25
2023-11-17,10.512502871393723,7.75,67384.0
2023-11-17,10.512502871393723,8.0,67392.0
2023-11-17,10.512502871393723,8.25,67400.25
2023-11-17,10.512502871393723,8.5,67408.75
2023-11-17,10.512502871393723,8.75,67417.5
2023-11-17,18.674165619758586,9.0,67426.5
2023-11-17,12.921140840342936,9.25,67435.75
2023-11-17,12.921140840342936,9.5,67445.25
2023-11-17,12.921140840342936,9.75,67455.0
2023-11-17,12.921140840342936,10.0,67465.0
2023-11-17,12.921140840342936,10.25,67475.25
2023-11-17,12.921140840342936,10.5,67485.75
2023-11-17,12.921140840342936,10.75,67496.5
2023-11-17,12.921140840342936,11.0,67507.5
2023-11-17,12.921140840342936,11.25,67518.75
2023-11-17,12.921140840342936,11.5,67530.25
2023-11-17,12.921140840342936,11.75,67542.0
2023-11-17,12.921140840342936,12.0,67554.0
2023-11-17,12.921140840342936,12.25,67566.25
2023-11-17,12.921140840342936,12.5,67578.75
2023-11-17,12.921140840342936,12.75,67591.5
2023-11-17,12.921140840342936,13.0,67604.5
2023-11-17,15.525872181684711,13.25,67617.75
2023-11-17,15.525872181684711,13.5,67631.25
2023-11-17,15.525872181684711,13.75,67645.0
2023-11-17,15.525872181684711,14.0,67659.0
2023-11-17,15.525872181684711,14.25,67673.25
2023-11-17,15.525872181684711,14.5,67687.75
2023-11-17,15.525872181684711,14.75,67702.5
2023-11-17,12.921140840342936,15.0,67717.5
2023-11-17,14.755563001295387,15.25,67732.75
2023-11-17,14.755563001295387,15.5,67748.25
2023-11-17,14.755563001295387,15.75,67764.0
2023-11-17,14.755563001295387,16.0,67780.0
2023-11-17,13.11818872628894,16.25,67796.25
2023-11-17,8.358710634310825,16.5,67812.75
2023-11-17,1.8344221609524087,16.75,67829.5
2023-11-17,1.8344221609524087,17.0,67846.5
2023-11-17,1.8344221609524087,17.25,67863.75
2023-11-17,1.8344221609524087,17.5,67881.25
2023-11-17,-4.3298697960381105e-14,17.75,67899.0
2023-11-17,-4.3298697960381105e-14,18.0,67917.0
2023-11-17,-4.3298697960381105e-14,18.25,67935.25
2023-11-17,2.936036350926206,18.5,67953.75
2023-11-17,-4.3076653355456074e-14,18.75,67972.5
2023-11-17,-4.3076653355456074e-14,19.0,67991.5
2023-11-17,-4.3076653355456074e-14,19.25,68010.75
2023-11-17,-4.3076653355456074e-14,19.5,68030.25
2023-11-17,-4.3076653355456074e-14,19.75,68050.0
2023-11-17,-4.3076653355456074e-14,20.0,68070.0
2023-11-17,-4.3076653355456074e-14,20.25,68090.25
2023-11-17,-4.3076653355456074e-14,20.5,68110.75
2023-11-17,-4.3076653355456074e-14,20.75,68131.5
2023-11-17,-4.3076653355456074e-14,21.0,68152.5
2023-11-17,-4.3076653355456074e-14,21.25,68173.75
2023-11-17,-4.3076653355456074e-14,21.5,68195.25
2023-11-17,-4.3076653355456074e-14,21.75,68217.0
2023-11-17,-4.3076653355456074e-14,22.0,68239.0
2023-11-17,-4.3076653355456074e-14,22.25,68261.25
2023-11-17,-4.3076653355456074e-14,22.5,68283.75
2023-11-17,-4.3076653355456074e-14,22.75,68306.5
2023-11-17,-4.3076653355456074e-14,23.0,68329.5
2023-11-17,-4.3076653355456074e-14,23.25,68352.75
2023-11-17,-4.3076653355456074e-14,23.5,68376.25
2023-11-17,-4.3076653355456074e-14,23.75,68400.0
